[Licensing::Module] Trying to connect to existing licensing client channel...
Built from '6000.5/staging' branch; Version is '6000.5.3f1 (c2eb47b3a2a9) revision 12774215'; Using compiler version '194234433'; Build Type 'Release'
[Licensing::IpcConnector] Successfully connected to: "LicenseClient-EdwinLiu" at "2026-09-07T05:08:44.7304748Z"
OS: 'Windows 11  (10.0.26200) Professional' Language: 'en' Physical Memory: 63093 MB
BatchMode: 1, IsHumanControllingUs: 0, StartBugReporterOnCrash: 0, Is64bit: 1
System  architecture: x64
Process architecture: x64
Date: 2026-09-07T05:08:44Z
[Licensing::Client] Code 10 while verifying Licensing Client signature (process Id: 19788, path: "C:/Program Files/Unity/Hub/Editor/6000.5.3f1/Editor/Data/Resources/Licensing/Client/Unity.Licensing.Client.exe")
[Licensing::Module] LicensingClient has failed validation; ignoring
[Licensing::Client] Handshaking with LicensingClient:
  Version:                 1.18.1+9fbee8e
  Session Id:              0f494c47a2314848a166e4f12beca6cd
  Correlation Id:          f67a710b89e1f3c1d917fcc59a6f33e8
  External correlation Id: 364180261873400386
  Machine Id:              MJG4Dns3Y2LQUo/hVNx+x9fUTGY=
[Licensing::Module] Successfully connected to LicensingClient on channel: "LicenseClient-EdwinLiu" (connect: 0.00s, validation: 0.00s, handshake: 0.03s)
[Licensing::IpcConnector] Successfully connected to: "LicenseClient-EdwinLiu-notifications" at "2026-09-07T05:08:44.7605516Z"
[Licensing::Module] Error: Access token is unavailable; failed to update
[Licensing::Client] Successfully resolved entitlement details
[Licensing::Module] License group:
  Id: ewogICJzdWJzR3JvdXAiIDogInVuaXR5IGVkaXRvciIsCiAgIm5hbWVzcGFjZSIgOiAidW5pdHlfZWRpdG9yIiwKICAidHlwZSIgOiAiRURJVE9SIiwKICAidGFnIiA6ICJVbml0eVBlcnNvbmFsXXXX
  Product: Unity Personal Version
  Type: Assigned
  Expiration: Unlimited
[Licensing::Client] Successfully updated license, isAsync: True, time: 0.00
[Licensing::Module] Licensing Background thread has ended after 0.03s

COMMAND LINE ARGUMENTS:
C:\Program Files\Unity\Hub\Editor\6000.5.3f1\Editor\Unity.exe
-batchmode
-nographics
-projectPath
C:/Users/EdwinLiu/Downloads/opt-next-layout-envelope/BenchmarkProject
-runTests
-testPlatform
EditMode
-testResults
C:/Users/EdwinLiu/Documents/Codex/2026-09-07/opt-next-layout-envelope/work/editmode.xml
-logFile
C:/Users/EdwinLiu/Documents/Codex/2026-09-07/opt-next-layout-envelope/work/editmode.log
Successfully changed project path to: C:/Users/EdwinLiu/Downloads/opt-next-layout-envelope/BenchmarkProject
C:/Users/EdwinLiu/Downloads/opt-next-layout-envelope/BenchmarkProject
[UnityMemory] Configuration Parameters - Can be set up in boot.config
    "memorysetup-temp-allocator-size-gi-baking-worker=262144"
    "memorysetup-temp-allocator-size-gi-baking-worker=262144"
    "memorysetup-temp-allocator-size-gi-baking-worker=262144"
    "memorysetup-temp-allocator-size-gi-baking-worker=262144"
    "memorysetup-temp-allocator-size-gi-baking-worker=262144"
    "memorysetup-temp-allocator-size-nav-mesh-worker=65536"
    "memorysetup-temp-allocator-size-audio-worker=65536"
    "memorysetup-temp-allocator-size-cloud-worker=32768"
    "memorysetup-temp-allocator-size-gfx=262144"
    "memorysetup-temp-allocator-size-preload-manager=33554432"
    "memorysetup-allocator-temp-initial-block-size-main=262144"
    "memorysetup-allocator-temp-initial-block-size-worker=262144"
    "memorysetup-temp-allocator-size-job-worker=262144"
    "memorysetup-temp-allocator-size-background-worker=32768"
    "memorysetup-bucket-allocator-granularity=16"
    "memorysetup-bucket-allocator-bucket-count=8"
    "memorysetup-bucket-allocator-block-size=33554432"
    "memorysetup-bucket-allocator-block-count=8"
    "memorysetup-main-allocator-block-size=16777216"
    "memorysetup-thread-allocator-block-size=16777216"
    "memorysetup-main-allocator-mimalloc-enabled=0"
    "memorysetup-gfx-main-allocator-block-size=16777216"
    "memorysetup-gfx-thread-allocator-block-size=16777216"
    "memorysetup-cache-allocator-block-size=4194304"
    "memorysetup-typetree-allocator-block-size=2097152"
    "memorysetup-profiler-bucket-allocator-granularity=16"
    "memorysetup-profiler-bucket-allocator-bucket-count=8"
    "memorysetup-profiler-bucket-allocator-block-size=33554432"
    "memorysetup-profiler-bucket-allocator-block-count=8"
    "memorysetup-profiler-allocator-block-size=16777216"
    "memorysetup-profiler-editor-allocator-block-size=1048576"
    "memorysetup-temp-allocator-size-main=16777216"
    "memorysetup-job-temp-allocator-block-size=2097152"
    "memorysetup-job-temp-allocator-block-size-background=1048576"
    "memorysetup-job-temp-allocator-reduction-small-platforms=262144"
Logging is directed to a specific file, skipping project log.Player connection [22544]  Target information:

Player connection [22544]  * "[IP] 192.168.1.46 [Port] 55504 [Flags] 2 [Guid] 3741774960 [EditorId] 3741774960 [Version] 1048832 [Id] WindowsEditor(7,LDR-UAV) [Debug] 1 [PackageName] WindowsEditor [ProjectName] Editor" 

Player connection [22544] Host joined multi-casting on [225.0.0.222:54997]...
Player connection [22544] Host joined alternative multi-casting on [225.0.0.222:34997]...
Input System module state changed to: Initialized.
[Physics::Module] Initialized fallback backend.
[Physics::Module] Id: 0xdecafbad
[Package Manager] Connected to IPC stream "Upm-35212" after 0.2 seconds.
[Licensing::Client] Successfully resolved entitlement details
Library Redirect Path: Library/
Rebuilding Library because the asset database could not be found!
[Physics::Module] Selected backend.
[Physics::Module] Name: PhysX
[Physics::Module] Id: 0xf2b8ea05
[Physics::Module] SDK Version: 4.1.2
[Physics::Module] Integration Version: 1.0.0
[Physics::Module] Threading Mode: Multi-Threaded
Initialize engine version: 6000.5.3f1 (c2eb47b3a2a9)
[Subsystems] Discovering subsystems at path C:/Program Files/Unity/Hub/Editor/6000.5.3f1/Editor/Data/Resources/UnitySubsystems
[Subsystems] Discovering subsystems at path C:/Users/EdwinLiu/Downloads/opt-next-layout-envelope/BenchmarkProject/Assets
Forcing GfxDevice: Null
GfxDevice: creating device client; kGfxThreadingModeNonThreaded
NullGfxDevice:
    Version:  NULL 1.0 [1.0]
    Renderer: Null Device
    Vendor:   Unity Technologies
Initialize mono
Mono path[0] = 'C:/Program Files/Unity/Hub/Editor/6000.5.3f1/Editor/Data/Managed'
Mono path[1] = 'C:/Program Files/Unity/Hub/Editor/6000.5.3f1/Editor/Data/BCLExtensions/runtime/netstandard2.1'
Mono path[2] = 'C:/Program Files/Unity/Hub/Editor/6000.5.3f1/Editor/Data/MonoBleedingEdge/lib/mono/unityjit-win32'
Mono config path = 'C:/Program Files/Unity/Hub/Editor/6000.5.3f1/Editor/Data/MonoBleedingEdge/etc'
Using monoOptions --debugger-agent=transport=dt_socket,embedding=1,server=y,suspend=n,address=127.0.0.1:56212
CodeReloadManager initialized
ImportWorker Server TCP listen port: 0
AcceleratorClientConnectionCallback - disconnected - :0
Begin MonoManager ReloadAssembly
Registering precompiled unity dll's ...
Register platform support module: C:/Program Files/Unity/Hub/Editor/6000.5.3f1/Editor/Data/PlaybackEngines/WebGLSupport/UnityEditor.WebGL.Extensions.dll
Register platform support module: C:/Program Files/Unity/Hub/Editor/6000.5.3f1/Editor/Data/PlaybackEngines/WindowsStandaloneSupport/UnityEditor.WindowsStandalone.Extensions.dll
Registered in 0.003998 seconds.
Native extension for WindowsStandalone target not found
Native extension for WebGL target not found
Package Manager log level set to [2]
ScheduleIndexationOnStartup MainProcess:False IndexOnStartup:False
Mono: successfully reloaded assembly
- Finished resetting the current domain, in  0.311 seconds
Domain Reload Profiling: 727ms
	BeginReloadAssembly (112ms)
	RebuildCommonClasses (6ms)
	RebuildNativeTypeToScriptingClass (20ms)
	initialDomainReloadingComplete (55ms)
	LoadAllAssembliesAndSetupDomain (222ms)
		LoadAssemblies (116ms)
		AnalyzeDomain (158ms)
			TypeCache.Refresh (156ms)
				TypeCache.ScanAssembly (145ms)
	FinalizeReload (313ms)
		SetupLoadedEditorAssemblies (0ms)
			BeforeProcessingInitializeOnLoad (63ms)
			ProcessInitializeOnLoadAttributes (75ms)
			ProcessInitializeOnLoadMethodAttributes (120ms)
[Licensing::Client] Successfully resolved entitlement details
Application.AssetDatabase Initial Refresh Start
[Package Manager] Done resolving packages in 8.32 seconds
[Licensing::Client] Successfully resolved entitlement details
[Package Manager] Registered 45 packages:
  Packages from [https://packages.unity.com]:
    com.unity.burst@1.8.29 (location: C:\Users\EdwinLiu\Downloads\opt-next-layout-envelope\BenchmarkProject\Library\PackageCache\com.unity.burst@6bb9aca3ef38)
    com.unity.nuget.mono-cecil@1.11.6 (location: C:\Users\EdwinLiu\Downloads\opt-next-layout-envelope\BenchmarkProject\Library\PackageCache\com.unity.nuget.mono-cecil@ecb9724e46ff)
    com.unity.test-framework.performance@3.5.0 (location: C:\Users\EdwinLiu\Downloads\opt-next-layout-envelope\BenchmarkProject\Library\PackageCache\com.unity.test-framework.performance@8b56083ec0f0)
  Built-in packages:
    com.unity.collections@6.5.0 (location: C:\Users\EdwinLiu\Downloads\opt-next-layout-envelope\BenchmarkProject\Library\PackageCache\com.unity.collections@a43cabe808ca)
    com.unity.mathematics@1.4.0 (location: C:\Users\EdwinLiu\Downloads\opt-next-layout-envelope\BenchmarkProject\Library\PackageCache\com.unity.mathematics@981956d94fb6)
    com.unity.test-framework@1.7.0 (location: C:\Users\EdwinLiu\Downloads\opt-next-layout-envelope\BenchmarkProject\Library\PackageCache\com.unity.test-framework@1405238725ab)
    com.unity.multiplayer.center@1.0.1 (location: C:\Users\EdwinLiu\Downloads\opt-next-layout-envelope\BenchmarkProject\Library\PackageCache\com.unity.multiplayer.center@b860850997d0)
    com.unity.modules.accessibility@1.0.0 (location: C:\Users\EdwinLiu\Downloads\opt-next-layout-envelope\BenchmarkProject\Library\PackageCache\com.unity.modules.accessibility)
    com.unity.modules.adaptiveperformance@1.0.0 (location: C:\Users\EdwinLiu\Downloads\opt-next-layout-envelope\BenchmarkProject\Library\PackageCache\com.unity.modules.adaptiveperformance)
    com.unity.modules.ai@1.0.0 (location: C:\Users\EdwinLiu\Downloads\opt-next-layout-envelope\BenchmarkProject\Library\PackageCache\com.unity.modules.ai)
    com.unity.modules.androidjni@1.0.0 (location: C:\Users\EdwinLiu\Downloads\opt-next-layout-envelope\BenchmarkProject\Library\PackageCache\com.unity.modules.androidjni)
    com.unity.modules.animation@1.0.0 (location: C:\Users\EdwinLiu\Downloads\opt-next-layout-envelope\BenchmarkProject\Library\PackageCache\com.unity.modules.animation)
    com.unity.modules.assetbundle@1.0.0 (location: C:\Users\EdwinLiu\Downloads\opt-next-layout-envelope\BenchmarkProject\Library\PackageCache\com.unity.modules.assetbundle)
    com.unity.modules.audio@1.0.0 (location: C:\Users\EdwinLiu\Downloads\opt-next-layout-envelope\BenchmarkProject\Library\PackageCache\com.unity.modules.audio)
    com.unity.modules.cloth@1.0.0 (location: C:\Users\EdwinLiu\Downloads\opt-next-layout-envelope\BenchmarkProject\Library\PackageCache\com.unity.modules.cloth)
    com.unity.modules.director@1.0.0 (location: C:\Users\EdwinLiu\Downloads\opt-next-layout-envelope\BenchmarkProject\Library\PackageCache\com.unity.modules.director)
    com.unity.modules.imageconversion@1.0.0 (location: C:\Users\EdwinLiu\Downloads\opt-next-layout-envelope\BenchmarkProject\Library\PackageCache\com.unity.modules.imageconversion)
    com.unity.modules.imgui@1.0.0 (location: C:\Users\EdwinLiu\Downloads\opt-next-layout-envelope\BenchmarkProject\Library\PackageCache\com.unity.modules.imgui)
    com.unity.modules.jsonserialize@1.0.0 (location: C:\Users\EdwinLiu\Downloads\opt-next-layout-envelope\BenchmarkProject\Library\PackageCache\com.unity.modules.jsonserialize)
    com.unity.modules.particlesystem@1.0.0 (location: C:\Users\EdwinLiu\Downloads\opt-next-layout-envelope\BenchmarkProject\Library\PackageCache\com.unity.modules.particlesystem)
    com.unity.modules.physics@1.0.0 (location: C:\Users\EdwinLiu\Downloads\opt-next-layout-envelope\BenchmarkProject\Library\PackageCache\com.unity.modules.physics)
    com.unity.modules.physics2d@1.0.0 (location: C:\Users\EdwinLiu\Downloads\opt-next-layout-envelope\BenchmarkProject\Library\PackageCache\com.unity.modules.physics2d)
    com.unity.modules.physicscore2d@1.0.0 (location: C:\Users\EdwinLiu\Downloads\opt-next-layout-envelope\BenchmarkProject\Library\PackageCache\com.unity.modules.physicscore2d)
    com.unity.modules.screencapture@1.0.0 (location: C:\Users\EdwinLiu\Downloads\opt-next-layout-envelope\BenchmarkProject\Library\PackageCache\com.unity.modules.screencapture)
    com.unity.modules.terrain@1.0.0 (location: C:\Users\EdwinLiu\Downloads\opt-next-layout-envelope\BenchmarkProject\Library\PackageCache\com.unity.modules.terrain)
    com.unity.modules.terrainphysics@1.0.0 (location: C:\Users\EdwinLiu\Downloads\opt-next-layout-envelope\BenchmarkProject\Library\PackageCache\com.unity.modules.terrainphysics)
    com.unity.modules.tilemap@1.0.0 (location: C:\Users\EdwinLiu\Downloads\opt-next-layout-envelope\BenchmarkProject\Library\PackageCache\com.unity.modules.tilemap)
    com.unity.modules.ui@1.0.0 (location: C:\Users\EdwinLiu\Downloads\opt-next-layout-envelope\BenchmarkProject\Library\PackageCache\com.unity.modules.ui)
    com.unity.modules.uielements@1.0.0 (location: C:\Users\EdwinLiu\Downloads\opt-next-layout-envelope\BenchmarkProject\Library\PackageCache\com.unity.modules.uielements)
    com.unity.modules.umbra@1.0.0 (location: C:\Users\EdwinLiu\Downloads\opt-next-layout-envelope\BenchmarkProject\Library\PackageCache\com.unity.modules.umbra)
    com.unity.modules.unityanalytics@1.0.0 (location: C:\Users\EdwinLiu\Downloads\opt-next-layout-envelope\BenchmarkProject\Library\PackageCache\com.unity.modules.unityanalytics)
    com.unity.modules.unitywebrequest@1.0.0 (location: C:\Users\EdwinLiu\Downloads\opt-next-layout-envelope\BenchmarkProject\Library\PackageCache\com.unity.modules.unitywebrequest)
    com.unity.modules.unitywebrequestassetbundle@1.0.0 (location: C:\Users\EdwinLiu\Downloads\opt-next-layout-envelope\BenchmarkProject\Library\PackageCache\com.unity.modules.unitywebrequestassetbundle)
    com.unity.modules.unitywebrequestaudio@1.0.0 (location: C:\Users\EdwinLiu\Downloads\opt-next-layout-envelope\BenchmarkProject\Library\PackageCache\com.unity.modules.unitywebrequestaudio)
    com.unity.modules.unitywebrequesttexture@1.0.0 (location: C:\Users\EdwinLiu\Downloads\opt-next-layout-envelope\BenchmarkProject\Library\PackageCache\com.unity.modules.unitywebrequesttexture)
    com.unity.modules.unitywebrequestwww@1.0.0 (location: C:\Users\EdwinLiu\Downloads\opt-next-layout-envelope\BenchmarkProject\Library\PackageCache\com.unity.modules.unitywebrequestwww)
    com.unity.modules.vectorgraphics@1.0.0 (location: C:\Users\EdwinLiu\Downloads\opt-next-layout-envelope\BenchmarkProject\Library\PackageCache\com.unity.modules.vectorgraphics)
    com.unity.modules.vehicles@1.0.0 (location: C:\Users\EdwinLiu\Downloads\opt-next-layout-envelope\BenchmarkProject\Library\PackageCache\com.unity.modules.vehicles)
    com.unity.modules.video@1.0.0 (location: C:\Users\EdwinLiu\Downloads\opt-next-layout-envelope\BenchmarkProject\Library\PackageCache\com.unity.modules.video)
    com.unity.modules.wind@1.0.0 (location: C:\Users\EdwinLiu\Downloads\opt-next-layout-envelope\BenchmarkProject\Library\PackageCache\com.unity.modules.wind)
    com.unity.modules.xr@1.0.0 (location: C:\Users\EdwinLiu\Downloads\opt-next-layout-envelope\BenchmarkProject\Library\PackageCache\com.unity.modules.xr)
    com.unity.modules.subsystems@1.0.0 (location: C:\Users\EdwinLiu\Downloads\opt-next-layout-envelope\BenchmarkProject\Library\PackageCache\com.unity.modules.subsystems)
    com.unity.modules.hierarchycore@1.0.0 (location: C:\Users\EdwinLiu\Downloads\opt-next-layout-envelope\BenchmarkProject\Library\PackageCache\com.unity.modules.hierarchycore)
    com.unity.ext.nunit@2.1.0 (location: C:\Users\EdwinLiu\Downloads\opt-next-layout-envelope\BenchmarkProject\Library\PackageCache\com.unity.ext.nunit@44f7d31723bd)
  Local packages:
    com.yanagisawa.data-layout-calibrator@file:C:\Users\EdwinLiu\Downloads\opt-next-layout-envelope\Packages\com.yanagisawa.data-layout-calibrator (location: C:\Users\EdwinLiu\Downloads\opt-next-layout-envelope\Packages\com.yanagisawa.data-layout-calibrator)
[Subsystems] No new subsystems found in resolved package list.
[Package Manager] Done registering packages in 0.00 seconds
A meta data file (.meta) exists but its folder 'Assets/DataLayoutBenchmark' can't be found, and has been created. Empty directories cannot be stored in version control, so it's assumed that the meta data file is for an empty directory in version control. When moving or deleting folders outside of Unity, please ensure that the corresponding .meta file is moved or deleted along with it.
AcceleratorClientConnectionCallback - disconnected - :0
[API Updater] Processing imported assemblies took 68 ms (0/0 assembly(ies)).
Assembly Updater Post Process Assets time: 0.070651s
[ScriptCompilation] Requested script compilation because: Assembly Definition File(s) changed
[ScriptCompilation] Requested script compilation because: AssetDatabase observed changes in script compilation related files
Starting: C:\Program Files\Unity\Hub\Editor\6000.5.3f1\Editor\Data\Tools\BuildPipeline\bee_backend.exe --ipc --defer-dag-verification --dagfile="Library/Bee/1900b0aE.dag" --continue-on-failure --profile="Library/Bee/backend1.traceevents" ScriptAssemblies
WorkingDir: C:/Users/EdwinLiu/Downloads/opt-next-layout-envelope/BenchmarkProject
ExitCode: 4 Duration: 0s31ms
[             ] Require frontend run.  Library/Bee/1900b0aE.dag couldn't be loaded
Starting: C:\Program Files\Unity\Hub\Editor\6000.5.3f1\Editor\Data\netcorerun\netcorerun.exe "C:\Program Files\Unity\Hub\Editor\6000.5.3f1\Editor\Data\Tools\BuildPipeline\ScriptCompilationBuildProgram.exe" "Library/Bee/1900b0aE.dag.json" "Library/Bee/1900b0aE-inputdata.json" "Library\Bee\buildprogram0.traceevents"DisplayProgressbar: Compiling Scripts

WorkingDir: C:/Users/EdwinLiu/Downloads/opt-next-layout-envelope/BenchmarkProject
ExitCode: 0 Duration: 0s372ms
Starting: C:\Program Files\Unity\Hub\Editor\6000.5.3f1\Editor\Data\Tools\BuildPipeline\bee_backend.exe --ipc --defer-dag-verification --dagfile="Library/Bee/1900b0aE.dag" --continue-on-failure --dagfilejson="Library\Bee\1900b0aE.dag.json" --profile="Library/Bee/backend2.traceevents" ScriptAssemblies
WorkingDir: C:/Users/EdwinLiu/Downloads/opt-next-layout-envelope/BenchmarkProject
ExitCode: 0 Duration: 9s178ms
Finished compiling graph: 373 nodes, 4437 flattened edges (4021 ToBuild, 42 ToUse), maximum node priority 157
[  1/370    0s] WriteText Library/Bee/artifacts/1900b0aE.dag/Unity.Burst.UnityAdditionalFile.txt
[  2/370    0s] WriteText Library/Bee/artifacts/1900b0aE.dag/Unity.Burst.rsp2
[  3/370    0s] WriteText Library/Bee/artifacts/1900b0aE.dag/Unity.Mathematics.UnityAdditionalFile.txt
[  4/370    0s] WriteText Library/Bee/artifacts/1900b0aE.dag/Unity.Mathematics.rsp2
[  5/370    0s] MovedFromExtractor Library/Bee/artifacts/mvdfrm/UnityEngine.ShaderVariantAnalyticsModule.dll_E67B75BE5D7C94F6.mvfrm
[  6/370    0s] MovedFromExtractor Library/Bee/artifacts/mvdfrm/UnityEngine.ScreenCaptureModule.dll_FC137E562D70108E.mvfrm
[  7/370    0s] MovedFromExtractor Library/Bee/artifacts/mvdfrm/UnityEngine.PhysicsModule.dll_9F3BED9E13ABBECB.mvfrm
[  8/370    0s] MovedFromExtractor Library/Bee/artifacts/mvdfrm/UnityEngine.PropertiesModule.dll_6952E92DF13EF223.mvfrm
[  9/370    0s] MovedFromExtractor Library/Bee/artifacts/mvdfrm/UnityEngine.RuntimeInitializeOnLoadManagerInitializerModule.dll_C586C5FB4EC54C26.mvfrm
[ 10/370    0s] MovedFromExtractor Library/Bee/artifacts/mvdfrm/UnityEngine.ScriptingModule.dll_63F60B1DFC80587B.mvfrm
[ 11/370    0s] MovedFromExtractor Library/Bee/artifacts/mvdfrm/UnityEngine.PhysicsCore2DModule.dll_6FD81F40786D788C.mvfrm
[ 12/370    0s] MovedFromExtractor Library/Bee/artifacts/mvdfrm/UnityEngine.RenderAs2DModule.dll_AA8AABB3D0993C5A.mvfrm
[ 13/370    0s] MovedFromExtractor Library/Bee/artifacts/mvdfrm/UnityEngine.Physics2DModule.dll_997AA2481DF5A15D.mvfrm
[ 14/370    0s] MovedFromExtractor Library/Bee/artifacts/mvdfrm/UnityEngine.PhysicsBackendPhysXModule.dll_18A42597A9E575ED.mvfrm
[ 15/370    0s] MovedFromExtractor Library/Bee/artifacts/mvdfrm/UnityEngine.MultiplayerModule.dll_BB49D01AE954D76E.mvfrm
[ 16/370    0s] MovedFromExtractor Library/Bee/artifacts/mvdfrm/UnityEngine.ParticleSystemModule.dll_49C08EC53C0E2B15.mvfrm
[ 17/370    0s] MovedFromExtractor Library/Bee/artifacts/mvdfrm/UnityEngine.PerformanceReportingModule.dll_16A9E2F96622004E.mvfrm
[ 18/370    0s] MovedFromExtractor Library/Bee/artifacts/mvdfrm/UnityEngine.MathematicsModule.dll_60B66167A505412A.mvfrm
[ 19/370    0s] MovedFromExtractor Library/Bee/artifacts/mvdfrm/UnityEngine.MarshallingModule.dll_E40A522314B57748.mvfrm
[ 20/370    0s] MovedFromExtractor Library/Bee/artifacts/mvdfrm/UnityEngine.LocalizationModule.dll_7BB1F84896CFD7D9.mvfrm
[ 21/370    0s] MovedFromExtractor Library/Bee/artifacts/mvdfrm/UnityEngine.InsightsModule.dll_D4970AAC962CE5EB.mvfrm
[ 22/370    0s] MovedFromExtractor Library/Bee/artifacts/mvdfrm/UnityEngine.JSONSerializeModule.dll_E22BD0D11903E42C.mvfrm
[ 23/370    0s] MovedFromExtractor Library/Bee/artifacts/mvdfrm/UnityEngine.InputModule.dll_4B97E17095DE7D5E.mvfrm
[ 24/370    0s] MovedFromExtractor Library/Bee/artifacts/mvdfrm/UnityEngine.InputLegacyModule.dll_CCE6CEACC87EFFE7.mvfrm
[ 25/370    0s] MovedFromExtractor Library/Bee/artifacts/mvdfrm/UnityEngine.InputForUIModule.dll_3ECA0408DE742AA3.mvfrm
[ 26/370    0s] MovedFromExtractor Library/Bee/artifacts/mvdfrm/UnityEngine.ImageConversionModule.dll_F9F136822D955B15.mvfrm
[ 27/370    0s] MovedFromExtractor Library/Bee/artifacts/mvdfrm/UnityEngine.IMGUIModule.dll_1D81B926E5D7EC9B.mvfrm
[ 28/370    0s] MovedFromExtractor Library/Bee/artifacts/mvdfrm/UnityEngine.HotReloadModule.dll_CE1D705D582BC54A.mvfrm
[ 29/370    0s] MovedFromExtractor Library/Bee/artifacts/mvdfrm/UnityEngine.GridModule.dll_E801BAFA8A4CB286.mvfrm
[ 30/370    0s] MovedFromExtractor Library/Bee/artifacts/mvdfrm/UnityEngine.IdentifiersModule.dll_142B3B83F306180E.mvfrm
[ 31/370    0s] MovedFromExtractor Library/Bee/artifacts/mvdfrm/UnityEngine.HierarchyCoreModule.dll_F92EE46F8875DC98.mvfrm
[ 32/370    0s] MovedFromExtractor Library/Bee/artifacts/mvdfrm/UnityEngine.GraphicsStateCollectionSerializerModule.dll_8A98D2FD827C404A.mvfrm
[ 33/370    0s] MovedFromExtractor Library/Bee/artifacts/mvdfrm/UnityEngine.GameCenterModule.dll_3C17A9EF7E538DE7.mvfrm
[ 34/370    0s] MovedFromExtractor Library/Bee/artifacts/mvdfrm/UnityEngine.GIModule.dll_2635B479D83D2352.mvfrm
[ 35/370    0s] MovedFromExtractor Library/Bee/artifacts/mvdfrm/UnityEngine.DSPGraphModule.dll_4021A3857E10678D.mvfrm
[ 36/370    0s] MovedFromExtractor Library/Bee/artifacts/mvdfrm/UnityEngine.DirectorModule.dll_3AD0421C0BAF966C.mvfrm
[ 37/370    0s] MovedFromExtractor Library/Bee/artifacts/mvdfrm/UnityEngine.CrashReportingModule.dll_F6AE4578CDFC9F87.mvfrm
[ 38/370    0s] MovedFromExtractor Library/Bee/artifacts/mvdfrm/UnityEngine.UnityConnectModule.dll_AB283CEF485412C5.mvfrm
[ 39/370    0s] MovedFromExtractor Library/Bee/artifacts/mvdfrm/UnityEngine.ContentLoadModule.dll_D4B80CCEFF0FF1E3.mvfrm
[ 40/370    0s] MovedFromExtractor Library/Bee/artifacts/mvdfrm/UnityEngine.CoreModule.dll_0A909F0C71F81C8F.mvfrm
[ 41/370    0s] MovedFromExtractor Library/Bee/artifacts/mvdfrm/UnityEngine.ClusterRendererModule.dll_8DFF38D1AB70A321.mvfrm
[ 42/370    0s] MovedFromExtractor Library/Bee/artifacts/mvdfrm/UnityEngine.ClusterInputModule.dll_3D652DF5FF53E4E0.mvfrm
[ 43/370    0s] MovedFromExtractor Library/Bee/artifacts/mvdfrm/UnityEngine.AudioModule.dll_E52219C01FA658BA.mvfrm
[ 44/370    0s] MovedFromExtractor Library/Bee/artifacts/mvdfrm/UnityEngine.AssetBundleModule.dll_3BA1B38E308D49F6.mvfrm
[ 45/370    0s] MovedFromExtractor Library/Bee/artifacts/mvdfrm/UnityEngine.AnimationModule.dll_4CD4B2577CF8A9C8.mvfrm
[ 46/370    0s] MovedFromExtractor Library/Bee/artifacts/mvdfrm/UnityEngine.ClothModule.dll_4C0A76BAF9C3379E.mvfrm
[ 47/370    0s] MovedFromExtractor Library/Bee/artifacts/mvdfrm/UnityEngine.AndroidJNIModule.dll_11CA5FD4B8129CF6.mvfrm
[ 48/370    0s] MovedFromExtractor Library/Bee/artifacts/mvdfrm/UnityEngine.AdaptivePerformanceModule.dll_3E903E0AC729332E.mvfrm
[ 49/370    0s] MovedFromExtractor Library/Bee/artifacts/mvdfrm/UnityEngine.AccessibilityModule.dll_8214479519C883A2.mvfrm
[ 50/370    0s] MovedFromExtractor Library/Bee/artifacts/mvdfrm/UnityEngine.AIModule.dll_8DF96B6C3C8E3B38.mvfrm
[ 51/370    0s] MovedFromExtractor Library/Bee/artifacts/mvdfrm/UnityEditor.dll_2D16139C4519BAF1.mvfrm
[ 52/370    0s] MovedFromExtractor Library/Bee/artifacts/mvdfrm/UnityEngine.ARModule.dll_476C306F99AB9A01.mvfrm
[ 53/370    0s] MovedFromExtractor Library/Bee/artifacts/mvdfrm/UnityEditor.XRModule.dll_D08F6194584CDFEF.mvfrm
[ 54/370    0s] MovedFromExtractor Library/Bee/artifacts/mvdfrm/UnityEditor.VideoModule.dll_43FEE1C6B0BB43BA.mvfrm
[ 55/370    0s] MovedFromExtractor Library/Bee/artifacts/mvdfrm/UnityEditor.VFXModule.dll_6366B6C6F4D24047.mvfrm
[ 56/370    0s] MovedFromExtractor Library/Bee/artifacts/mvdfrm/UnityEditor.VectorGraphicsModule.dll_25E3635EB2280D53.mvfrm
[ 57/370    0s] MovedFromExtractor Library/Bee/artifacts/mvdfrm/UnityEditor.UIElementsSamplesModule.dll_D2EB163591D6354D.mvfrm
[ 58/370    0s] MovedFromExtractor Library/Bee/artifacts/mvdfrm/UnityEditor.UIElementsModule.dll_938177016EF32E20.mvfrm
[ 59/370    0s] MovedFromExtractor Library/Bee/artifacts/mvdfrm/UnityEditor.UIToolkitAuthoringModule.dll_C644AB250F332622.mvfrm
[ 60/370    0s] MovedFromExtractor Library/Bee/artifacts/mvdfrm/UnityEditor.UnityConnectModule.dll_BDC8B8E04DCC121A.mvfrm
[ 61/370    0s] MovedFromExtractor Library/Bee/artifacts/mvdfrm/UnityEditor.UmbraModule.dll_99CA09747B4FD388.mvfrm
[ 62/370    0s] MovedFromExtractor Library/Bee/artifacts/mvdfrm/UnityEditor.UIAutomationModule.dll_732F9A5AC55BF5C0.mvfrm
[ 63/370    0s] MovedFromExtractor Library/Bee/artifacts/mvdfrm/UnityEditor.TextCoreTextEngineModule.dll_DAD64D0980305B80.mvfrm
[ 64/370    0s] MovedFromExtractor Library/Bee/artifacts/mvdfrm/UnityEditor.UIBuilderModule.dll_D2D7E34B15544E56.mvfrm
[ 65/370    0s] MovedFromExtractor Library/Bee/artifacts/mvdfrm/UnityEditor.TreeModule.dll_451BC0C851B846A3.mvfrm
[ 66/370    0s] MovedFromExtractor Library/Bee/artifacts/mvdfrm/UnityEditor.U2DModule.dll_8F3F61AA2A6EA0A6.mvfrm
[ 67/370    0s] MovedFromExtractor Library/Bee/artifacts/mvdfrm/UnityEditor.TilemapModule.dll_660417E39C18017D.mvfrm
[ 68/370    0s] MovedFromExtractor Library/Bee/artifacts/mvdfrm/UnityEditor.TextCoreFontEngineModule.dll_92EE1697F0ACA262.mvfrm
[ 69/370    0s] MovedFromExtractor Library/Bee/artifacts/mvdfrm/UnityEditor.TextRenderingModule.dll_9911FE396BAF0D5E.mvfrm
[ 70/370    0s] MovedFromExtractor Library/Bee/artifacts/mvdfrm/UnityEditor.SubstanceModule.dll_282EC3083253AD2F.mvfrm
[ 71/370    0s] MovedFromExtractor Library/Bee/artifacts/mvdfrm/UnityEditor.SpriteMaskModule.dll_2495AF379D7F0A16.mvfrm
[ 72/370    0s] MovedFromExtractor Library/Bee/artifacts/mvdfrm/UnityEditor.SpriteShapeModule.dll_4F3D1159D3F5717B.mvfrm
[ 73/370    0s] MovedFromExtractor Library/Bee/artifacts/mvdfrm/UnityEditor.SketchUpModule.dll_27CE64EBD3165AFC.mvfrm
[ 74/370    0s] MovedFromExtractor Library/Bee/artifacts/mvdfrm/UnityEditor.TerrainModule.dll_C707B062845B2074.mvfrm
[ 75/370    0s] MovedFromExtractor Library/Bee/artifacts/mvdfrm/UnityEditor.ShaderFoundryModule.dll_8E4EAC413C01D893.mvfrm
[ 76/370    0s] MovedFromExtractor Library/Bee/artifacts/mvdfrm/UnityEditor.ShaderCompilationModule.dll_DEB978AD74DA2A1D.mvfrm
[ 77/370    0s] MovedFromExtractor Library/Bee/artifacts/mvdfrm/UnityEditor.ShaderBuildSettingsModule.dll_8626EFFD5EE3116B.mvfrm
[ 78/370    0s] MovedFromExtractor Library/Bee/artifacts/mvdfrm/UnityEditor.SceneTemplateModule.dll_4F6EDBFE19525C05.mvfrm
[ 79/370    0s] MovedFromExtractor Library/Bee/artifacts/mvdfrm/UnityEditor.SceneViewModule.dll_BCFF193697BEA230.mvfrm
[ 80/370    0s] MovedFromExtractor Library/Bee/artifacts/mvdfrm/UnityEditor.SafeModeModule.dll_3FB97F9B87E4BEE5.mvfrm
[ 81/370    0s] MovedFromExtractor Library/Bee/artifacts/mvdfrm/UnityEditor.QuickInstallModule.dll_A16DF9A96A6E9B33.mvfrm
[ 82/370    0s] MovedFromExtractor Library/Bee/artifacts/mvdfrm/UnityEditor.QuickSearchModule.dll_F7B8809CCE269504.mvfrm
[ 83/370    0s] MovedFromExtractor Library/Bee/artifacts/mvdfrm/UnityEditor.PresetsUIModule.dll_39B56F10A4F42D27.mvfrm
[ 84/370    0s] MovedFromExtractor Library/Bee/artifacts/mvdfrm/UnityEditor.PropertiesModule.dll_68A47BE5EEFAD8D8.mvfrm
[ 85/370    0s] MovedFromExtractor Library/Bee/artifacts/mvdfrm/UnityEditor.PlayModeModule.dll_85AD715526ADCE4C.mvfrm
[ 86/370    0s] MovedFromExtractor Library/Bee/artifacts/mvdfrm/UnityEditor.PhysicsModule.dll_ACC134F3AE9CD786.mvfrm
[ 87/370    0s] MovedFromExtractor Library/Bee/artifacts/mvdfrm/UnityEditor.PhysicsCore2DModule.dll_E3972D18FF74F567.mvfrm
[ 88/370    0s] MovedFromExtractor Library/Bee/artifacts/mvdfrm/UnityEditor.Physics2DModule.dll_E394B15F3875EF78.mvfrm
[ 89/370    0s] MovedFromExtractor Library/Bee/artifacts/mvdfrm/UnityEditor.MultiplayerModule.dll_B584008BD71AC6E9.mvfrm
[ 90/370    0s] MovedFromExtractor Library/Bee/artifacts/mvdfrm/UnityEditor.HierarchyModule.dll_6BC33D0A607B13E4.mvfrm
[ 91/370    0s] MovedFromExtractor Library/Bee/artifacts/mvdfrm/UnityEditor.MediaModule.dll_EAB576ED6C75B0A3.mvfrm
[ 92/370    0s] MovedFromExtractor Library/Bee/artifacts/mvdfrm/UnityEditor.LightingModule.dll_39C0F717DAD08811.mvfrm
[ 93/370    0s] MovedFromExtractor Library/Bee/artifacts/mvdfrm/UnityEditor.GridModule.dll_C4E0E7A7E247475B.mvfrm
[ 94/370    0s] MovedFromExtractor Library/Bee/artifacts/mvdfrm/UnityEditor.GridAndSnapModule.dll_7661E610F8B4559A.mvfrm
[ 95/370    0s] MovedFromExtractor Library/Bee/artifacts/mvdfrm/UnityEditor.MathematicsModule.dll_5AF091D892CB30A5.mvfrm
[ 96/370    0s] MovedFromExtractor Library/Bee/artifacts/mvdfrm/UnityEditor.GraphicsStateCollectionSerializerModule.dll_81A5060DB57CF6E5.mvfrm
[ 97/370    0s] MovedFromExtractor Library/Bee/artifacts/mvdfrm/UnityEditor.GraphViewModule.dll_7E4F362EA29BD522.mvfrm
[ 98/370    0s] MovedFromExtractor Library/Bee/artifacts/mvdfrm/UnityEditor.GIModule.dll_E7C722EA6CBFEF87.mvfrm
[ 99/370    0s] MovedFromExtractor Library/Bee/artifacts/mvdfrm/UnityEditor.GraphToolkitModule.dll_DE6B901519975B85.mvfrm
[100/370    0s] MovedFromExtractor Library/Bee/artifacts/mvdfrm/UnityEditor.EditorToolbarModule.dll_2BCF6B401A65B1CD.mvfrm
[101/370    0s] MovedFromExtractor Library/Bee/artifacts/mvdfrm/UnityEditor.DiagnosticsModule.dll_6CA8FF8F754F98AB.mvfrm
[102/370    0s] MovedFromExtractor Library/Bee/artifacts/mvdfrm/UnityEditor.EmbreeModule.dll_34BFD1AF4FE0EE2D.mvfrm
[103/370    0s] MovedFromExtractor Library/Bee/artifacts/mvdfrm/UnityEditor.GenericRemoteModule.dll_8BD4AB490274297C.mvfrm
[104/370    0s] MovedFromExtractor Library/Bee/artifacts/mvdfrm/UnityEditor.DeviceSimulatorModule.dll_885276603BB5959D.mvfrm
[105/370    0s] MovedFromExtractor Library/Bee/artifacts/mvdfrm/UnityEditor.CoreBusinessMetricsModule.dll_FDEBA2CEB22B0F23.mvfrm
[106/370    0s] MovedFromExtractor Library/Bee/artifacts/mvdfrm/UnityEditor.CoreModule.dll_E76FCBB9C9F2B164.mvfrm
[107/370    0s] MovedFromExtractor Library/Bee/artifacts/mvdfrm/UnityEditor.BuildProfileModule.dll_C28EAB6A28E82D00.mvfrm
[108/370    0s] MovedFromExtractor Library/Bee/artifacts/mvdfrm/UnityEditor.ContentLoadModule.dll_CEF23D3FECD5E15E.mvfrm
[109/370    0s] MovedFromExtractor Library/Bee/artifacts/mvdfrm/UnityEditor.ClothModule.dll_85DDBA56C84606F9.mvfrm
[110/370    0s] MovedFromExtractor Library/Bee/artifacts/mvdfrm/UnityEditor.AssetComplianceModule.dll_C12D864EB67179CA.mvfrm
[111/370    0s] MovedFromExtractor Library/Bee/artifacts/mvdfrm/UnityEditor.AdaptivePerformanceModule.dll_7E00A9548BE3E029.mvfrm
[112/370    0s] MovedFromExtractor Library/Bee/artifacts/mvdfrm/UnityEditor.AccessibilityModule.dll_F5D3556DA0D0007D.mvfrm
[113/370    0s] MovedFromExtractor Library/Bee/artifacts/mvdfrm/UnityEditor.AIModule.dll_4F8AD9DCD111076D.mvfrm
[114/370    0s] MovedFromExtractor Library/Bee/artifacts/mvdfrm/Unity.Scripting.dll_47388DFE1FDC74DD.mvfrm
[115/370    0s] MovedFromExtractor Library/Bee/artifacts/mvdfrm/UnityEngine.dll_5FBA5A74A38D47D6.mvfrm
[116/370    0s] MovedFromExtractor Library/Bee/artifacts/mvdfrm/UnityEngine.XRModule.dll_0EFDF323C3CA13BA.mvfrm
[117/370    0s] MovedFromExtractor Library/Bee/artifacts/mvdfrm/UnityEngine.WindModule.dll_80DF7A35032E9AF8.mvfrm
[118/370    0s] MovedFromExtractor Library/Bee/artifacts/mvdfrm/UnityEngine.VirtualTexturingModule.dll_2B6C404784373A6D.mvfrm
[119/370    0s] MovedFromExtractor Library/Bee/artifacts/mvdfrm/UnityEngine.VideoModule.dll_0A2B9E2AE238745F.mvfrm
[120/370    0s] MovedFromExtractor Library/Bee/artifacts/mvdfrm/UnityEngine.VectorGraphicsModule.dll_E107C4F9CE14A15E.mvfrm
[121/370    0s] MovedFromExtractor Library/Bee/artifacts/mvdfrm/UnityEngine.VehiclesModule.dll_B2933B9B85D96607.mvfrm
[122/370    0s] MovedFromExtractor Library/Bee/artifacts/mvdfrm/UnityEngine.UnityWebRequestWWWModule.dll_23F80DB882EDD6B7.mvfrm
[123/370    0s] MovedFromExtractor Library/Bee/artifacts/mvdfrm/UnityEngine.VFXModule.dll_6F88591A64824E4C.mvfrm
[124/370    0s] MovedFromExtractor Library/Bee/artifacts/mvdfrm/UnityEngine.UnityWebRequestTextureModule.dll_25C1580DB1B0597B.mvfrm
[125/370    0s] MovedFromExtractor Library/Bee/artifacts/mvdfrm/UnityEngine.UnityWebRequestModule.dll_0B903E2C3889F594.mvfrm
[126/370    0s] MovedFromExtractor Library/Bee/artifacts/mvdfrm/UnityEngine.UnityWebRequestAudioModule.dll_8EA636D7EC8CCAE6.mvfrm
[127/370    0s] MovedFromExtractor Library/Bee/artifacts/mvdfrm/UnityEngine.UnityWebRequestAssetBundleModule.dll_7B7C367184D784A2.mvfrm
[128/370    0s] MovedFromExtractor Library/Bee/artifacts/mvdfrm/UnityEngine.UnityConsentModule.dll_7CCDD41B555EA915.mvfrm
[129/370    0s] MovedFromExtractor Library/Bee/artifacts/mvdfrm/UnityEngine.UnityCurlModule.dll_7FF15388ED0C9BB5.mvfrm
[130/370    0s] MovedFromExtractor Library/Bee/artifacts/mvdfrm/UnityEngine.UnityAnalyticsModule.dll_695FFF8EE8357D11.mvfrm
[131/370    0s] MovedFromExtractor Library/Bee/artifacts/mvdfrm/UnityEditor.ProjectAuditorModule.dll_D950D78F74BA5C6A.mvfrm
[132/370    0s] MovedFromExtractor Library/Bee/artifacts/mvdfrm/UnityEngine.UnityAnalyticsCommonModule.dll_B1E8A03D800A9EAC.mvfrm
[133/370    0s] MovedFromExtractor Library/Bee/artifacts/mvdfrm/UnityEngine.UmbraModule.dll_5FF6C5D8ACCD042D.mvfrm
[134/370    0s] MovedFromExtractor Library/Bee/artifacts/mvdfrm/UnityEngine.UIModule.dll_896D099998D540E4.mvfrm
[135/370    0s] MovedFromExtractor Library/Bee/artifacts/mvdfrm/UnityEngine.U2DRuntimeModule.dll_60CDD3A83E668181.mvfrm
[136/370    0s] MovedFromExtractor Library/Bee/artifacts/mvdfrm/UnityEngine.TilemapModule.dll_587ED08E0126E8C2.mvfrm
[137/370    0s] MovedFromExtractor Library/Bee/artifacts/mvdfrm/UnityEngine.UIElementsModule.dll_942FE4497137476B.mvfrm
[138/370    0s] MovedFromExtractor Library/Bee/artifacts/mvdfrm/UnityEngine.TextCoreFontEngineModule.dll_114D91EB03AA612D.mvfrm
[139/370    0s] MovedFromExtractor Library/Bee/artifacts/mvdfrm/UnityEngine.TextRenderingModule.dll_2552F060E4A79083.mvfrm
[140/370    0s] MovedFromExtractor Library/Bee/artifacts/mvdfrm/UnityEngine.TextCoreTextEngineModule.dll_5935C85C932E1A4B.mvfrm
[141/370    0s] MovedFromExtractor Library/Bee/artifacts/mvdfrm/UnityEngine.TerrainPhysicsModule.dll_4A3B3798555125A2.mvfrm
[142/370    0s] MovedFromExtractor Library/Bee/artifacts/mvdfrm/UnityEngine.TerrainModule.dll_B982690CE96A07B9.mvfrm
[143/370    0s] MovedFromExtractor Library/Bee/artifacts/mvdfrm/UnityEngine.TLSModule.dll_EEA9C0AB8E14E4DF.mvfrm
[144/370    0s] MovedFromExtractor Library/Bee/artifacts/mvdfrm/UnityEngine.SubsystemsModule.dll_8FF182E16E0B0B74.mvfrm
[145/370    0s] MovedFromExtractor Library/Bee/artifacts/mvdfrm/UnityEngine.StreamingModule.dll_01699FA7CC806106.mvfrm
[146/370    0s] MovedFromExtractor Library/Bee/artifacts/mvdfrm/UnityEngine.SubstanceModule.dll_DE14B3F117D35F14.mvfrm
[147/370    0s] MovedFromExtractor Library/Bee/artifacts/mvdfrm/UnityEngine.SpriteShapeModule.dll_5502E0E8E62F8200.mvfrm
[148/370    0s] WriteText Library/Bee/artifacts/1900b0aE.dag/Unity.Burst.dll.mvfrm.rsp
[149/370    0s] WriteText Library/Bee/artifacts/1900b0aE.dag/Unity.Burst.rsp
[150/370    0s] WriteText Library/Bee/artifacts/1900b0aE.dag/Unity.Mathematics.dll.mvfrm.rsp
[151/370    0s] WriteText Library/Bee/artifacts/1900b0aE.dag/Unity.Mathematics.rsp
[152/370    0s] WriteText Library/Bee/artifacts/1900b0aE.dag/Unity.Collections.UnityAdditionalFile.txt
[153/370    0s] WriteText Library/Bee/artifacts/1900b0aE.dag/Unity.Collections.rsp2
[154/370    0s] WriteText Library/Bee/artifacts/1900b0aE.dag/UnityEngine.TestRunner.UnityAdditionalFile.txt
[155/370    0s] WriteText Library/Bee/artifacts/1900b0aE.dag/UnityEngine.TestRunner.rsp2
[156/370    0s] WriteText Library/Bee/artifacts/1900b0aE.dag/Unity.Collections.dll.mvfrm.rsp
[157/370    0s] WriteText Library/Bee/artifacts/1900b0aE.dag/Unity.Collections.rsp
[158/370    0s] WriteText Library/Bee/artifacts/1900b0aE.dag/UnityEngine.TestRunner.dll.mvfrm.rsp
[159/370    0s] WriteText Library/Bee/artifacts/1900b0aE.dag/UnityEngine.TestRunner.rsp
[160/370    0s] WriteText Library/Bee/artifacts/1900b0aE.dag/Unity.Collections.CodeGen.UnityAdditionalFile.txt
[161/370    0s] WriteText Library/Bee/artifacts/1900b0aE.dag/Unity.Burst.CodeGen.UnityAdditionalFile.txt
[162/370    0s] WriteText Library/Bee/artifacts/1900b0aE.dag/Unity.Burst.CodeGen.rsp2
[163/370    0s] WriteText Library/Bee/artifacts/1900b0aE.dag/Unity.Collections.CodeGen.rsp2
[164/370    0s] WriteText Library/Bee/artifacts/1900b0aE.dag/UnityEditor.TestRunner.rsp2
[165/370    0s] WriteText Library/Bee/artifacts/1900b0aE.dag/UnityEditor.TestRunner.UnityAdditionalFile.txt
[166/370    0s] MovedFromExtractor Library/Bee/artifacts/mvdfrm/UnityEngine.SpriteMaskModule.dll_25441C7F9FC32361.mvfrm
[167/370    0s] MovedFromExtractor Library/Bee/artifacts/mvdfrm/UnityEngine.SharedInternalsModule.dll_7E027557A4C35665.mvfrm
[168/370    0s] MovedFromExtractor Library/Bee/artifacts/mvdfrm/UnityEditor.Graphs.dll_D050BD47EF0ED796.mvfrm
[169/370    0s] MovedFromExtractor Library/Bee/artifacts/mvdfrm/UnityEditor.WebGL.Extensions.dll_669B1836C4CA9D8C.mvfrm
[170/370    0s] WriteText Library/Bee/artifacts/1900b0aE.dag/Yanagisawa.DataLayoutCalibrator.UnityAdditionalFile.txt
[171/370    0s] WriteText Library/Bee/artifacts/1900b0aE.dag/Yanagisawa.DataLayoutCalibrator.rsp2
[172/370    0s] MovedFromExtractor Library/Bee/artifacts/mvdfrm/UnityEditor.WindowsStandalone.Extensions.dll_28A87FBB6A341A7C.mvfrm
[173/370    0s] MovedFromExtractor Library/Bee/artifacts/mvdfrm/Unity.Collections.LowLevel.ILSupport.dll_1F35A6B2AE06B873.mvfrm
[174/370    0s] MovedFromExtractor Library/Bee/artifacts/mvdfrm/Unity.Burst.Unsafe.dll_21890BB978BF4350.mvfrm
[175/370    0s] MovedFromExtractor Library/Bee/artifacts/mvdfrm/UnityEngine.AMDModule.dll_F019FD4666E4698C.mvfrm
[176/370    0s] MovedFromExtractor Library/Bee/artifacts/mvdfrm/UnityEngine.HierarchyModule.dll_21A92DF345FAC5C9.mvfrm
[177/370    0s] MovedFromExtractor-Combine Library/Bee/artifacts/1900b0aE.dag/UnityEngine.TestRunner.dll.mvfrm
[178/370    0s] MovedFromExtractor Library/Bee/artifacts/mvdfrm/UnityEngine.NVIDIAModule.dll_8CD0E996AD7E08DB.mvfrm
[179/370    0s] MovedFromExtractor Library/Bee/artifacts/mvdfrm/Unity.CompilationPipeline.Common.dll_331AAC190AD62992.mvfrm
[180/370    0s] WriteText Library/Bee/artifacts/1900b0aE.dag/Unity.Burst.CodeGen.dll.mvfrm.rsp
[181/370    0s] WriteText Library/Bee/artifacts/1900b0aE.dag/Unity.Collections.CodeGen.dll.mvfrm.rsp
[182/370    0s] WriteText Library/Bee/artifacts/1900b0aE.dag/Unity.Burst.CodeGen.rsp
[183/370    0s] WriteText Library/Bee/artifacts/1900b0aE.dag/Unity.Collections.CodeGen.rsp
[184/370    0s] WriteText Library/Bee/artifacts/1900b0aE.dag/UnityEditor.TestRunner.dll.mvfrm.rsp
[185/370    0s] WriteText Library/Bee/artifacts/1900b0aE.dag/UnityEditor.TestRunner.rsp
[186/370    0s] WriteText Library/Bee/artifacts/1900b0aE.dag/Yanagisawa.DataLayoutCalibrator.dll.mvfrm.rsp
[187/370    0s] MovedFromExtractor-Combine Library/Bee/artifacts/1900b0aE.dag/Unity.Mathematics.dll.mvfrm
[188/370    0s] MovedFromExtractor Library/Bee/artifacts/mvdfrm/Unity.Burst.Cecil.dll_FAA4E5A1BE03D053.mvfrm
[189/370    0s] WriteText Library/Bee/artifacts/1900b0aE.dag/Yanagisawa.DataLayoutCalibrator.rsp
[190/370    0s] WriteText Library/Bee/artifacts/1900b0aE.dag/Yanagisawa.DataLayoutCalibrator.Samples.ParticleIntegrate.UnityAdditionalFile.txt
[191/370    0s] WriteText Library/Bee/artifacts/1900b0aE.dag/Yanagisawa.DataLayoutCalibrator.Samples.ParticleIntegrate.rsp2
[192/370    0s] WriteText Library/Bee/artifacts/1900b0aE.dag/Yanagisawa.DataLayoutCalibrator.Samples.TransformExport.rsp2
[193/370    0s] WriteText Library/Bee/artifacts/1900b0aE.dag/Yanagisawa.DataLayoutCalibrator.Samples.TransformExport.UnityAdditionalFile.txt
[194/370    0s] WriteResponseFile Library/Bee/artifacts/rsp/4747638433968585886.rsp
[195/370    0s] WriteText Library/Bee/artifacts/1900b0aE.dag/Unity.Multiplayer.Center.Common.rsp2
[196/370    0s] WriteText Library/Bee/artifacts/1900b0aE.dag/Unity.PerformanceTesting.UnityAdditionalFile.txt
[197/370    0s] WriteText Library/Bee/artifacts/1900b0aE.dag/Unity.PerformanceTesting.rsp2
[198/370    0s] WriteText Library/Bee/artifacts/1900b0aE.dag/Yanagisawa.DataLayoutCalibrator.Samples.ParticleIntegrate.dll.mvfrm.rsp
[199/370    0s] WriteText Library/Bee/artifacts/1900b0aE.dag/Unity.Multiplayer.Center.Common.UnityAdditionalFile.txt
[200/370    0s] WriteText Library/Bee/artifacts/1900b0aE.dag/Yanagisawa.DataLayoutCalibrator.Samples.TransformExport.dll.mvfrm.rsp
[201/370    0s] WriteText Library/Bee/artifacts/1900b0aE.dag/Yanagisawa.DataLayoutCalibrator.Samples.ParticleIntegrate.rsp
[202/370    0s] MovedFromExtractor-Combine Library/Bee/artifacts/1900b0aE.dag/Unity.Burst.dll.mvfrm
[203/370    0s] WriteText Library/Bee/artifacts/1900b0aE.dag/Unity.PerformanceTesting.dll.mvfrm.rsp
[204/370    0s] WriteText Library/Bee/artifacts/1900b0aE.dag/Unity.Multiplayer.Center.Common.dll.mvfrm.rsp
[205/370    0s] WriteText Library/Bee/artifacts/1900b0aE.dag/Yanagisawa.DataLayoutCalibrator.Samples.TransformExport.rsp
[206/370    0s] MovedFromExtractor Library/Bee/artifacts/mvdfrm/Unity.Burst.Cecil.Mdb.dll_2CFFC6FBE2DD1050.mvfrm
[207/370    0s] WriteText Library/Bee/artifacts/1900b0aE.dag/Unity.Multiplayer.Center.Common.rsp
[208/370    0s] WriteText Library/Bee/artifacts/1900b0aE.dag/Unity.PerformanceTesting.rsp
[209/370    0s] WriteText Library/Bee/artifacts/1900b0aE.dag/Yanagisawa.DataLayoutCalibrator.Benchmark.rsp2
[210/370    0s] WriteText Library/Bee/artifacts/1900b0aE.dag/Yanagisawa.DataLayoutCalibrator.Benchmark.UnityAdditionalFile.txt
[211/370    0s] WriteText Library/Bee/artifacts/1900b0aE.dag/Yanagisawa.DataLayoutCalibrator.Benchmark.dll.mvfrm.rsp
[212/370    0s] WriteText Library/Bee/artifacts/1900b0aE.dag/Yanagisawa.DataLayoutCalibrator.Benchmark.rsp
[213/370    0s] WriteText Library/Bee/artifacts/1900b0aE.dag/Yanagisawa.DataLayoutCalibrator.Benchmark.Editor.dll.mvfrm.rsp
[214/370    0s] WriteText Library/Bee/artifacts/1900b0aE.dag/Unity.Collections.Editor.dll.mvfrm.rsp
[215/370    0s] WriteText Library/Bee/artifacts/1900b0aE.dag/Unity.PerformanceTesting.Editor.dll.mvfrm.rsp
[216/370    0s] WriteText Library/Bee/artifacts/1900b0aE.dag/Yanagisawa.DataLayoutCalibrator.Samples.ParticleIntegrate.Tests.Editor.dll.mvfrm.rsp
[217/370    0s] WriteText Library/Bee/artifacts/1900b0aE.dag/Unity.Multiplayer.Center.Editor.dll.mvfrm.rsp
[218/370    0s] WriteText Library/Bee/artifacts/1900b0aE.dag/Yanagisawa.DataLayoutCalibrator.Samples.TransformExport.Tests.Editor.dll.mvfrm.rsp
[219/370    0s] WriteText Library/Bee/artifacts/1900b0aE.dag/Unity.Burst.Editor.dll.mvfrm.rsp
[220/370    0s] WriteText Library/Bee/artifacts/1900b0aE.dag/Yanagisawa.DataLayoutCalibrator.Tests.Editor.dll.mvfrm.rsp
[221/370    0s] WriteText Library/Bee/artifacts/1900b0aE.dag/Yanagisawa.DataLayoutCalibrator.Benchmark.Editor.rsp2
[222/370    0s] WriteText Library/Bee/artifacts/1900b0aE.dag/Yanagisawa.DataLayoutCalibrator.Samples.ParticleIntegrate.Tests.Editor.rsp2
[223/370    0s] WriteText Library/Bee/artifacts/1900b0aE.dag/Yanagisawa.DataLayoutCalibrator.Benchmark.Editor.UnityAdditionalFile.txt
[224/370    0s] WriteText Library/Bee/artifacts/1900b0aE.dag/Yanagisawa.DataLayoutCalibrator.Samples.TransformExport.Tests.Editor.UnityAdditionalFile.txt
[225/370    0s] WriteText Library/Bee/artifacts/1900b0aE.dag/Yanagisawa.DataLayoutCalibrator.Samples.TransformExport.Tests.Editor.rsp2
[226/370    0s] WriteText Library/Bee/artifacts/1900b0aE.dag/Unity.Burst.Editor.UnityAdditionalFile.txt
[227/370    0s] WriteText Library/Bee/artifacts/1900b0aE.dag/Unity.Burst.Editor.rsp2
[228/370    0s] WriteText Library/Bee/artifacts/1900b0aE.dag/Unity.Collections.Editor.rsp2
[229/370    0s] WriteText Library/Bee/artifacts/1900b0aE.dag/Unity.Multiplayer.Center.Editor.UnityAdditionalFile.txt
[230/370    0s] WriteText Library/Bee/artifacts/1900b0aE.dag/Unity.Multiplayer.Center.Editor.rsp2
[231/370    0s] WriteText Library/Bee/artifacts/1900b0aE.dag/Unity.PerformanceTesting.Editor.UnityAdditionalFile.txt
[232/370    0s] WriteText Library/Bee/artifacts/1900b0aE.dag/Unity.Collections.Editor.UnityAdditionalFile.txt
[233/370    0s] WriteText Library/Bee/artifacts/1900b0aE.dag/Unity.PerformanceTesting.Editor.rsp2
[234/370    0s] WriteText Library/Bee/artifacts/1900b0aE.dag/Yanagisawa.DataLayoutCalibrator.Tests.Editor.UnityAdditionalFile.txt
[235/370    0s] WriteText Library/Bee/artifacts/1900b0aE.dag/Yanagisawa.DataLayoutCalibrator.Tests.Editor.rsp2
[236/370    0s] WriteText Library/Bee/artifacts/1900b0aE.dag/Yanagisawa.DataLayoutCalibrator.Samples.ParticleIntegrate.Tests.Editor.UnityAdditionalFile.txt
[237/370    0s] WriteText Library/Bee/artifacts/1900b0aE.dag/Yanagisawa.DataLayoutCalibrator.Benchmark.Editor.rsp
[238/370    0s] WriteText Library/Bee/artifacts/1900b0aE.dag/Yanagisawa.DataLayoutCalibrator.Tests.Editor.rsp
[239/370    0s] WriteText Library/Bee/artifacts/1900b0aE.dag/Unity.Collections.Editor.rsp
[240/370    0s] WriteText Library/Bee/artifacts/1900b0aE.dag/Unity.Burst.Editor.rsp
[241/370    0s] WriteText Library/Bee/artifacts/1900b0aE.dag/Unity.Multiplayer.Center.Editor.rsp
[242/370    0s] WriteText Library/Bee/artifacts/1900b0aE.dag/Unity.PerformanceTesting.Editor.rsp
[243/370    0s] WriteText Library/Bee/artifacts/1900b0aE.dag/Yanagisawa.DataLayoutCalibrator.Samples.TransformExport.Tests.Editor.rsp
[244/370    0s] WriteText Library/Bee/artifacts/1900b0aE.dag/Yanagisawa.DataLayoutCalibrator.Samples.ParticleIntegrate.Tests.Editor.rsp
[245/370    0s] WriteResponseFile Library/Bee/artifacts/rsp/13354563574836277378.rsp
[246/370    0s] WriteResponseFile Library/Bee/artifacts/rsp/13909235412005675431.rsp
[247/370    0s] WriteResponseFile Library/Bee/artifacts/rsp/7896431116894364725.rsp
[248/370    0s] WriteResponseFile Library/Bee/artifacts/rsp/5916180605834378387.rsp
[249/370    0s] WriteResponseFile Library/Bee/artifacts/rsp/8985129010274591923.rsp
[250/370    0s] WriteResponseFile Library/Bee/artifacts/rsp/14412142427250152426.rsp
[251/370    0s] WriteResponseFile Library/Bee/artifacts/rsp/2157608619508796868.rsp
[252/370    0s] WriteResponseFile Library/Bee/artifacts/rsp/10142702499866438521.rsp
[253/370    0s] WriteResponseFile Library/Bee/artifacts/rsp/1418726328684876121.rsp
[254/370    0s] WriteResponseFile Library/Bee/artifacts/rsp/10831531723267835799.rsp
[255/370    0s] WriteResponseFile Library/Bee/artifacts/rsp/12900333509587573630.rsp
[256/370    0s] WriteResponseFile Library/Bee/artifacts/rsp/6349597926445502166.rsp
[257/370    0s] WriteResponseFile Library/Bee/artifacts/rsp/12248871281822510316.rsp
[258/370    0s] WriteResponseFile Library/Bee/artifacts/rsp/13986889954699054386.rsp
[259/370    0s] WriteResponseFile Library/Bee/artifacts/rsp/6262281476893245489.rsp
[260/370    0s] WriteResponseFile Library/Bee/artifacts/rsp/4898448832051868398.rsp
[261/370    0s] WriteResponseFile Library/Bee/artifacts/rsp/29261204413134899.rsp
[262/370    0s] MovedFromExtractor Library/Bee/artifacts/mvdfrm/Unity.Burst.Cecil.Pdb.dll_44523F6B619211D3.mvfrm
[           0s] Csc Library/Bee/artifacts/1900b0aE.dag/UnityEngine.TestRunner.dll (+2 others) [CacheMiss c87031a34bc90a44b3f40903fb3f090500000000000000000000000000000006]
[           0s] Csc Library/Bee/artifacts/1900b0aE.dag/Unity.Burst.dll (+2 others) [CacheMiss 2db72676b4eafa5a1919f57f1ac9fb5600000000000000000000000000000006]
[263/370    0s] MovedFromExtractor-Combine Library/Bee/artifacts/1900b0aE.dag/Yanagisawa.DataLayoutCalibrator.dll.mvfrm
[           0s] Csc Library/Bee/artifacts/1900b0aE.dag/Unity.Mathematics.dll (+2 others) [CacheMiss 0ae8914be4ef79e36eb9c506045b596d00000000000000000000000000000006]
[264/370    0s] MovedFromExtractor Library/Bee/artifacts/mvdfrm/Unity.Burst.Cecil.Rocks.dll_4860FB3DE0B45A53.mvfrm
[           0s] Csc Library/Bee/artifacts/1900b0aE.dag/Yanagisawa.DataLayoutCalibrator.dll (+2 others) [CacheMiss 90c1eebcd6b076da8799a1bcde5b100200000000000000000000000000000006]
[265/370    0s] MovedFromExtractor-Combine Library/Bee/artifacts/1900b0aE.dag/Unity.Multiplayer.Center.Common.dll.mvfrm
[           0s] Csc Library/Bee/artifacts/1900b0aE.dag/Unity.Multiplayer.Center.Common.dll (+2 others) [CacheMiss c13c28ccc866456c5ff6a87f41b0c9bc00000000000000000000000000000006]
[266/370    1s] Csc Library/Bee/artifacts/1900b0aE.dag/Unity.Mathematics.dll (+2 others)
[267/370    1s] Csc Library/Bee/artifacts/1900b0aE.dag/Unity.Multiplayer.Center.Common.dll (+2 others)
[268/370    1s] Csc Library/Bee/artifacts/1900b0aE.dag/UnityEngine.TestRunner.dll (+2 others)
[           0s] Csc Library/Bee/artifacts/1900b0aE.dag/Unity.Mathematics.dll (+2 others) [CacheWrite 0ae8914be4ef79e36eb9c506045b596d00000000000000000000000000000006]
[           0s] Csc Library/Bee/artifacts/1900b0aE.dag/Unity.Multiplayer.Center.Common.dll (+2 others) [CacheWrite c13c28ccc866456c5ff6a87f41b0c9bc00000000000000000000000000000006]
[269/370    1s] Csc Library/Bee/artifacts/1900b0aE.dag/Yanagisawa.DataLayoutCalibrator.dll (+2 others)
[           0s] Csc Library/Bee/artifacts/1900b0aE.dag/UnityEngine.TestRunner.dll (+2 others) [CacheWrite c87031a34bc90a44b3f40903fb3f090500000000000000000000000000000006]
[           0s] Csc Library/Bee/artifacts/1900b0aE.dag/Yanagisawa.DataLayoutCalibrator.dll (+2 others) [CacheWrite 90c1eebcd6b076da8799a1bcde5b100200000000000000000000000000000006]
[270/370    0s] CopyFiles Library/ScriptAssemblies/UnityEngine.TestRunner.pdb
[271/370    0s] CopyFiles Library/ScriptAssemblies/UnityEngine.TestRunner.dll
[272/370    0s] MovedFromExtractor Library/Bee/artifacts/mvdfrm/Unity.Mathematics.ref.dll_E8EFDB1B8D5C174E.mvfrm
[273/370    1s] Csc Library/Bee/artifacts/1900b0aE.dag/Unity.Burst.dll (+2 others)
[274/370    0s] MovedFromExtractor Library/Bee/artifacts/mvdfrm/Unity.Multiplayer.Center.Common.ref.dll_EE36537354EA42C8.mvfrm
[275/370    0s] MovedFromExtractor Library/Bee/artifacts/mvdfrm/UnityEngine.TestRunner.ref.dll_E55D0F7C63F01D9E.mvfrm
[           0s] Csc Library/Bee/artifacts/1900b0aE.dag/Unity.Burst.dll (+2 others) [CacheWrite 2db72676b4eafa5a1919f57f1ac9fb5600000000000000000000000000000006]
[276/370    0s] MovedFromExtractor-Combine Library/Bee/artifacts/1900b0aE.dag/Unity.PerformanceTesting.dll.mvfrm
[277/370    0s] MovedFromExtractor-Combine Library/Bee/artifacts/1900b0aE.dag/UnityEditor.TestRunner.dll.mvfrm
[278/370    0s] MovedFromExtractor Library/Bee/artifacts/mvdfrm/Unity.Burst.ref.dll_F30DFA20C0DD1968.mvfrm
[           0s] Csc Library/Bee/artifacts/1900b0aE.dag/Unity.PerformanceTesting.dll (+2 others) [CacheMiss 45292f7ee84cd971535c882eb6014f3200000000000000000000000000000006]
[           0s] Csc Library/Bee/artifacts/1900b0aE.dag/UnityEditor.TestRunner.dll (+2 others) [CacheMiss 675009cf918b9fee6357c09df851f52600000000000000000000000000000006]
[279/370    0s] MovedFromExtractor-Combine Library/Bee/artifacts/1900b0aE.dag/Unity.Collections.dll.mvfrm
[280/370    0s] MovedFromExtractor-Combine Library/Bee/artifacts/1900b0aE.dag/Unity.Burst.CodeGen.dll.mvfrm
[           0s] Csc Library/Bee/artifacts/1900b0aE.dag/Unity.Collections.dll (+2 others) [CacheMiss a4b8ed0ae9a36a0f35ca3d677d5a1c2a00000000000000000000000000000006]
[           0s] Csc Library/Bee/artifacts/1900b0aE.dag/Unity.Burst.CodeGen.dll (+2 others) [CacheMiss 6950bea96df8054e42bae2541a01a10b00000000000000000000000000000006]
[281/370    0s] Csc Library/Bee/artifacts/1900b0aE.dag/Unity.PerformanceTesting.dll (+2 others)
[           0s] Csc Library/Bee/artifacts/1900b0aE.dag/Unity.PerformanceTesting.dll (+2 others) [CacheWrite 45292f7ee84cd971535c882eb6014f3200000000000000000000000000000006]
[282/370    0s] Csc Library/Bee/artifacts/1900b0aE.dag/Unity.Burst.CodeGen.dll (+2 others)
[283/370    0s] MovedFromExtractor Library/Bee/artifacts/mvdfrm/Unity.PerformanceTesting.ref.dll_F99DC928B1D72E5E.mvfrm
[           0s] Csc Library/Bee/artifacts/1900b0aE.dag/Unity.Burst.CodeGen.dll (+2 others) [CacheWrite 6950bea96df8054e42bae2541a01a10b00000000000000000000000000000006]
[284/370    0s] CopyFiles Library/ScriptAssemblies/Unity.Burst.CodeGen.pdb
[285/370    0s] CopyFiles Library/ScriptAssemblies/Unity.Burst.CodeGen.dll
[286/370    0s] Csc Library/Bee/artifacts/1900b0aE.dag/UnityEditor.TestRunner.dll (+2 others)
[           0s] Csc Library/Bee/artifacts/1900b0aE.dag/UnityEditor.TestRunner.dll (+2 others) [CacheWrite 675009cf918b9fee6357c09df851f52600000000000000000000000000000006]
[287/370    0s] CopyFiles Library/ScriptAssemblies/UnityEditor.TestRunner.dll
[288/370    0s] CopyFiles Library/ScriptAssemblies/UnityEditor.TestRunner.pdb
[289/370    0s] MovedFromExtractor Library/Bee/artifacts/mvdfrm/UnityEditor.TestRunner.ref.dll_193EC4CE382CBFB3.mvfrm
[290/370    0s] MovedFromExtractor-Combine Library/Bee/artifacts/1900b0aE.dag/Unity.Burst.Editor.dll.mvfrm
[291/370    0s] MovedFromExtractor-Combine Library/Bee/artifacts/1900b0aE.dag/Unity.Multiplayer.Center.Editor.dll.mvfrm
[292/370    0s] MovedFromExtractor-Combine Library/Bee/artifacts/1900b0aE.dag/Yanagisawa.DataLayoutCalibrator.Benchmark.Editor.dll.mvfrm
[293/370    0s] MovedFromExtractor-Combine Library/Bee/artifacts/1900b0aE.dag/Unity.PerformanceTesting.Editor.dll.mvfrm
[           0s] Csc Library/Bee/artifacts/1900b0aE.dag/Unity.Burst.Editor.dll (+2 others) [CacheMiss ce3f5c195ac8b8faf35feca28174627400000000000000000000000000000006]
[           0s] Csc Library/Bee/artifacts/1900b0aE.dag/Unity.Multiplayer.Center.Editor.dll (+2 others) [CacheMiss 13b39759f4ddf48a40aa8931ac2de62600000000000000000000000000000006]
[           0s] Csc Library/Bee/artifacts/1900b0aE.dag/Unity.PerformanceTesting.Editor.dll (+2 others) [CacheMiss 0490dbc7eaffd12507dad6a9dde5db9b00000000000000000000000000000006]
[294/370    0s] Csc Library/Bee/artifacts/1900b0aE.dag/Unity.Multiplayer.Center.Editor.dll (+2 others)
[295/370    1s] Csc Library/Bee/artifacts/1900b0aE.dag/Unity.Collections.dll (+2 others)
[296/370    0s] Csc Library/Bee/artifacts/1900b0aE.dag/Unity.PerformanceTesting.Editor.dll (+2 others)
[           0s] Csc Library/Bee/artifacts/1900b0aE.dag/Unity.Collections.dll (+2 others) [CacheWrite a4b8ed0ae9a36a0f35ca3d677d5a1c2a00000000000000000000000000000006]
[           0s] Csc Library/Bee/artifacts/1900b0aE.dag/Unity.Multiplayer.Center.Editor.dll (+2 others) [CacheWrite 13b39759f4ddf48a40aa8931ac2de62600000000000000000000000000000006]
[           0s] Csc Library/Bee/artifacts/1900b0aE.dag/Unity.PerformanceTesting.Editor.dll (+2 others) [CacheWrite 0490dbc7eaffd12507dad6a9dde5db9b00000000000000000000000000000006]
[297/370    0s] MovedFromExtractor Library/Bee/artifacts/mvdfrm/Unity.Collections.ref.dll_656D7410E7809ECD.mvfrm
[298/370    0s] MovedFromExtractor-Combine Library/Bee/artifacts/1900b0aE.dag/Yanagisawa.DataLayoutCalibrator.Samples.ParticleIntegrate.dll.mvfrm
[299/370    0s] MovedFromExtractor-Combine Library/Bee/artifacts/1900b0aE.dag/Yanagisawa.DataLayoutCalibrator.Benchmark.dll.mvfrm
[300/370    0s] MovedFromExtractor-Combine Library/Bee/artifacts/1900b0aE.dag/Unity.Collections.Editor.dll.mvfrm
[301/370    0s] MovedFromExtractor-Combine Library/Bee/artifacts/1900b0aE.dag/Yanagisawa.DataLayoutCalibrator.Samples.ParticleIntegrate.Tests.Editor.dll.mvfrm
[302/370    0s] MovedFromExtractor-Combine Library/Bee/artifacts/1900b0aE.dag/Yanagisawa.DataLayoutCalibrator.Samples.TransformExport.dll.mvfrm
[303/370    0s] MovedFromExtractor-Combine Library/Bee/artifacts/1900b0aE.dag/Yanagisawa.DataLayoutCalibrator.Samples.TransformExport.Tests.Editor.dll.mvfrm
[304/370    0s] MovedFromExtractor-Combine Library/Bee/artifacts/1900b0aE.dag/Unity.Collections.CodeGen.dll.mvfrm
[           0s] Csc Library/Bee/artifacts/1900b0aE.dag/Yanagisawa.DataLayoutCalibrator.Samples.ParticleIntegrate.dll (+2 others) [CacheMiss 7c0f79de42d809fef65a4b784696ca8300000000000000000000000000000006]
[           0s] Csc Library/Bee/artifacts/1900b0aE.dag/Unity.Collections.Editor.dll (+2 others) [CacheMiss b05ddae4ed33f6059603b374dfd43fe000000000000000000000000000000006]
[           0s] Csc Library/Bee/artifacts/1900b0aE.dag/Yanagisawa.DataLayoutCalibrator.Samples.TransformExport.dll (+2 others) [CacheMiss 616975b26a0416ac535e923c3f36ed8500000000000000000000000000000006]
[           0s] Csc Library/Bee/artifacts/1900b0aE.dag/Unity.Collections.CodeGen.dll (+2 others) [CacheMiss eb8e6ac990cb0b91cceed912ec87707100000000000000000000000000000006]
[305/370    0s] MovedFromExtractor-Combine Library/Bee/artifacts/1900b0aE.dag/Yanagisawa.DataLayoutCalibrator.Tests.Editor.dll.mvfrm
[           0s] Csc Library/Bee/artifacts/1900b0aE.dag/Yanagisawa.DataLayoutCalibrator.Tests.Editor.dll (+2 others) [CacheMiss cfd7273fb909eb978db5996d3bae78bb00000000000000000000000000000006]
[306/370    0s] Csc Library/Bee/artifacts/1900b0aE.dag/Unity.Collections.Editor.dll (+2 others)
[           0s] Csc Library/Bee/artifacts/1900b0aE.dag/Unity.Collections.Editor.dll (+2 others) [CacheWrite b05ddae4ed33f6059603b374dfd43fe000000000000000000000000000000006]
[307/370    0s] Csc Library/Bee/artifacts/1900b0aE.dag/Unity.Collections.CodeGen.dll (+2 others)
[308/370    0s] Csc Library/Bee/artifacts/1900b0aE.dag/Yanagisawa.DataLayoutCalibrator.Samples.TransformExport.dll (+2 others)
[309/370    0s] Csc Library/Bee/artifacts/1900b0aE.dag/Yanagisawa.DataLayoutCalibrator.Samples.ParticleIntegrate.dll (+2 others)
[           0s] Csc Library/Bee/artifacts/1900b0aE.dag/Unity.Collections.CodeGen.dll (+2 others) [CacheWrite eb8e6ac990cb0b91cceed912ec87707100000000000000000000000000000006]
[310/370    0s] CopyFiles Library/ScriptAssemblies/Unity.Collections.CodeGen.pdb
[311/370    0s] CopyFiles Library/ScriptAssemblies/Unity.Collections.CodeGen.dll
[           0s] Csc Library/Bee/artifacts/1900b0aE.dag/Yanagisawa.DataLayoutCalibrator.Samples.TransformExport.dll (+2 others) [CacheWrite 616975b26a0416ac535e923c3f36ed8500000000000000000000000000000006]
[312/370    0s] Csc Library/Bee/artifacts/1900b0aE.dag/Yanagisawa.DataLayoutCalibrator.Tests.Editor.dll (+2 others)
[           0s] Csc Library/Bee/artifacts/1900b0aE.dag/Yanagisawa.DataLayoutCalibrator.Samples.ParticleIntegrate.dll (+2 others) [CacheWrite 7c0f79de42d809fef65a4b784696ca8300000000000000000000000000000006]
[           0s] Csc Library/Bee/artifacts/1900b0aE.dag/Yanagisawa.DataLayoutCalibrator.Samples.TransformExport.Tests.Editor.dll (+2 others) [CacheMiss a1b7bc8bc56f545d80b7d22783ceb7f200000000000000000000000000000006]
[           0s] Csc Library/Bee/artifacts/1900b0aE.dag/Yanagisawa.DataLayoutCalibrator.Tests.Editor.dll (+2 others) [CacheWrite cfd7273fb909eb978db5996d3bae78bb00000000000000000000000000000006]
[           0s] Csc Library/Bee/artifacts/1900b0aE.dag/Yanagisawa.DataLayoutCalibrator.Samples.ParticleIntegrate.Tests.Editor.dll (+2 others) [CacheMiss 152f6a307493a5856e5687be812775e100000000000000000000000000000006]
[313/370    0s] Csc Library/Bee/artifacts/1900b0aE.dag/Yanagisawa.DataLayoutCalibrator.Samples.TransformExport.Tests.Editor.dll (+2 others)
[314/370    0s] Csc Library/Bee/artifacts/1900b0aE.dag/Yanagisawa.DataLayoutCalibrator.Samples.ParticleIntegrate.Tests.Editor.dll (+2 others)
[315/370    0s] Csc Library/Bee/artifacts/1900b0aE.dag/Yanagisawa.DataLayoutCalibrator.Benchmark.dll (+2 others)
[           0s] Csc Library/Bee/artifacts/1900b0aE.dag/Yanagisawa.DataLayoutCalibrator.Samples.TransformExport.Tests.Editor.dll (+2 others) [CacheWrite a1b7bc8bc56f545d80b7d22783ceb7f200000000000000000000000000000006]
[           0s] Csc Library/Bee/artifacts/1900b0aE.dag/Yanagisawa.DataLayoutCalibrator.Samples.ParticleIntegrate.Tests.Editor.dll (+2 others) [CacheWrite 152f6a307493a5856e5687be812775e100000000000000000000000000000006]
[316/370    0s] ILPP-Configuration Library/ilpp-configuration.nevergeneratedoutput
[317/370    0s] Csc Library/Bee/artifacts/1900b0aE.dag/Yanagisawa.DataLayoutCalibrator.Benchmark.Editor.dll (+2 others)
[318/370    1s] Csc Library/Bee/artifacts/1900b0aE.dag/Unity.Burst.Editor.dll (+2 others)
[           0s] Csc Library/Bee/artifacts/1900b0aE.dag/Unity.Burst.Editor.dll (+2 others) [CacheWrite ce3f5c195ac8b8faf35feca28174627400000000000000000000000000000006]
[319/370    1s] ILPostProcess Library/Bee/artifacts/1900b0aE.dag/post-processed/Unity.PerformanceTesting.dll (+pdb)
Processing assembly Library/Bee/artifacts/1900b0aE.dag/Unity.PerformanceTesting.dll, with 142 defines and 279 references

processors: Unity.Jobs.CodeGen.JobsILPostProcessor, zzzUnity.Burst.CodeGen.BurstILPostProcessor

running Unity.Jobs.CodeGen.JobsILPostProcessor

running zzzUnity.Burst.CodeGen.BurstILPostProcessor
[320/370    1s] ILPostProcess Library/Bee/artifacts/1900b0aE.dag/post-processed/Yanagisawa.DataLayoutCalibrator.Benchmark.dll (+pdb)
Processing assembly Library/Bee/artifacts/1900b0aE.dag/Yanagisawa.DataLayoutCalibrator.Benchmark.dll, with 141 defines and 289 references

processors: Unity.Jobs.CodeGen.JobsILPostProcessor, zzzUnity.Burst.CodeGen.BurstILPostProcessor

running Unity.Jobs.CodeGen.JobsILPostProcessor

running zzzUnity.Burst.CodeGen.BurstILPostProcessor
[321/370    1s] ILPostProcess Library/Bee/artifacts/1900b0aE.dag/post-processed/Unity.Multiplayer.Center.Common.dll (+pdb)
Processing assembly Library/Bee/artifacts/1900b0aE.dag/Unity.Multiplayer.Center.Common.dll, with 141 defines and 283 references

processors: Unity.Jobs.CodeGen.JobsILPostProcessor, zzzUnity.Burst.CodeGen.BurstILPostProcessor

running Unity.Jobs.CodeGen.JobsILPostProcessor

running zzzUnity.Burst.CodeGen.BurstILPostProcessor
[322/370    1s] ILPostProcess Library/Bee/artifacts/1900b0aE.dag/post-processed/Unity.Mathematics.dll (+pdb)
Processing assembly Library/Bee/artifacts/1900b0aE.dag/Unity.Mathematics.dll, with 141 defines and 283 references

processors: Unity.Jobs.CodeGen.JobsILPostProcessor, zzzUnity.Burst.CodeGen.BurstILPostProcessor

running Unity.Jobs.CodeGen.JobsILPostProcessor

running zzzUnity.Burst.CodeGen.BurstILPostProcessor
[323/370    1s] ILPostProcess Library/Bee/artifacts/1900b0aE.dag/post-processed/Unity.Burst.dll (+pdb)
Processing assembly Library/Bee/artifacts/1900b0aE.dag/Unity.Burst.dll, with 141 defines and 281 references

processors: Unity.Jobs.CodeGen.JobsILPostProcessor, zzzUnity.Burst.CodeGen.BurstILPostProcessor

running Unity.Jobs.CodeGen.JobsILPostProcessor

running zzzUnity.Burst.CodeGen.BurstILPostProcessor
[324/370    1s] ILPostProcess Library/Bee/artifacts/1900b0aE.dag/post-processed/Yanagisawa.DataLayoutCalibrator.Samples.TransformExport.dll (+pdb)
Processing assembly Library/Bee/artifacts/1900b0aE.dag/Yanagisawa.DataLayoutCalibrator.Samples.TransformExport.dll, with 141 defines and 287 references

processors: Unity.Jobs.CodeGen.JobsILPostProcessor, zzzUnity.Burst.CodeGen.BurstILPostProcessor

running Unity.Jobs.CodeGen.JobsILPostProcessor

running zzzUnity.Burst.CodeGen.BurstILPostProcessor
[325/370    1s] ILPostProcess Library/Bee/artifacts/1900b0aE.dag/post-processed/Yanagisawa.DataLayoutCalibrator.dll (+pdb)
Processing assembly Library/Bee/artifacts/1900b0aE.dag/Yanagisawa.DataLayoutCalibrator.dll, with 141 defines and 135 references

processors: Unity.Jobs.CodeGen.JobsILPostProcessor, zzzUnity.Burst.CodeGen.BurstILPostProcessor

running Unity.Jobs.CodeGen.JobsILPostProcessor

running zzzUnity.Burst.CodeGen.BurstILPostProcessor
[326/370    1s] ILPostProcess Library/Bee/artifacts/1900b0aE.dag/post-processed/Unity.Collections.dll (+pdb)
Processing assembly Library/Bee/artifacts/1900b0aE.dag/Unity.Collections.dll, with 143 defines and 285 references

processors: Unity.Jobs.CodeGen.JobsILPostProcessor, zzzUnity.Burst.CodeGen.BurstILPostProcessor

running Unity.Jobs.CodeGen.JobsILPostProcessor

running zzzUnity.Burst.CodeGen.BurstILPostProcessor
[327/370    0s] ILPostProcess Library/Bee/artifacts/1900b0aE.dag/post-processed/Yanagisawa.DataLayoutCalibrator.Samples.ParticleIntegrate.Tests.Editor.dll (+pdb)
Processing assembly Library/Bee/artifacts/1900b0aE.dag/Yanagisawa.DataLayoutCalibrator.Samples.ParticleIntegrate.Tests.Editor.dll, with 139 defines and 293 references

processors: Unity.Jobs.CodeGen.JobsILPostProcessor, zzzUnity.Burst.CodeGen.BurstILPostProcessor

running Unity.Jobs.CodeGen.JobsILPostProcessor

running zzzUnity.Burst.CodeGen.BurstILPostProcessor
[328/370    0s] ILPostProcess Library/Bee/artifacts/1900b0aE.dag/post-processed/Yanagisawa.DataLayoutCalibrator.Samples.TransformExport.Tests.Editor.dll (+pdb)
Processing assembly Library/Bee/artifacts/1900b0aE.dag/Yanagisawa.DataLayoutCalibrator.Samples.TransformExport.Tests.Editor.dll, with 139 defines and 293 references

processors: Unity.Jobs.CodeGen.JobsILPostProcessor, zzzUnity.Burst.CodeGen.BurstILPostProcessor

running Unity.Jobs.CodeGen.JobsILPostProcessor

running zzzUnity.Burst.CodeGen.BurstILPostProcessor
[329/370    0s] CopyFiles Library/ScriptAssemblies/Unity.Collections.dll
[330/370    0s] CopyFiles Library/ScriptAssemblies/Yanagisawa.DataLayoutCalibrator.Samples.TransformExport.dll
[331/370    0s] CopyFiles Library/ScriptAssemblies/Yanagisawa.DataLayoutCalibrator.dll
[332/370    0s] CopyFiles Library/ScriptAssemblies/Unity.Burst.dll
[333/370    0s] CopyFiles Library/ScriptAssemblies/Unity.Mathematics.dll
[334/370    0s] CopyFiles Library/ScriptAssemblies/Unity.PerformanceTesting.dll
[335/370    0s] CopyFiles Library/ScriptAssemblies/Unity.Multiplayer.Center.Common.dll
[336/370    0s] CopyFiles Library/ScriptAssemblies/Yanagisawa.DataLayoutCalibrator.Benchmark.dll
[337/370    0s] CopyFiles Library/ScriptAssemblies/Yanagisawa.DataLayoutCalibrator.Samples.TransformExport.Tests.Editor.dll
[338/370    0s] CopyFiles Library/ScriptAssemblies/Yanagisawa.DataLayoutCalibrator.Samples.TransformExport.Tests.Editor.pdb
[339/370    0s] CopyFiles Library/ScriptAssemblies/Yanagisawa.DataLayoutCalibrator.Samples.ParticleIntegrate.Tests.Editor.dll
[340/370    0s] CopyFiles Library/ScriptAssemblies/Yanagisawa.DataLayoutCalibrator.Samples.ParticleIntegrate.Tests.Editor.pdb
[341/370    0s] CopyFiles Library/ScriptAssemblies/Unity.Collections.pdb
[342/370    0s] CopyFiles Library/ScriptAssemblies/Yanagisawa.DataLayoutCalibrator.Samples.TransformExport.pdb
[343/370    0s] CopyFiles Library/ScriptAssemblies/Yanagisawa.DataLayoutCalibrator.pdb
[344/370    0s] CopyFiles Library/ScriptAssemblies/Unity.Burst.pdb
[345/370    0s] CopyFiles Library/ScriptAssemblies/Unity.Mathematics.pdb
[346/370    0s] CopyFiles Library/ScriptAssemblies/Unity.PerformanceTesting.pdb
[347/370    0s] CopyFiles Library/ScriptAssemblies/Unity.Multiplayer.Center.Common.pdb
[348/370    0s] CopyFiles Library/ScriptAssemblies/Yanagisawa.DataLayoutCalibrator.Benchmark.pdb
[349/370    0s] ILPostProcess Library/Bee/artifacts/1900b0aE.dag/post-processed/Yanagisawa.DataLayoutCalibrator.Tests.Editor.dll (+pdb)
Processing assembly Library/Bee/artifacts/1900b0aE.dag/Yanagisawa.DataLayoutCalibrator.Tests.Editor.dll, with 139 defines and 292 references

processors: Unity.Jobs.CodeGen.JobsILPostProcessor, zzzUnity.Burst.CodeGen.BurstILPostProcessor

running Unity.Jobs.CodeGen.JobsILPostProcessor

running zzzUnity.Burst.CodeGen.BurstILPostProcessor
[350/370    0s] ILPostProcess Library/Bee/artifacts/1900b0aE.dag/post-processed/Unity.PerformanceTesting.Editor.dll (+pdb)
Processing assembly Library/Bee/artifacts/1900b0aE.dag/Unity.PerformanceTesting.Editor.dll, with 140 defines and 290 references

processors: Unity.Jobs.CodeGen.JobsILPostProcessor, zzzUnity.Burst.CodeGen.BurstILPostProcessor

running Unity.Jobs.CodeGen.JobsILPostProcessor

running zzzUnity.Burst.CodeGen.BurstILPostProcessor
[351/370    0s] ILPostProcess Library/Bee/artifacts/1900b0aE.dag/post-processed/Unity.Multiplayer.Center.Editor.dll (+pdb)
Processing assembly Library/Bee/artifacts/1900b0aE.dag/Unity.Multiplayer.Center.Editor.dll, with 139 defines and 293 references

processors: Unity.Jobs.CodeGen.JobsILPostProcessor, zzzUnity.Burst.CodeGen.BurstILPostProcessor

running Unity.Jobs.CodeGen.JobsILPostProcessor

running zzzUnity.Burst.CodeGen.BurstILPostProcessor
[352/370    0s] ILPostProcess Library/Bee/artifacts/1900b0aE.dag/post-processed/Yanagisawa.DataLayoutCalibrator.Benchmark.Editor.dll (+pdb)
Processing assembly Library/Bee/artifacts/1900b0aE.dag/Yanagisawa.DataLayoutCalibrator.Benchmark.Editor.dll, with 139 defines and 296 references

processors: Unity.Jobs.CodeGen.JobsILPostProcessor, zzzUnity.Burst.CodeGen.BurstILPostProcessor

running Unity.Jobs.CodeGen.JobsILPostProcessor

running zzzUnity.Burst.CodeGen.BurstILPostProcessor
[353/370    0s] ILPostProcess Library/Bee/artifacts/1900b0aE.dag/post-processed/Yanagisawa.DataLayoutCalibrator.Samples.ParticleIntegrate.dll (+pdb)
Processing assembly Library/Bee/artifacts/1900b0aE.dag/Yanagisawa.DataLayoutCalibrator.Samples.ParticleIntegrate.dll, with 141 defines and 287 references

processors: Unity.Jobs.CodeGen.JobsILPostProcessor, zzzUnity.Burst.CodeGen.BurstILPostProcessor

running Unity.Jobs.CodeGen.JobsILPostProcessor

running zzzUnity.Burst.CodeGen.BurstILPostProcessor
[354/370    0s] CopyFiles Library/ScriptAssemblies/Yanagisawa.DataLayoutCalibrator.Tests.Editor.dll
[355/370    0s] CopyFiles Library/ScriptAssemblies/Unity.Multiplayer.Center.Editor.pdb
[356/370    0s] CopyFiles Library/ScriptAssemblies/Unity.PerformanceTesting.Editor.pdb
[357/370    0s] CopyFiles Library/ScriptAssemblies/Unity.Multiplayer.Center.Editor.dll
[358/370    0s] CopyFiles Library/ScriptAssemblies/Yanagisawa.DataLayoutCalibrator.Tests.Editor.pdb
[359/370    0s] CopyFiles Library/ScriptAssemblies/Unity.PerformanceTesting.Editor.dll
[360/370    0s] CopyFiles Library/ScriptAssemblies/Yanagisawa.DataLayoutCalibrator.Benchmark.Editor.dll
[361/370    0s] CopyFiles Library/ScriptAssemblies/Yanagisawa.DataLayoutCalibrator.Benchmark.Editor.pdb
[362/370    0s] CopyFiles Library/ScriptAssemblies/Yanagisawa.DataLayoutCalibrator.Samples.ParticleIntegrate.pdb
[363/370    0s] ILPostProcess Library/Bee/artifacts/1900b0aE.dag/post-processed/Unity.Burst.Editor.dll (+pdb)
Processing assembly Library/Bee/artifacts/1900b0aE.dag/Unity.Burst.Editor.dll, with 139 defines and 293 references

processors: Unity.Jobs.CodeGen.JobsILPostProcessor, zzzUnity.Burst.CodeGen.BurstILPostProcessor

running Unity.Jobs.CodeGen.JobsILPostProcessor

running zzzUnity.Burst.CodeGen.BurstILPostProcessor
[364/370    0s] ILPostProcess Library/Bee/artifacts/1900b0aE.dag/post-processed/Unity.Collections.Editor.dll (+pdb)
Processing assembly Library/Bee/artifacts/1900b0aE.dag/Unity.Collections.Editor.dll, with 140 defines and 293 references

processors: Unity.Jobs.CodeGen.JobsILPostProcessor, zzzUnity.Burst.CodeGen.BurstILPostProcessor

running Unity.Jobs.CodeGen.JobsILPostProcessor

running zzzUnity.Burst.CodeGen.BurstILPostProcessor
[365/370    0s] CopyFiles Library/ScriptAssemblies/Unity.Burst.Editor.pdb
[366/370    0s] CopyFiles Library/ScriptAssemblies/Yanagisawa.DataLayoutCalibrator.Samples.ParticleIntegrate.dll
[367/370    0s] CopyFiles Library/ScriptAssemblies/Unity.Collections.Editor.pdb
[368/370    0s] CopyFiles Library/ScriptAssemblies/Unity.Collections.Editor.dll
[369/370    0s] CopyFiles Library/ScriptAssemblies/Unity.Burst.Editor.dll
*** Tundra build success (9.16 seconds), 369 items updated, 370 evaluated
Total cache size 208659068
Total cache size after purge 208659068, took 00:00:00.3847862
AssetDatabase: script compilation time: 10.809780s
Begin MonoManager ReloadAssembly
Importing 'GUID: 00000000000000001000000000000000 - Path: Assets' with importer (DefaultImporter)
Imported 'GUID: 00000000000000001000000000000000' -> (Import Result ID: '738cbbd604dc2195b6321aa19a8f34f1') in 0.026 seconds [static dependencies only]. Details - ImportResultOutputID=931399766a3d35f20ee4474945b75a67 DependenciesID=6ef059e16f77d89b65de4395ffdd5ce7 StaticDependenciesID=021a196fb38bf0e383cdb5199031682f 
Importing 'GUID: 00000000000000002000000000000000 - Path: ProjectSettings/InputManager.asset' with importer (LibraryAssetImporter)
Imported 'GUID: 00000000000000002000000000000000' -> (Import Result ID: '883fa93152201502a73c4661dc10be37') in 0.010 seconds [static dependencies only]. Details - ImportResultOutputID=0290babc70dea6fa2c98f564a251f1f8 DependenciesID=76b5ddcf0b14a7e4971b2ffca10597b3 StaticDependenciesID=99ff16dfc4c2a2c9ed6de3a7d7411f81 
Importing 'GUID: 00000000000000003000000000000000 - Path: ProjectSettings/TagManager.asset' with importer (LibraryAssetImporter)
Imported 'GUID: 00000000000000003000000000000000' -> (Import Result ID: 'adea02a737ac5a6d1f87e6a3fbd7711f') in 0.001 seconds [static dependencies only]. Details - ImportResultOutputID=fd6696bcbef029973bb12ace65e33982 DependenciesID=8193821a6adb3a7aa5ac44f9fb73f6bc StaticDependenciesID=92b8427220421747619c9dce7794295c 
Importing 'GUID: 00000000000000004000000000000000 - Path: ProjectSettings/ProjectSettings.asset' with importer (LibraryAssetImporter)
Imported 'GUID: 00000000000000004000000000000000' -> (Import Result ID: '730e1d658d5b1762e136bde92bd406bd') in 0.000 seconds [static dependencies only]. Details - ImportResultOutputID=276a810dac73e1f29404d5e5f692e214 DependenciesID=35c880bf4154d314a8214ab09a3ca6ff StaticDependenciesID=ba68cf1960459d18a99113b2eb1710c5 
Importing 'GUID: 00000000000000006000000000000000 - Path: ProjectSettings/AudioManager.asset' with importer (LibraryAssetImporter)
Imported 'GUID: 00000000000000006000000000000000' -> (Import Result ID: '8da31355eccd4780d719bd63099e4bf7') in 0.000 seconds [static dependencies only]. Details - ImportResultOutputID=acca44841ee8003c72d524064efb6e35 DependenciesID=c72d86023eb1e920d8b848ba6f4ebb9d StaticDependenciesID=013a35b558e740974e19c83f61e354c4 
Importing 'GUID: 00000000000000007000000000000000 - Path: ProjectSettings/TimeManager.asset' with importer (LibraryAssetImporter)
Imported 'GUID: 00000000000000007000000000000000' -> (Import Result ID: 'be3a3923e2d14851504463d0d39a5f6e') in 0.000 seconds [static dependencies only]. Details - ImportResultOutputID=bcbe57e6eed4f14d697ceae3e9a4ee48 DependenciesID=aa8239f5cfc434b76cc8c8f812c620c8 StaticDependenciesID=54565d9f944d35dcc2bf710fcdefaf9d 
Importing 'GUID: 00000000000000008000000000000000 - Path: ProjectSettings/DynamicsManager.asset' with importer (LibraryAssetImporter)
Imported 'GUID: 00000000000000008000000000000000' -> (Import Result ID: 'cbc2c99c77233d75826561d15a84f497') in 0.000 seconds [static dependencies only]. Details - ImportResultOutputID=af765d07e318cf68f695edacf91778bd DependenciesID=6185ab3bd6dd6dd42285991baa4d750f StaticDependenciesID=04ee227e680a1dafea054d5b9236c849 
Importing 'GUID: 00000000000000009000000000000000 - Path: ProjectSettings/QualitySettings.asset' with importer (LibraryAssetImporter)
Imported 'GUID: 00000000000000009000000000000000' -> (Import Result ID: 'e85c45e4e54341909ed6646da2182209') in 0.000 seconds [static dependencies only]. Details - ImportResultOutputID=7b12711da11c94ad897442b4820d3f7b DependenciesID=e7a204824bf2b6ebe44c629840b131a6 StaticDependenciesID=d97ce8e1a3caafca24d28a59f7b8acb2 
Importing 'GUID: 0000000000000000b000000000000000 - Path: ProjectSettings/EditorBuildSettings.asset' with importer (LibraryAssetImporter)
Imported 'GUID: 0000000000000000b000000000000000' -> (Import Result ID: '5176fe420a0257ee1afff533da0dca47') in 0.000 seconds [static dependencies only]. Details - ImportResultOutputID=4647dd083cfc32cebcd7526e8846440c DependenciesID=a545bfc01243a2bfb6fd6f6646014567 StaticDependenciesID=9bf1ef5429f0b3c6e30e6523a76a7511 
Importing 'GUID: 0000000000000000c000000000000000 - Path: ProjectSettings/EditorSettings.asset' with importer (LibraryAssetImporter)
Imported 'GUID: 0000000000000000c000000000000000' -> (Import Result ID: '47153b122bab10115642e96d9c9d4ff9') in 0.000 seconds [static dependencies only]. Details - ImportResultOutputID=fc08cc28cef36a03227c22ef67b54535 DependenciesID=3eb741389231827a66ef35b1bdf02955 StaticDependenciesID=8b3f93137b2c3aabf260036b75f9de13 
Importing 'GUID: 00000000000000004100000000000000 - Path: ProjectSettings/NavMeshAreas.asset' with importer (LibraryAssetImporter)
Imported 'GUID: 00000000000000004100000000000000' -> (Import Result ID: 'd3b09d35b6678b9213ec44b3c60dec2e') in 0.000 seconds [static dependencies only]. Details - ImportResultOutputID=90afd57cd2fd79df9534381ff5673272 DependenciesID=2bba84584d2c7374e8907f3163f0c90a StaticDependenciesID=a482fcefb090a914e953c211decb22e6 
Importing 'GUID: 00000000000000005100000000000000 - Path: ProjectSettings/Physics2DSettings.asset' with importer (LibraryAssetImporter)
Imported 'GUID: 00000000000000005100000000000000' -> (Import Result ID: '4cfb47df87ecdf192d5ce00d16516261') in 0.000 seconds [static dependencies only]. Details - ImportResultOutputID=51a8098361d5b0c1ab07bfc06e51f152 DependenciesID=8fd789489d541f71af115cfdb6f0bb35 StaticDependenciesID=03838d78481b3fac747e20ee26bac2ab 
Importing 'GUID: 00000000000000006100000000000000 - Path: ProjectSettings/GraphicsSettings.asset' with importer (LibraryAssetImporter)
Imported 'GUID: 00000000000000006100000000000000' -> (Import Result ID: '6907806d5d3238bce7d1f02d4a53ddb0') in 0.000 seconds [static dependencies only]. Details - ImportResultOutputID=f9600466f06a676b7a4f639f6629ea48 DependenciesID=4707e20f6af5ee32a199145ae10b7a7f StaticDependenciesID=dd71d4f521a8bd0728eff478521957e0 
Importing 'GUID: 00000000000000007100000000000000 - Path: ProjectSettings/ClusterInputManager.asset' with importer (LibraryAssetImporter)
Imported 'GUID: 00000000000000007100000000000000' -> (Import Result ID: 'b38e292ea5f0d92f46c8569ffcd480e1') in 0.000 seconds [static dependencies only]. Details - ImportResultOutputID=8ce0cedd10b8cd8471ed9838bfc872ed DependenciesID=40be416e825d8f9e8760ae42455a4908 StaticDependenciesID=f7b957d38172e95f6cd5d690c877b815 
Importing 'GUID: 0000000000000000a100000000000000 - Path: ProjectSettings/UnityConnectSettings.asset' with importer (LibraryAssetImporter)
Imported 'GUID: 0000000000000000a100000000000000' -> (Import Result ID: '4715701b6163754ffcf17b279418f220') in 0.000 seconds [static dependencies only]. Details - ImportResultOutputID=1989c27f310e62ee2c72d63f16a698d0 DependenciesID=f487c4bf9792b55b8bde3aba6b6eb158 StaticDependenciesID=a888fcd9799a8d26af5775f0f3543256 
Importing 'GUID: 0000000000000000b100000000000000 - Path: ProjectSettings/PresetManager.asset' with importer (LibraryAssetImporter)
Imported 'GUID: 0000000000000000b100000000000000' -> (Import Result ID: '93743372155beb366c52e14b3150c7df') in 0.000 seconds [static dependencies only]. Details - ImportResultOutputID=d271a469f14af9d29dbd89abc966f7ef DependenciesID=8ff136efa013913c57b850195cedc715 StaticDependenciesID=8dca790d6a06c238827c6bc6331d8b5e 
Importing 'GUID: 0000000000000000c100000000000000 - Path: ProjectSettings/VFXManager.asset' with importer (LibraryAssetImporter)
Imported 'GUID: 0000000000000000c100000000000000' -> (Import Result ID: 'ff6b266001486c64360c77d2b8e3729f') in 0.000 seconds [static dependencies only]. Details - ImportResultOutputID=d5b1cc1b236d3087c4a5fc9e9cb18618 DependenciesID=5ff8b70dd4f224e04b727403e625b9c7 StaticDependenciesID=568c0481135f9356fd45b49d8dc75c5b 
Importing 'GUID: 0000000000000000d100000000000000 - Path: ProjectSettings/VersionControlSettings.asset' with importer (LibraryAssetImporter)
Imported 'GUID: 0000000000000000d100000000000000' -> (Import Result ID: '0a29b4e88fa167f13614abe9ce856f54') in 0.000 seconds [static dependencies only]. Details - ImportResultOutputID=0a19189542c4b1aa9afad4d76b36cbef DependenciesID=0a6513baf44b7be4390f49cb965d957b StaticDependenciesID=d3d64b536348ae97c97bbb8f55b12406 
Importing 'GUID: 0000000000000000f100000000000000 - Path: ProjectSettings/MemorySettings.asset' with importer (LibraryAssetImporter)
Imported 'GUID: 0000000000000000f100000000000000' -> (Import Result ID: 'dc65b5e874d628ebefcb4a7548d31b07') in 0.000 seconds [static dependencies only]. Details - ImportResultOutputID=078c9215d0d3f7dcc6c2ea9c2e21e93e DependenciesID=33b4375de442243c7874cdd1e40dab84 StaticDependenciesID=bf5a4ef4647dfb7393dea95a3219dcd7 
Importing 'GUID: 00000000000000000200000000000000 - Path: ProjectSettings/MultiplayerManager.asset' with importer (LibraryAssetImporter)
Imported 'GUID: 00000000000000000200000000000000' -> (Import Result ID: '828c092175a528c59a70bc212c5dc77a') in 0.000 seconds [static dependencies only]. Details - ImportResultOutputID=cc8bc420ff0fb13a9534be625b324364 DependenciesID=3e2a29c5a55854175de6417d8746be1a StaticDependenciesID=e48f9554d0c839f981cc4f508d3e4f91 
Importing 'GUID: 00000000000000001200000000000000 - Path: ProjectSettings/PhysicsCoreProjectSettings2D.asset' with importer (LibraryAssetImporter)
Imported 'GUID: 00000000000000001200000000000000' -> (Import Result ID: '2b34bb3d68c948220fc6148ebb8fd062') in 0.000 seconds [static dependencies only]. Details - ImportResultOutputID=07b8874da21d0d67c4347d012422ba62 DependenciesID=9ca899b70a0692e662271818c372f15c StaticDependenciesID=2c23969f5eba68823056cfe465056763 
Importing 'GUID: 00000000000000002300000000000000 - Path: Library/BuildInstructions' with importer (DefaultImporter)
Imported 'GUID: 00000000000000002300000000000000' -> (Import Result ID: '622a8fd548d91ef719400ddc42467044') in 0.001 seconds [static dependencies only]. Details - ImportResultOutputID=d2da4dbe7433590953d90148eb4e1f22 DependenciesID=8a94f9095adb7389af01fc576c08004e StaticDependenciesID=ae1c4908a8fb44c52d73aa775822d0f3 
Importing 'GUID: 90ed072269172012fcebb3cd57b5a869 - Path: Packages/com.unity.nuget.mono-cecil' with importer (DefaultImporter)
Imported 'GUID: 90ed072269172012fcebb3cd57b5a869' -> (Import Result ID: '78a27ad252bcb1db75379857432508a5') in 0.001 seconds [static dependencies only]. Details - ImportResultOutputID=fdd368df404a96e0d0fd70b52c583e34 DependenciesID=9f1c412ec74d8717b543f7f79b9e72ff StaticDependenciesID=7688b87ab0b0858078e08c736da85485 
Importing 'GUID: c060426bfd6e82575228df6656368eaa - Path: Packages/com.unity.modules.imgui' with importer (DefaultImporter)
Imported 'GUID: c060426bfd6e82575228df6656368eaa' -> (Import Result ID: 'c03191d9700d867c6a9aae555f02173b') in 0.001 seconds [static dependencies only]. Details - ImportResultOutputID=dcc23da4b16b268ee6e83200b7ebb805 DependenciesID=071b8244e916ba1f8bc0d9e9172f4f66 StaticDependenciesID=8cc5901bf27deb6d2e4e45d3edd45f07 
Importing 'GUID: 1158e311a3101950348dcecb1bebc42d - Path: Packages/com.unity.modules.animation' with importer (DefaultImporter)
Imported 'GUID: 1158e311a3101950348dcecb1bebc42d' -> (Import Result ID: '10c83252fe0ab9665a3ae98657965468') in 0.001 seconds [static dependencies only]. Details - ImportResultOutputID=7f760e80e4376f4e2af6163c51483957 DependenciesID=337c840ecad8aa6fb74821a609eeec95 StaticDependenciesID=a8ced9cd17797e7bec20cccf45485031 
Importing 'GUID: 515638b803bef8599dbd6d5c8bdaa53e - Path: Packages/com.unity.modules.xr' with importer (DefaultImporter)
Imported 'GUID: 515638b803bef8599dbd6d5c8bdaa53e' -> (Import Result ID: '5a37c9d0ffe34a5b50006e4f62465482') in 0.001 seconds [static dependencies only]. Details - ImportResultOutputID=4287b6c9de175897d57f5d0f89be5f52 DependenciesID=a1cb4a99cebe6155a407646d59dc2054 StaticDependenciesID=1ab7b5bc2bee2d7bc4fa09ace3bca183 
Importing 'GUID: c12b354ff0fe5a348b17bb612cb9740f - Path: Assets/DataLayoutCalibrator' with importer (DefaultImporter)
Imported 'GUID: c12b354ff0fe5a348b17bb612cb9740f' -> (Import Result ID: 'dacbb8cd2ddfcc0cfb08c78f104d27b5') in 0.001 seconds [static dependencies only]. Details - ImportResultOutputID=dad5a46981a2b032f4b0d8a628d76314 DependenciesID=8946f8fe041335283190b8aae8c8162a StaticDependenciesID=ce5586d14388a02acb9704f234a6b2ed 
Importing 'GUID: b219c86ce508e478367c0a46e1aa9fe4 - Path: Packages/com.unity.modules.assetbundle' with importer (DefaultImporter)
Imported 'GUID: b219c86ce508e478367c0a46e1aa9fe4' -> (Import Result ID: 'a2748a60f5678166c2b3852d52867da5') in 0.001 seconds [static dependencies only]. Details - ImportResultOutputID=89494b4b6b631d330268aeb9dacd9e16 DependenciesID=921856f28990377c4a6adb2880524939 StaticDependenciesID=3c5ca1fa6a1de3b94eb727252ff5b481 
Importing 'GUID: 93963ca519b768cbd41ce8514a1fa148 - Path: Packages/com.unity.test-framework.performance' with importer (DefaultImporter)
Imported 'GUID: 93963ca519b768cbd41ce8514a1fa148' -> (Import Result ID: '3ec3587fd5098cf586582a6888b5d123') in 0.001 seconds [static dependencies only]. Details - ImportResultOutputID=7f819014b7331bd83ac74adea0166179 DependenciesID=95795db7c8d74359c773aaa24073618f StaticDependenciesID=99013a4901072d98b03674e9d24b5506 
Importing 'GUID: 04c6898809c37620ac863cc2a5d7c4d0 - Path: Packages/com.unity.modules.vectorgraphics' with importer (DefaultImporter)
Imported 'GUID: 04c6898809c37620ac863cc2a5d7c4d0' -> (Import Result ID: '6ce6cf197e6e2584a217945189f26b1a') in 0.001 seconds [static dependencies only]. Details - ImportResultOutputID=3855432a71b0a738524e2b907e4a06f1 DependenciesID=7acfd1134e732ff3450f0c1ae4fa322b StaticDependenciesID=ec64d2838e106e4778131d24c9401791 
Importing 'GUID: 5469ef0820152a4ae45d400fdc4626e4 - Path: Packages/com.unity.modules.screencapture' with importer (DefaultImporter)
Imported 'GUID: 5469ef0820152a4ae45d400fdc4626e4' -> (Import Result ID: '8da15dc56e1aa018bba7943dcc827116') in 0.001 seconds [static dependencies only]. Details - ImportResultOutputID=883c2ddc1cc8ab47552769d7d10ec20e DependenciesID=3a119f6b1542ccffc8ae3478b95def44 StaticDependenciesID=1f0790c5e082acaed858454a94f7928a 
Importing 'GUID: c4df1124e2787ee0c8d1a911de17ee73 - Path: Packages/com.unity.modules.cloth' with importer (DefaultImporter)
Imported 'GUID: c4df1124e2787ee0c8d1a911de17ee73' -> (Import Result ID: 'dc1c5846b02d4105f603769a7a22fe59') in 0.001 seconds [static dependencies only]. Details - ImportResultOutputID=02c3e07e14f3716325ca51811cb4ad59 DependenciesID=7f28298b0a36e985372f1b78335016fe StaticDependenciesID=cfbf60909dcddf6b5f7a5ea3a1166700 
Importing 'GUID: 850c54ee0b9e1aa740b1c67792eb1f26 - Path: Packages/com.unity.modules.imageconversion' with importer (DefaultImporter)
Imported 'GUID: 850c54ee0b9e1aa740b1c67792eb1f26' -> (Import Result ID: '21deabad27fc95d7e0474789acf0c644') in 0.001 seconds [static dependencies only]. Details - ImportResultOutputID=5e29084e34474b819d3f42b6f87fa2f1 DependenciesID=f8676791f92d41abd7e981d91dbbef19 StaticDependenciesID=a328d4847189a01efbc0969f9ea60779 
Importing 'GUID: 95359b16e281c62e36cb9a40f67bf7dd - Path: Packages/com.unity.collections' with importer (DefaultImporter)
Imported 'GUID: 95359b16e281c62e36cb9a40f67bf7dd' -> (Import Result ID: 'e98a6b85d14d30915dfbe7d4d9c35208') in 0.001 seconds [static dependencies only]. Details - ImportResultOutputID=2477da71ccf314d730ec6377d33d6de4 DependenciesID=15823c1bb038448e873343234695383b StaticDependenciesID=7bf21a91bc4345911c2a1207e486f629 
Importing 'GUID: 95f85adeda79e994f011eb2152cf4fc9 - Path: Packages/com.unity.modules.terrainphysics' with importer (DefaultImporter)
Imported 'GUID: 95f85adeda79e994f011eb2152cf4fc9' -> (Import Result ID: '465f7814253d297a56d8fd953dd137f3') in 0.001 seconds [static dependencies only]. Details - ImportResultOutputID=066c7237bacce3d1fed9fa88ce895dc2 DependenciesID=57b9be22459b33d65e791420a1d52601 StaticDependenciesID=640589dc965b13b3b977faada24e82e5 
Importing 'GUID: c522a644a29fcab2eaf63298c118a65b - Path: Packages/com.unity.modules.unitywebrequest' with importer (DefaultImporter)
Imported 'GUID: c522a644a29fcab2eaf63298c118a65b' -> (Import Result ID: '3364dd55df4f1f5487048dd77f68a0e9') in 0.001 seconds [static dependencies only]. Details - ImportResultOutputID=bd84e5c0828c0c958fda12361a6931c4 DependenciesID=17b6b9e99cb87a6ef815195e2391820b StaticDependenciesID=f109b1c9bea847d6ed95c007b7393878 
Importing 'GUID: d5f0b0adc6826e9dd3b72e292e8438be - Path: Packages/com.unity.modules.unitywebrequestassetbundle' with importer (DefaultImporter)
Imported 'GUID: d5f0b0adc6826e9dd3b72e292e8438be' -> (Import Result ID: '70b7865343eefff2753d8f8def17c951') in 0.001 seconds [static dependencies only]. Details - ImportResultOutputID=28545450f0f8fe7184e75065d2eaebce DependenciesID=a5ec12b65aac20c0188dce3181104c40 StaticDependenciesID=d8e30e95b78c5c4d8ef9d264ed85a76b 
Importing 'GUID: 56b94a5b6990c879bb0f057719d1064b - Path: Packages/com.unity.modules.subsystems' with importer (DefaultImporter)
Imported 'GUID: 56b94a5b6990c879bb0f057719d1064b' -> (Import Result ID: '6582c24a2c22bb9487eb60f03f15e640') in 0.001 seconds [static dependencies only]. Details - ImportResultOutputID=0e619aa1d83b61217ae2e97dfc45d4e9 DependenciesID=4c6a770cb4e30a92abc45f18a93148cd StaticDependenciesID=71bcdb26976ba5aaca917fbafe1a5a85 
Importing 'GUID: 565dbf7b3d983a1d8c13df6f05552220 - Path: Packages/com.unity.burst' with importer (DefaultImporter)
Imported 'GUID: 565dbf7b3d983a1d8c13df6f05552220' -> (Import Result ID: 'b4cb8dcddcd078f52b3c83cc3290b217') in 0.001 seconds [static dependencies only]. Details - ImportResultOutputID=00e8b85e27918d58e0e5d918ead9cc8c DependenciesID=839b380980e9da86ddfe2dd35d468c66 StaticDependenciesID=34c966e73109861403cf1246d215c479 
Importing 'GUID: d6c6a000a805f00649b36b542e8426c2 - Path: Packages/com.unity.modules.unityanalytics' with importer (DefaultImporter)
Imported 'GUID: d6c6a000a805f00649b36b542e8426c2' -> (Import Result ID: 'aac2c452be133576cd5e881564886500') in 0.001 seconds [static dependencies only]. Details - ImportResultOutputID=bf660bcbf114683b66648691531e6d07 DependenciesID=568aa7472433c2f1ef61227974ff5742 StaticDependenciesID=7dbf869ecc8712eaf3b5d6e46acf862d 
Importing 'GUID: d6db7caf2e852b75ebb9c6098418179c - Path: Packages/com.unity.modules.physics' with importer (DefaultImporter)
Imported 'GUID: d6db7caf2e852b75ebb9c6098418179c' -> (Import Result ID: '3be31cd571d86302122c2fbd040a54fe') in 0.001 seconds [static dependencies only]. Details - ImportResultOutputID=ca9e398e0fe23d8852b03b4ef733b883 DependenciesID=7280b59d3b74262aea8686fbc3020be8 StaticDependenciesID=cf4c3d5428251d80a90b0ad594809e5f 
Importing 'GUID: f6d216d2189395c4bb8c42afae62beb8 - Path: Assets/DataLayoutBenchmark' with importer (DefaultImporter)
Imported 'GUID: f6d216d2189395c4bb8c42afae62beb8' -> (Import Result ID: 'a7b42ce38a0aa74d6221f045fa70921c') in 0.001 seconds [static dependencies only]. Details - ImportResultOutputID=c71da0fbad509bae188d5d7c8f338930 DependenciesID=458081b3f7a546ce2fc07ae989e55f9a StaticDependenciesID=ab64362dbb46cfe0d2bc97c1683f4ef9 
Importing 'GUID: 376c84ea405e0f2b80562c23bb977216 - Path: Packages/com.unity.modules.physics2d' with importer (DefaultImporter)
Imported 'GUID: 376c84ea405e0f2b80562c23bb977216' -> (Import Result ID: '0dc0bc826dbb6a655de29a92779ca8f7') in 0.001 seconds [static dependencies only]. Details - ImportResultOutputID=3c523e0fa92287aeca10533038c4ad8c DependenciesID=fb8e35e6fa5947f9a4f1648b4b71a6b0 StaticDependenciesID=d405ef47b73d15923aefb5e36e86e935 
Importing 'GUID: b77b1ad9c05af0412725856c6c53b037 - Path: Packages/com.unity.modules.wind' with importer (DefaultImporter)
Imported 'GUID: b77b1ad9c05af0412725856c6c53b037' -> (Import Result ID: 'd1356e6812f00c9591b06ac00202690b') in 0.001 seconds [static dependencies only]. Details - ImportResultOutputID=20914c3eb4d4a40f977811ac372be123 DependenciesID=e35d3af62e89902ce6b483eb5767412f StaticDependenciesID=6453d3836424fb8e5f0ebcbd98d7e4cb 
Importing 'GUID: 2808ba6bccb2478ec9c7209d8bf1f3cc - Path: Packages/com.unity.modules.uielements' with importer (DefaultImporter)
Imported 'GUID: 2808ba6bccb2478ec9c7209d8bf1f3cc' -> (Import Result ID: 'b02d7cd9fb5ea8603b55108f3b726d3d') in 0.001 seconds [static dependencies only]. Details - ImportResultOutputID=43ac9c1bd0c2e88ddb17cc3ac3d457f4 DependenciesID=edae43a70b7d6770a776e7b0f0017aa8 StaticDependenciesID=514c5676a15e0531ef3508223c53da30 
Importing 'GUID: 38e3a8976f0b9c586b6dfbcef4e4066c - Path: Packages/com.unity.modules.unitywebrequestaudio' with importer (DefaultImporter)
Imported 'GUID: 38e3a8976f0b9c586b6dfbcef4e4066c' -> (Import Result ID: '671af01fd62a437681ee87b7682a0f52') in 0.001 seconds [static dependencies only]. Details - ImportResultOutputID=fa5586dfb87647a6c685707600b86782 DependenciesID=bd371f3e8f93e05cec5fbd79b7104fef StaticDependenciesID=5dbffe0e8d73244830933bdb32251216 
Importing 'GUID: 48b10b41f58d5b49717f376cda59eeb8 - Path: Packages/com.unity.modules.particlesystem' with importer (DefaultImporter)
Imported 'GUID: 48b10b41f58d5b49717f376cda59eeb8' -> (Import Result ID: 'c07c4ddb0df1261b75a856e2b4805d19') in 0.001 seconds [static dependencies only]. Details - ImportResultOutputID=bbc465d3d6faacd80c5d2d6b9e298635 DependenciesID=130d21d560e217c534c25c722b8fabeb StaticDependenciesID=c72dff301597e092262cbe5c606aa4d1 
Importing 'GUID: 783ee1c8fd4414848db1be97aacf44fb - Path: Packages/com.unity.modules.accessibility' with importer (DefaultImporter)
Imported 'GUID: 783ee1c8fd4414848db1be97aacf44fb' -> (Import Result ID: '10f3f2183013983fbf6bcd087d03b97b') in 0.001 seconds [static dependencies only]. Details - ImportResultOutputID=9ceb99a21b9f1e61183206a57a741925 DependenciesID=62db83b32de75e99e6372269284b9ed5 StaticDependenciesID=a1b54e2544cad25e2581a68a81ec0d6c 
Importing 'GUID: 09e28640d754a611467eebfb261ed749 - Path: Packages/com.unity.modules.tilemap' with importer (DefaultImporter)
Imported 'GUID: 09e28640d754a611467eebfb261ed749' -> (Import Result ID: 'ebd352517667d8443f671f0c9184d205') in 0.001 seconds [static dependencies only]. Details - ImportResultOutputID=84462fd97657c416dad9f0a01ba73192 DependenciesID=29d3bfe7d456d8907a03020739d7e01c StaticDependenciesID=ce44db5148078eb257abac946542876a 
Importing 'GUID: 39728903e57c60021f80449a8bbc0096 - Path: Packages/com.unity.modules.ui' with importer (DefaultImporter)
Imported 'GUID: 39728903e57c60021f80449a8bbc0096' -> (Import Result ID: '14af1c1fe9b4344526c7abc7277865ba') in 0.001 seconds [static dependencies only]. Details - ImportResultOutputID=d7a4a57fb3c24edd8687328a72cff587 DependenciesID=0cabb1fe237f6e2870db6cbe4fe7714d StaticDependenciesID=7987e1d1c98b48c5c9b0f2593535bcb6 
Importing 'GUID: 995c08a3305ff9f0dab5e86f340bd9a7 - Path: Packages/com.unity.modules.androidjni' with importer (DefaultImporter)
Imported 'GUID: 995c08a3305ff9f0dab5e86f340bd9a7' -> (Import Result ID: '7b492b591b9d3584a296b7b0684c5401') in 0.001 seconds [static dependencies only]. Details - ImportResultOutputID=30c3e7dc197ceabd471c943bc8eba608 DependenciesID=faf61f76801951cfa59516412b2b13b1 StaticDependenciesID=7fd9f0004f17629d4d9d9feca2f3e278 
Importing 'GUID: b975297a992381c1f3257d0e96892c8a - Path: Packages/com.unity.modules.adaptiveperformance' with importer (DefaultImporter)
Imported 'GUID: b975297a992381c1f3257d0e96892c8a' -> (Import Result ID: '09b5737ae59228e363abcb2ff4185182') in 0.001 seconds [static dependencies only]. Details - ImportResultOutputID=7f7b3e23eb4697a89925ff793958e5e5 DependenciesID=189ada4fed7b7e887deb266fb88527db StaticDependenciesID=35431dd8b0e2dfe624f935c9489c30b6 
Importing 'GUID: e9a46d0940097b5c2c483622a7effc59 - Path: Packages/com.unity.multiplayer.center' with importer (DefaultImporter)
Imported 'GUID: e9a46d0940097b5c2c483622a7effc59' -> (Import Result ID: 'e523951dcd125a076ea11b3bb912a5a4') in 0.001 seconds [static dependencies only]. Details - ImportResultOutputID=f3046c93bbe9d773216fbea661ffa254 DependenciesID=c766819d23994bdbd17a22e78887e13c StaticDependenciesID=a60614908a50f61a37fbff7285f33632 
Importing 'GUID: 2bb5377ae6a39364d0c2a610edfec0ac - Path: Packages/com.unity.ext.nunit' with importer (DefaultImporter)
Imported 'GUID: 2bb5377ae6a39364d0c2a610edfec0ac' -> (Import Result ID: '362210cf3ecc7b3449c66d7ff79923dc') in 0.001 seconds [static dependencies only]. Details - ImportResultOutputID=c78767a63990891a4478a565ac517aa7 DependenciesID=acd8fb90090082a95f62717b6a3d449c StaticDependenciesID=e85bbf3370081d13bd17f6d9268e4cf3 
Importing 'GUID: 6b81377a4453ba7362eb3322f9bcc6c6 - Path: Packages/com.unity.modules.hierarchycore' with importer (DefaultImporter)
Imported 'GUID: 6b81377a4453ba7362eb3322f9bcc6c6' -> (Import Result ID: 'e0668cd424b6bb12556c4c88c74d266e') in 0.001 seconds [static dependencies only]. Details - ImportResultOutputID=75a6fa83ac96f5339da373cd4f5c6e37 DependenciesID=8b451ff511200feb68aa856fdbe872bd StaticDependenciesID=7e87cdcfb0cb51b1a17de4888a09662e 
Importing 'GUID: 1cf2469083ffa484da4d78dd70d708e8 - Path: Packages/com.unity.modules.vehicles' with importer (DefaultImporter)
Imported 'GUID: 1cf2469083ffa484da4d78dd70d708e8' -> (Import Result ID: 'd484d24194dbdf33022056e2b1813ffc') in 0.001 seconds [static dependencies only]. Details - ImportResultOutputID=62c710cd8c5682c589eec3677adcbda2 DependenciesID=f186032b2bf68e59cc971d537d17d2b7 StaticDependenciesID=a6d63e74cac70c2a50bb8c5412507381 
Importing 'GUID: 9c7c268fa6492449654839df69f2a2f4 - Path: Packages/com.unity.modules.umbra' with importer (DefaultImporter)
Imported 'GUID: 9c7c268fa6492449654839df69f2a2f4' -> (Import Result ID: 'e3e7590697be8f3eaf22563b99c0de12') in 0.001 seconds [static dependencies only]. Details - ImportResultOutputID=bf70ea01e70089eaf818b9fb19bb1807 DependenciesID=89e18838790933a04d251fbe0a66feeb StaticDependenciesID=7b52fe256f656cb19fb4a481542b8de1 
Importing 'GUID: dcc8c6e92b172a65719af5ddf47dd968 - Path: Packages/com.unity.modules.unitywebrequestwww' with importer (DefaultImporter)
Imported 'GUID: dcc8c6e92b172a65719af5ddf47dd968' -> (Import Result ID: 'c5e9d32991bc480f4abb3007e4eafc20') in 0.001 seconds [static dependencies only]. Details - ImportResultOutputID=1475fc509da6d933479c8ee5d6c4eeff DependenciesID=ac2c13c6e43956af0f433e1db96c09c1 StaticDependenciesID=a210a1122b7dd2b944cf4a2ed39f7ebc 
Importing 'GUID: fc3a810351931f5e6183e16b9beb5563 - Path: Packages/com.unity.modules.jsonserialize' with importer (DefaultImporter)
Imported 'GUID: fc3a810351931f5e6183e16b9beb5563' -> (Import Result ID: '64859958ccf1e2db5e09c361794e1f6c') in 0.001 seconds [static dependencies only]. Details - ImportResultOutputID=65186f4186bf0f33d3946d1d6d75958c DependenciesID=fae883bb4d985a9d790ce2593e9c8994 StaticDependenciesID=8295b792470579d57941ab04af89f790 
Importing 'GUID: 2d142b475fbfb8cf12ba3a795194300a - Path: Packages/com.unity.modules.director' with importer (DefaultImporter)
Imported 'GUID: 2d142b475fbfb8cf12ba3a795194300a' -> (Import Result ID: '167747f1a52f7eb4b212682fa6b81066') in 0.001 seconds [static dependencies only]. Details - ImportResultOutputID=ba08ff1508e195419df3d8b0ff8d3bd4 DependenciesID=2a8c15376a777b59f5a42aff7460a7a4 StaticDependenciesID=8a4bebab4fddb3fbbc3d794ac30153f9 
Importing 'GUID: 2d6ba5cbe47e6ad3c87474c56174d4e0 - Path: Packages/com.unity.modules.audio' with importer (DefaultImporter)
Imported 'GUID: 2d6ba5cbe47e6ad3c87474c56174d4e0' -> (Import Result ID: 'fdaaaea30fe180bc04e461a556693a1f') in 0.001 seconds [static dependencies only]. Details - ImportResultOutputID=8643a11ddcb415e1ae77356bdcd0e31f DependenciesID=25f9d0671fd0d4f37da2ead7c31143a5 StaticDependenciesID=2ff39f5c93529778aafe692e74132cab 
Importing 'GUID: 2d1dfb1cdea582286af13aba75d9842d - Path: Packages/com.yanagisawa.data-layout-calibrator' with importer (DefaultImporter)
Imported 'GUID: 2d1dfb1cdea582286af13aba75d9842d' -> (Import Result ID: '9415f8b89bcf3efb5605bce5ad50ef60') in 0.001 seconds [static dependencies only]. Details - ImportResultOutputID=febc40bc94190e63a436f10dff452c85 DependenciesID=2f74b3149e915a16dd2f4a7b3c32cf4d StaticDependenciesID=0e46c946589abd3d0a7988751fc85662 
Importing 'GUID: 5d9964ab255daca9bcbdcd3c7faebbb8 - Path: Packages/com.unity.mathematics' with importer (DefaultImporter)
Imported 'GUID: 5d9964ab255daca9bcbdcd3c7faebbb8' -> (Import Result ID: 'f62f0f6b700b583d95ebf53c7bd11653') in 0.001 seconds [static dependencies only]. Details - ImportResultOutputID=7c7744c990c4cec6e6d42fe0fd4f15db DependenciesID=06dad1cb909ed2e6a5d3e1b4ebf17bb0 StaticDependenciesID=5f36d1c7dad7a1cfce96df595c576a7f 
Importing 'GUID: ede0462698a4a5643aa9872c074acd38 - Path: Packages/com.unity.modules.video' with importer (DefaultImporter)
Imported 'GUID: ede0462698a4a5643aa9872c074acd38' -> (Import Result ID: 'fa19b458bd2a38be7835f7111b4c3b00') in 0.001 seconds [static dependencies only]. Details - ImportResultOutputID=f060305cf9a7601b6327f110dec53cf0 DependenciesID=cf4ce5fadf52fddb0bffa88be07c62b5 StaticDependenciesID=8313ec214f0a7d580df79b565c2e82eb 
Importing 'GUID: fd871a8be47119612f7c254e96a822b7 - Path: Packages/com.unity.modules.ai' with importer (DefaultImporter)
Imported 'GUID: fd871a8be47119612f7c254e96a822b7' -> (Import Result ID: 'f8db8ee4e19ca7875270c13a11649b9b') in 0.001 seconds [static dependencies only]. Details - ImportResultOutputID=0bf4624736b8f9ba8d25427695ddd8c6 DependenciesID=8407d264e2870fa733ca8b75f27696c2 StaticDependenciesID=60ac55ba0f0e83ff0744e349017d5e96 
Importing 'GUID: 5e22a8d6e557a1b3cae09054b0b5f9d8 - Path: Packages/com.unity.modules.physicscore2d' with importer (DefaultImporter)
Imported 'GUID: 5e22a8d6e557a1b3cae09054b0b5f9d8' -> (Import Result ID: '105150cf53106daea2c5b3b41c4cbfb5') in 0.001 seconds [static dependencies only]. Details - ImportResultOutputID=8aeec98806d48c587b06189bc919a668 DependenciesID=85fe88ca4f4fdbd538864fc4ce324b20 StaticDependenciesID=9bca5bb16668432354f208a37b47fd54 
Importing 'GUID: 6e1c8b97ec8aa0464e92506ffe099558 - Path: Packages/com.unity.modules.terrain' with importer (DefaultImporter)
Imported 'GUID: 6e1c8b97ec8aa0464e92506ffe099558' -> (Import Result ID: '691f9fd178c2f3bbd1b2c7f2e9e05f53') in 0.001 seconds [static dependencies only]. Details - ImportResultOutputID=81f0943dd12638364c9481b7c44326f7 DependenciesID=212473a748fd45bb74c9242a5a6b2e09 StaticDependenciesID=5d2cbab9c5d748eaf3eea6e5cf9bdbdd 
Importing 'GUID: de8323a5bcf412c073222f94612bf110 - Path: Packages/com.unity.test-framework' with importer (DefaultImporter)
Imported 'GUID: de8323a5bcf412c073222f94612bf110' -> (Import Result ID: 'a3f2e7e6bbcbf94ac892cde40ab31106') in 0.001 seconds [static dependencies only]. Details - ImportResultOutputID=f584d7db1bbf3e504de6955be1b4dff6 DependenciesID=4a4511e342ef43a6912125e869ff48bf StaticDependenciesID=8bd0d8cb43ca4930e6cdd57360338737 
Importing 'GUID: 6f1c7ebc8ac78cb951be24c238cbd3ba - Path: Packages/com.unity.modules.unitywebrequesttexture' with importer (DefaultImporter)
Imported 'GUID: 6f1c7ebc8ac78cb951be24c238cbd3ba' -> (Import Result ID: '93afd43b71ab37900db96810516c5a49') in 0.001 seconds [static dependencies only]. Details - ImportResultOutputID=f756e1201c1cee903471ba41f17534ce DependenciesID=06d199a8daaba2c3145c763f5e54ae9e StaticDependenciesID=6bbe53969b04c417474f509ba5dd9f7f 
Importing 'GUID: 0025085fa936303aa05b328e44651f9c - Path: Packages/com.unity.burst/Unity.Burst.CodeGen' with importer (DefaultImporter)
Imported 'GUID: 0025085fa936303aa05b328e44651f9c' -> (Import Result ID: '7ec00548caf183593e5386bffd3c8271') in 0.001 seconds [static dependencies only]. Details - ImportResultOutputID=4ae115ab2aa3b7a157509604d87d2d16 DependenciesID=b470a97633ac6efdff1f25fe11028508 StaticDependenciesID=d5973e1638a6749249e4b671c5476a8c 
Importing 'GUID: 00a9bcd29d03e5043aad0c9a7e6185f3 - Path: Packages/com.unity.collections/Unity.Collections.BurstCompatibilityGen' with importer (DefaultImporter)
Imported 'GUID: 00a9bcd29d03e5043aad0c9a7e6185f3' -> (Import Result ID: '2beee3ed8c94f3e6c1c1389510cfc94a') in 0.001 seconds [static dependencies only]. Details - ImportResultOutputID=eb41ff3236e02d89198e10b0cbdcb33c DependenciesID=6d51f81d0bd42193151b83cafda3781f StaticDependenciesID=cd0f80bb6169280cba8384d4195905ba 
Importing 'GUID: b0cc14a1035a4804bb8d8563811a1787 - Path: Assets/DataLayoutCalibrator/Generated' with importer (DefaultImporter)
Imported 'GUID: b0cc14a1035a4804bb8d8563811a1787' -> (Import Result ID: 'b4244598313e5a9a12b81377a7b24641') in 0.001 seconds [static dependencies only]. Details - ImportResultOutputID=25bdde35f99d1e47f401de9c2c4a69e8 DependenciesID=28479500e2802597d036f4ee4a4bfcf9 StaticDependenciesID=cb893c89dd11e22b050259da4c764f06 
Importing 'GUID: d1e9e4c1f536d9246ac795d9abc62342 - Path: Packages/com.unity.collections/Unity.Collections.Editor' with importer (DefaultImporter)
Imported 'GUID: d1e9e4c1f536d9246ac795d9abc62342' -> (Import Result ID: 'a5a25ca1177366d3fddfc99f01b4acfd') in 0.001 seconds [static dependencies only]. Details - ImportResultOutputID=1cca4de8da11640577d088eaa92ef9a1 DependenciesID=b6553c6a94abc8a644e06f2319965d55 StaticDependenciesID=ad9988a1b8acf14c1672cce72f96345d 
Importing 'GUID: e1700f0d2aa03c568eaedb3efe6720f0 - Path: Packages/com.unity.burst/Runtime' with importer (DefaultImporter)
Imported 'GUID: e1700f0d2aa03c568eaedb3efe6720f0' -> (Import Result ID: '263d91237d45f3b68d2ae1c91276532b') in 0.001 seconds [static dependencies only]. Details - ImportResultOutputID=7812c54eae00c302e7581bbf8f019166 DependenciesID=8102513751d92908fc281021a72af4c9 StaticDependenciesID=22ec9d1907ee28cb8d41176fc70a01ae 
Importing 'GUID: 72aad6ae0dafb492cbf852432441bb38 - Path: Packages/com.unity.multiplayer.center/Editor' with importer (DefaultImporter)
Imported 'GUID: 72aad6ae0dafb492cbf852432441bb38' -> (Import Result ID: '23c609bb5d3776500964e51d11a6f45d') in 0.001 seconds [static dependencies only]. Details - ImportResultOutputID=fd813adfe6f53e0e5a3fd1bde50dd9b3 DependenciesID=8ef256964616b8aaeb672279607547c7 StaticDependenciesID=bc7ad81b0c1796687e8b806f5aac6d62 
Importing 'GUID: f247964bd405431fbd31840f97bef608 - Path: Packages/com.unity.multiplayer.center/Common' with importer (DefaultImporter)
Imported 'GUID: f247964bd405431fbd31840f97bef608' -> (Import Result ID: '18e546c780168da06bda156e0e91d875') in 0.002 seconds [static dependencies only]. Details - ImportResultOutputID=758923f3b917a744e934a49667168e4f DependenciesID=3d17e158704414be44820745002ad775 StaticDependenciesID=0f5b0d577c40d764710f1d389fbef31d 
Importing 'GUID: 6353acf8df7d746d98d65f640d39ea47 - Path: Packages/com.unity.collections/Unity.Collections.LowLevel.ILSupport' with importer (DefaultImporter)
Imported 'GUID: 6353acf8df7d746d98d65f640d39ea47' -> (Import Result ID: '13ffdb0655799731b9e22f4fc5c0a22e') in 0.001 seconds [static dependencies only]. Details - ImportResultOutputID=921982f18c2f4d04a3ea6a717385a370 DependenciesID=d0aa4f6d40d23706d50431324d85596f StaticDependenciesID=a0f2c519117e0df2e620c8938a3177d7 
Importing 'GUID: c32cd07d0cb7eb9408f55ae3d41f7fd5 - Path: Packages/com.yanagisawa.data-layout-calibrator/Runtime' with importer (DefaultImporter)
Imported 'GUID: c32cd07d0cb7eb9408f55ae3d41f7fd5' -> (Import Result ID: '9c7371b37721f0b98beaf756bd694ee2') in 0.000 seconds [static dependencies only]. Details - ImportResultOutputID=e4f19b3d711dc5393271c240658ff516 DependenciesID=5a1ba64d25faf2c9a42c0ab48443000a StaticDependenciesID=2de3c179328e3a38689ee7cb53ed5c32 
Importing 'GUID: d3c61e5b741145c58b625a955f92683c - Path: Packages/com.yanagisawa.data-layout-calibrator/SourceGenerators' with importer (DefaultImporter)
Imported 'GUID: d3c61e5b741145c58b625a955f92683c' -> (Import Result ID: '12f4e2f314931197644e48d9b23ae158') in 0.001 seconds [static dependencies only]. Details - ImportResultOutputID=218f61132d852c313412bf37efb30b85 DependenciesID=36a2ef78d4b7cdc9d252eb155c18a729 StaticDependenciesID=53aafe7381d863db3ce660e90c283e47 
Importing 'GUID: 04270704ae4dc994cb99e586b2ddf5e0 - Path: Packages/com.unity.mathematics/Unity.Mathematics' with importer (DefaultImporter)
Imported 'GUID: 04270704ae4dc994cb99e586b2ddf5e0' -> (Import Result ID: 'af60bad1aa20dc0450f4a61132e9f95d') in 0.001 seconds [static dependencies only]. Details - ImportResultOutputID=1ac1f880dc5e74e3bb94e0085c2e61c2 DependenciesID=4ed3f4ba3b2669c511c4abaf379ae056 StaticDependenciesID=9009141a70b18fdf7c0cb2601ca43fdc 
Importing 'GUID: 64eb865185e099a4489b7b81fd1ff280 - Path: Packages/com.yanagisawa.data-layout-calibrator/Samples' with importer (DefaultImporter)
Imported 'GUID: 64eb865185e099a4489b7b81fd1ff280' -> (Import Result ID: '841b2fbfbc722d0966b0c75fa21d55c5') in 0.001 seconds [static dependencies only]. Details - ImportResultOutputID=9cbeea614ad6abc5a51ef52ce4c45b64 DependenciesID=60a851cae3057ce26dea19ff5d74d053 StaticDependenciesID=2fd91b8c4d2ef33c2105d48de058c879 
Importing 'GUID: d44454e6d25878e46a8495f8a720d7c0 - Path: Packages/com.unity.collections/Unity.Collections.CodeGen' with importer (DefaultImporter)
Imported 'GUID: d44454e6d25878e46a8495f8a720d7c0' -> (Import Result ID: '9836dd859f8250ac9e20abe2893536c6') in 0.001 seconds [static dependencies only]. Details - ImportResultOutputID=bd2a6ec09e80aeb7706ff95a4f27cbe3 DependenciesID=a5f7b11e7926e66a46591a605c171554 StaticDependenciesID=11c5c57be068488ec9d647baabe26729 
Importing 'GUID: 851059649e6d63e4fb0769ac17814d1b - Path: Assets/DataLayoutCalibrator/Editor' with importer (DefaultImporter)
Imported 'GUID: 851059649e6d63e4fb0769ac17814d1b' -> (Import Result ID: 'c98d4e5dbc681e6822bcb045feddf1e4') in 0.000 seconds [static dependencies only]. Details - ImportResultOutputID=8f0d8c429a9d9a684fb67401e6cd23ea DependenciesID=a17cee57ced04a1e722608709ce3350d StaticDependenciesID=5ffd8642ed6581d1472f87aaad2d8faf 
Importing 'GUID: 950890083f4907541a6ed06d70959e49 - Path: Packages/com.unity.test-framework/UnityEngine.TestRunner' with importer (DefaultImporter)
Imported 'GUID: 950890083f4907541a6ed06d70959e49' -> (Import Result ID: 'e2d08cc6f2efd30050ea59fe2d7859af') in 0.001 seconds [static dependencies only]. Details - ImportResultOutputID=9d0a0dd032448920d0a1f19431a2b37e DependenciesID=6574350b6098a5e2566373103d98c0fb StaticDependenciesID=bbd445e1c399e132bbead11e600bdc0b 
Importing 'GUID: 95cdf27b47eb82747ba9e51f41e72a35 - Path: Packages/com.unity.test-framework/UnityEditor.TestRunner' with importer (DefaultImporter)
Imported 'GUID: 95cdf27b47eb82747ba9e51f41e72a35' -> (Import Result ID: 'fd17400a95ce365e7e8809725018eb0b') in 0.001 seconds [static dependencies only]. Details - ImportResultOutputID=c30eb80b710dc3dd71402b2a207cfe47 DependenciesID=4012352366b84c14833cb186b2422826 StaticDependenciesID=1c6393f3f6b9234343a2ce84e69a54e1 
Importing 'GUID: b5713c21e3bf34803880e60596ab7e69 - Path: Packages/com.unity.collections/Unity.Collections' with importer (DefaultImporter)
Imported 'GUID: b5713c21e3bf34803880e60596ab7e69' -> (Import Result ID: '19cc1eaebf82622132c76e972746307d') in 0.001 seconds [static dependencies only]. Details - ImportResultOutputID=725a2aa1a83065c772062fd99e9db374 DependenciesID=d177c6717009d343986205b32ccf99c7 StaticDependenciesID=9c9eda3efbbdfafddb61b9a7966d0aa3 
Importing 'GUID: 0600146fb26ea4138a2f66b89faa9e86 - Path: Packages/com.unity.nuget.mono-cecil/Tests' with importer (DefaultImporter)
Imported 'GUID: 0600146fb26ea4138a2f66b89faa9e86' -> (Import Result ID: '7d5ad93839aac821550823fb916711af') in 0.001 seconds [static dependencies only]. Details - ImportResultOutputID=659b914f2d34f88e6d8fe8aef4b19a21 DependenciesID=bd6f66c30ca83d3570b4babbc4dc8061 StaticDependenciesID=faf6cb71329c0692cd39734c862e8aa2 
Importing 'GUID: a6ca3ceb44ad3b13ad15d2de0caf14d0 - Path: Packages/com.unity.burst/Editor' with importer (DefaultImporter)
Imported 'GUID: a6ca3ceb44ad3b13ad15d2de0caf14d0' -> (Import Result ID: '44058e1b8eb6a279572194e5f7e5ccf0') in 0.000 seconds [static dependencies only]. Details - ImportResultOutputID=82e61aa44fe4bf597789a2f744e5db66 DependenciesID=ef2f6c56c98463578d9cb5f2a5aafcc5 StaticDependenciesID=015db48659ecf2304cc5d5b3d3934c08 
Importing 'GUID: c6109ec765950cf45afaad2f5e13b092 - Path: Assets/DataLayoutCalibrator/Runtime' with importer (DefaultImporter)
Imported 'GUID: c6109ec765950cf45afaad2f5e13b092' -> (Import Result ID: 'f61ded459814942ea291bb87e1568976') in 0.000 seconds [static dependencies only]. Details - ImportResultOutputID=90fee63902b3171aeac23f0cf6a189fd DependenciesID=c5e9c19fb4ce6f77cc2e3c480df63cfa StaticDependenciesID=8bac147327159c603b37148381c65203 
Importing 'GUID: 0855336f89ed65c45a15c56d2269fffd - Path: Packages/com.unity.test-framework.performance/Editor' with importer (DefaultImporter)
Imported 'GUID: 0855336f89ed65c45a15c56d2269fffd' -> (Import Result ID: '9a6d66fc5438c925bcd209f186d8238b') in 0.000 seconds [static dependencies only]. Details - ImportResultOutputID=10e56d7b5a50086cf00601dcfb07edfc DependenciesID=8ce4e0d4d1e8eb4f94a4bfbbb5d35561 StaticDependenciesID=258858df6cc8a70c8596ffae83b79422 
Importing 'GUID: a962d501f44484c37814dbad5ed605e9 - Path: Packages/com.unity.ext.nunit/net472' with importer (DefaultImporter)
Imported 'GUID: a962d501f44484c37814dbad5ed605e9' -> (Import Result ID: '88cec5b4ad80dd8ccf7caa52817a0a41') in 0.001 seconds [static dependencies only]. Details - ImportResultOutputID=0fb736c25fa959b21ff8949633da9a4e DependenciesID=327b27a499a0d2edbf32ab8b37d13885 StaticDependenciesID=7100f80d242d6d46e4671b1ff617e087 
Importing 'GUID: 8a512234959c84f759a00b7053a0169b - Path: Packages/com.unity.mathematics/Tests' with importer (DefaultImporter)
Imported 'GUID: 8a512234959c84f759a00b7053a0169b' -> (Import Result ID: 'cfe731611789dd0a022f6e6b0c2392a1') in 0.000 seconds [static dependencies only]. Details - ImportResultOutputID=05fa5f1a77b84e51df1b205b2cde8d01 DependenciesID=43c2a5401091ae83c7eed94f65c4bebe StaticDependenciesID=3847cfb8290aa0e54c142cd36cf2bb93 
Importing 'GUID: baf75c9d3de4941df9ee5f3dd1d3bc34 - Path: Packages/com.unity.multiplayer.center/Tests' with importer (DefaultImporter)
Imported 'GUID: baf75c9d3de4941df9ee5f3dd1d3bc34' -> (Import Result ID: '0c02e1917e7d769a556dc804bd5c06a0') in 0.000 seconds [static dependencies only]. Details - ImportResultOutputID=472be40ede228cb93594a902416e88d6 DependenciesID=fccce4aff907ba582ab057da09426ca4 StaticDependenciesID=ab68b37705a23cb931c5480c6a2009c2 
Importing 'GUID: 1bc474d6c48563e48bf377774df23cb1 - Path: Packages/com.unity.collections/Unity.Collections.Tests.Playmode' with importer (DefaultImporter)
Imported 'GUID: 1bc474d6c48563e48bf377774df23cb1' -> (Import Result ID: '33d5a9c62f538994fbe23001e4f5d7c6') in 0.002 seconds [static dependencies only]. Details - ImportResultOutputID=9838af8ae3c39e9f11270360b13ed15d DependenciesID=0f62460237af103406433f25e32bc66a StaticDependenciesID=d92d202c6f02f5f8bbdc65a41631f194 
Importing 'GUID: 4c3b5584c2c4c483b9816878d89d3793 - Path: Packages/com.unity.collections/Unity.Collections.PerformanceTests' with importer (DefaultImporter)
Imported 'GUID: 4c3b5584c2c4c483b9816878d89d3793' -> (Import Result ID: 'd0a927f43825b95e70d8d6dc1bac386d') in 0.001 seconds [static dependencies only]. Details - ImportResultOutputID=a5946da6d4e016741ce6ff08ae709ed1 DependenciesID=205b641822d319a7b16d8239e86c237b StaticDependenciesID=ed4a855623b3de4ab73f691e01ca104a 
Importing 'GUID: 5c67b9b0b7cb745ff9944601a5b65149 - Path: Packages/com.unity.collections/Unity.Collections.Tests' with importer (DefaultImporter)
Imported 'GUID: 5c67b9b0b7cb745ff9944601a5b65149' -> (Import Result ID: '140a49c7394142fa5c6f992878e0bc10') in 0.001 seconds [static dependencies only]. Details - ImportResultOutputID=3e8f9ac41f3ef55bd15a7c36c55c552f DependenciesID=97a2de5c3f2b0323d66c940c25706c70 StaticDependenciesID=e74f5e7d8a6f940655249edaa5ba82fa 
Importing 'GUID: ed2c1c145cb193d4d8987d3886bc12b4 - Path: Packages/com.unity.collections/DocCodeSamples.Tests' with importer (DefaultImporter)
Imported 'GUID: ed2c1c145cb193d4d8987d3886bc12b4' -> (Import Result ID: '3f07a471cd821561f606e3b67feca715') in 0.001 seconds [static dependencies only]. Details - ImportResultOutputID=f713dd70942667da024e0a9f26a91ac6 DependenciesID=1e6a9d8e23cc5b0a8759d50c17904969 StaticDependenciesID=13c4e2f8eb5a022b828c411471bc1ef9 
Importing 'GUID: 1e38197c94bc9b7488f73f7053172578 - Path: Packages/com.yanagisawa.data-layout-calibrator/Tests' with importer (DefaultImporter)
Imported 'GUID: 1e38197c94bc9b7488f73f7053172578' -> (Import Result ID: 'eb1698cb6367a77ad36960a4409b1d67') in 0.000 seconds [static dependencies only]. Details - ImportResultOutputID=e8806b31632f6a77ac16071c316fb1ba DependenciesID=437492f5fcecf71ffd6cfada0a0cc954 StaticDependenciesID=59946d03a4d7eb7264c94549b8a63e06 
Importing 'GUID: 6edbafb3b8c712640ae66bb69eabb0a8 - Path: Packages/com.unity.test-framework.performance/Runtime' with importer (DefaultImporter)
Imported 'GUID: 6edbafb3b8c712640ae66bb69eabb0a8' -> (Import Result ID: '938114aae555e983474adba51681e0db') in 0.000 seconds [static dependencies only]. Details - ImportResultOutputID=108ec481a851304e5a5f8143f9f8028b DependenciesID=c003832c2ccd9082af4b27acbf4c74d3 StaticDependenciesID=af1afa63e73b283ac5fae3fab6a1818a 
Importing 'GUID: ee3c6001d6f4bbf409631328fb4cd463 - Path: Packages/com.unity.collections/Unity.Collections.PerformanceTests.Internal' with importer (DefaultImporter)
Imported 'GUID: ee3c6001d6f4bbf409631328fb4cd463' -> (Import Result ID: 'affaef0c478497ecfb99d49d435e7346') in 0.001 seconds [static dependencies only]. Details - ImportResultOutputID=51ada27937c2cdbbb3e0a8f665e3f154 DependenciesID=75c0c99459ee4562d152ebb4eaf05f9e StaticDependenciesID=d9ecdc947559ddeef2f2eec1023306a5 
Importing 'GUID: 30bb01dc09cb89b4faf344490fee76a7 - Path: Packages/com.unity.test-framework.performance/Editor/TestReportGraph' with importer (DefaultImporter)
Imported 'GUID: 30bb01dc09cb89b4faf344490fee76a7' -> (Import Result ID: 'f77985d001ef6d7360f98614addf74fb') in 0.001 seconds [static dependencies only]. Details - ImportResultOutputID=1c466b38045ec12cb7da8cd1493de1e3 DependenciesID=d5925ac38d12e2bce835f149d94b00c7 StaticDependenciesID=6df264ab42072d41738e12af7ebbae0a 
Importing 'GUID: c0c170ab616b34944bcd5e75cfcb9d06 - Path: Packages/com.unity.test-framework.performance/Runtime/Measurements' with importer (DefaultImporter)
Imported 'GUID: c0c170ab616b34944bcd5e75cfcb9d06' -> (Import Result ID: 'cbcba3d89a87d6b22e5b18871064e706') in 0.001 seconds [static dependencies only]. Details - ImportResultOutputID=96e3a0554eaa1050f3ddca0ed45f68b1 DependenciesID=75e0bc571bc49be2187ff69c36947d0e StaticDependenciesID=71e98c9c6e751c65dfece8db1c573792 
Importing 'GUID: 21f32d2f4add49b3b11fadb6889a2156 - Path: Packages/com.unity.multiplayer.center/Editor/Analytics' with importer (DefaultImporter)
Imported 'GUID: 21f32d2f4add49b3b11fadb6889a2156' -> (Import Result ID: 'ec3530efaa925f242a1d7b37e2511fac') in 0.001 seconds [static dependencies only]. Details - ImportResultOutputID=7627045f4445b3bccda132ac184a65c4 DependenciesID=ff6e7ff7989a81eb99f21f83a83608f1 StaticDependenciesID=85dea544c47988addc3124f5c7fb5701 
Importing 'GUID: 22d3dbf8d488d49d2b1130d698010dee - Path: Packages/com.unity.multiplayer.center/Editor/Features' with importer (DefaultImporter)
Imported 'GUID: 22d3dbf8d488d49d2b1130d698010dee' -> (Import Result ID: 'fb0aa43c9511eaea9425541f2fe7f290') in 0.001 seconds [static dependencies only]. Details - ImportResultOutputID=fb074caa7d2abd29e270db3a9b71e3a9 DependenciesID=7611f4541bbe893b08bfab02cc86d1bb StaticDependenciesID=54f8b153f8514057e0408931b2954b52 
Importing 'GUID: d2bd35c14da30b94c81ec15c7db30136 - Path: Packages/com.unity.test-framework.performance/Runtime/Attributes' with importer (DefaultImporter)
Imported 'GUID: d2bd35c14da30b94c81ec15c7db30136' -> (Import Result ID: '5d55b2403bff2d0de3896c0546bcad6c') in 0.001 seconds [static dependencies only]. Details - ImportResultOutputID=4807e57c1d63e3c8cdce723131a935f6 DependenciesID=2e439d7912a7379ce389355658ab9b55 StaticDependenciesID=dbf07846fc4892e202dafc453954854d 
Importing 'GUID: 0369bc643b4a11246a869e582c0f275a - Path: Packages/com.unity.test-framework.performance/Runtime/Data' with importer (DefaultImporter)
Imported 'GUID: 0369bc643b4a11246a869e582c0f275a' -> (Import Result ID: 'c9234dc3fc50c489f7870ac8ee302910') in 0.001 seconds [static dependencies only]. Details - ImportResultOutputID=963fc1b00d3642ebd112d897cb5bc384 DependenciesID=94a1ac0e788a9fa1a0f8792c60a01cf6 StaticDependenciesID=5becef3e5d751bf096a541de0444bafd 
Importing 'GUID: 336c58ff186c3f245a1e3353bd539093 - Path: Packages/com.unity.collections/Unity.Collections.PerformanceTests/Unity.PerformanceTesting.Benchmark' with importer (DefaultImporter)
Imported 'GUID: 336c58ff186c3f245a1e3353bd539093' -> (Import Result ID: 'ce80317ba4adbd2dc03adccf193122e9') in 0.001 seconds [static dependencies only]. Details - ImportResultOutputID=9ddde4abcf0badd4b18123998c77c35e DependenciesID=4fdca70e0054a910743836fa9fe3f2fc StaticDependenciesID=7755fc3a517f347ad9c22bdaf52c06a8 
Importing 'GUID: 936c6340f3468444ebb1785b4c311126 - Path: Packages/com.unity.test-framework/UnityEditor.TestRunner/UnityTestProtocol' with importer (DefaultImporter)
Imported 'GUID: 936c6340f3468444ebb1785b4c311126' -> (Import Result ID: '08168af70a50339b02f2fa7936aefadb') in 0.001 seconds [static dependencies only]. Details - ImportResultOutputID=89127d418b93a7e53b9d2f81dc229627 DependenciesID=99f8c1478cc33a49d908cde977fac78d StaticDependenciesID=5e63d9d4abe31c642cabf245322ec22a 
Importing 'GUID: b477d1f29b65a674e9d5cdab4eb72b01 - Path: Packages/com.unity.test-framework/UnityEditor.TestRunner/CommandLineTest' with importer (DefaultImporter)
Imported 'GUID: b477d1f29b65a674e9d5cdab4eb72b01' -> (Import Result ID: '0903b0b05a40ef82bd092ebeaee23db7') in 0.002 seconds [static dependencies only]. Details - ImportResultOutputID=6b09130ee2b1eae35ef5007d9a1c5219 DependenciesID=37c1b316950874d612885de593d66cc0 StaticDependenciesID=75d6a31abca3b99d7d9293303ee9ff50 
Importing 'GUID: c433e85ffb033bc99961d95aba84d010 - Path: Packages/com.unity.burst/Runtime/Editor' with importer (DefaultImporter)
Imported 'GUID: c433e85ffb033bc99961d95aba84d010' -> (Import Result ID: 'fdbae8ac5ab3d5230895e9b5d208ac49') in 0.000 seconds [static dependencies only]. Details - ImportResultOutputID=b90a04329b33d0a9bd72b713ba648f83 DependenciesID=72bf5d1c1705ead3d185715ede4e2c02 StaticDependenciesID=9b2a22b9f866e65e7fe03648e40dc618 
Importing 'GUID: c444cdaea13cbba4ba4a77b9e7a1d55d - Path: Packages/com.yanagisawa.data-layout-calibrator/Samples/ParticleIntegrate' with importer (DefaultImporter)
Imported 'GUID: c444cdaea13cbba4ba4a77b9e7a1d55d' -> (Import Result ID: 'b20e27f1cf2aed2b97bc6004caa7ad30') in 0.001 seconds [static dependencies only]. Details - ImportResultOutputID=0b20f709a3c12b1bc68680b9c7b26c05 DependenciesID=2bb1eee889c1f946845620ae8fd7d45a StaticDependenciesID=8035ac2171f7be802b9884649fba26c2 
Importing 'GUID: 15816ede41b819e439cb53115efc62b0 - Path: Packages/com.unity.collections/Unity.Collections.Tests/Jobs' with importer (DefaultImporter)
Imported 'GUID: 15816ede41b819e439cb53115efc62b0' -> (Import Result ID: '690c24448d793fff331b903c2487c0cd') in 0.001 seconds [static dependencies only]. Details - ImportResultOutputID=eed37badb34d11bdd449b12d683965d8 DependenciesID=143127d9d0132233993bcd9273396c10 StaticDependenciesID=53ae91f31ae1327ef74e6af5b4df5679 
Importing 'GUID: 4598ea5d00316445abd4ab7d202861fd - Path: Packages/com.unity.mathematics/Tests/Editor' with importer (DefaultImporter)
Imported 'GUID: 4598ea5d00316445abd4ab7d202861fd' -> (Import Result ID: '8b28e7b3d2ac66ef4fe50ca95ad5aecf') in 0.000 seconds [static dependencies only]. Details - ImportResultOutputID=b73e008404f497f0762738fc225fa37e DependenciesID=8131777c57c1b6da42b66ef509d7db27 StaticDependenciesID=943d251891649130455397b61c49c003 
Importing 'GUID: 45ad7246e4741472187b3dbd3cfff518 - Path: Packages/com.unity.nuget.mono-cecil/Tests/Editor' with importer (DefaultImporter)
Imported 'GUID: 45ad7246e4741472187b3dbd3cfff518' -> (Import Result ID: '11fd8c45ddd0f3f48442fbf2246bd355') in 0.000 seconds [static dependencies only]. Details - ImportResultOutputID=60fc15098f0eddc993ae93fac06cb5ca DependenciesID=10222b1f0242b99eb7c9af5a013f3d44 StaticDependenciesID=17418168b8fccb584c1954cd91b82df0 
Importing 'GUID: 85fd8883b983ce84097315fa9514bc23 - Path: Packages/com.yanagisawa.data-layout-calibrator/Tests/Editor' with importer (DefaultImporter)
Imported 'GUID: 85fd8883b983ce84097315fa9514bc23' -> (Import Result ID: 'bcf92fe37460b2373c74f0a4fdb76533') in 0.000 seconds [static dependencies only]. Details - ImportResultOutputID=4cd2a032bb9ad662411d6aeb68a67be7 DependenciesID=08007072bdd71b0e162de052c93adc0d StaticDependenciesID=43e90f5b2ffe4ac5be1cbec4d92513a4 
Importing 'GUID: 95b719082a664ea45bb56759eed1f271 - Path: Packages/com.unity.test-framework/UnityEditor.TestRunner/TestSettings' with importer (DefaultImporter)
Imported 'GUID: 95b719082a664ea45bb56759eed1f271' -> (Import Result ID: 'abf8bcd073f5afcde93fe2116a73927f') in 0.001 seconds [static dependencies only]. Details - ImportResultOutputID=26719bd1c3a48fbd939af9a8e209c7ef DependenciesID=6a814a70fef62ffa8fa2f6f817b20ebd StaticDependenciesID=b3cac260d61f485981d0905a415882e5 
Importing 'GUID: d549366794d73f618193482d7f40ae75 - Path: Packages/com.unity.burst/Runtime/CompilerServices' with importer (DefaultImporter)
Imported 'GUID: d549366794d73f618193482d7f40ae75' -> (Import Result ID: '92255296d6fe8d8a2384cd2c3d6a33de') in 0.001 seconds [static dependencies only]. Details - ImportResultOutputID=408fd5b42849c2169f2b240b0936acdd DependenciesID=fa30868c6ffaed1f3e2d01fdab163fc7 StaticDependenciesID=927ad59ce020138efb168b7268587164 
Importing 'GUID: 7602252bdb82b8d45ae3483c3a00d3e1 - Path: Packages/com.unity.test-framework/UnityEditor.TestRunner/CommandLineParser' with importer (DefaultImporter)
Imported 'GUID: 7602252bdb82b8d45ae3483c3a00d3e1' -> (Import Result ID: '6c3d8509452e9e58bc899033c7872ed2') in 0.001 seconds [static dependencies only]. Details - ImportResultOutputID=f9dfa1c1591b6cc754dc7a89ea46d3e7 DependenciesID=b8d59d678a09b0b1bfc8e299aa5ff6a0 StaticDependenciesID=441e1f88b31c6cff30c54da225e93611 
Importing 'GUID: 96c71b811fa50403690b154e216fe217 - Path: Packages/com.unity.multiplayer.center/Tests/Editor' with importer (DefaultImporter)
Imported 'GUID: 96c71b811fa50403690b154e216fe217' -> (Import Result ID: '2a7a53fb280c0e236360bfed22d5107d') in 0.000 seconds [static dependencies only]. Details - ImportResultOutputID=c9c8f2de7834bb2ffb0da4bb4f2955fa DependenciesID=3bf95d95c8f8c68e849b056e15257e44 StaticDependenciesID=1d182c1bd3b7e05db307ecf5c68fdd24 
Importing 'GUID: b6a3ada20a8c4030907eb96c0cb331bc - Path: Packages/com.unity.test-framework.performance/Editor/UIElements' with importer (DefaultImporter)
Imported 'GUID: b6a3ada20a8c4030907eb96c0cb331bc' -> (Import Result ID: '22aca1aa4f6f12101abdd808717c0906') in 0.001 seconds [static dependencies only]. Details - ImportResultOutputID=54d37e9de362623f8c0f2a7c4653d074 DependenciesID=9bf813955628cc4b7d08ed2c270b709b StaticDependenciesID=bd1bc1a5a36342a4b3c6bae8b07267ec 
Importing 'GUID: d64d92e4f04a13e4b99ea8d48e9e8ae9 - Path: Packages/com.unity.test-framework/UnityEditor.TestRunner/TestLaunchers' with importer (DefaultImporter)
Imported 'GUID: d64d92e4f04a13e4b99ea8d48e9e8ae9' -> (Import Result ID: 'cf68c827c75de909020a5d03129fb790') in 0.001 seconds [static dependencies only]. Details - ImportResultOutputID=a0cbcea9f871bede76e5589470a0b9df DependenciesID=524227ea7287600aa513f56cd7c30e33 StaticDependenciesID=9139f13ac8ad785a896633a0415d51e5 
Importing 'GUID: 1726448925bf4bd1af6ca883bae8ff3f - Path: Packages/com.unity.multiplayer.center/Editor/OnBoarding' with importer (DefaultImporter)
Imported 'GUID: 1726448925bf4bd1af6ca883bae8ff3f' -> (Import Result ID: 'd9fe39903bd0077ff616cf0212752ec0') in 0.001 seconds [static dependencies only]. Details - ImportResultOutputID=14950a62abf6548e54801ab788e1f49c DependenciesID=fb66be4914dfeef02bce245c95d7fb41 StaticDependenciesID=7000f935ff9a18704e106692518f6b56 
Importing 'GUID: 27328db3447b143dcb24e8c854d86028 - Path: Packages/com.unity.ext.nunit/net472/unity-custom' with importer (DefaultImporter)
Imported 'GUID: 27328db3447b143dcb24e8c854d86028' -> (Import Result ID: '599a8d7e227d04fc8e60530231ba82cc') in 0.001 seconds [static dependencies only]. Details - ImportResultOutputID=1b08fb6f528fa1c4cea1952d60bb44cb DependenciesID=f5bd53eb05fec9550d0b0870ec95ea26 StaticDependenciesID=14dd154cedb5d9baf4472e84ac0d2ef6 
Importing 'GUID: 8721cb2237d4a564a94a51f56243bdac - Path: Packages/com.unity.test-framework/UnityEditor.TestRunner/TestRun' with importer (DefaultImporter)
Imported 'GUID: 8721cb2237d4a564a94a51f56243bdac' -> (Import Result ID: 'aa18de8b7a2404c426b8933aefe0223f') in 0.001 seconds [static dependencies only]. Details - ImportResultOutputID=bb3abceed2dcdbc717577da6a5516a6a DependenciesID=ebb8729bffaee65f346417f60cb5e4fc StaticDependenciesID=bfc1e29342ad5b5e52e8ce9d5eaa5118 
Importing 'GUID: 97646f506bf040e9bd4568124c8b425e - Path: Packages/com.unity.multiplayer.center/Editor/Recommendations' with importer (DefaultImporter)
Imported 'GUID: 97646f506bf040e9bd4568124c8b425e' -> (Import Result ID: '485e4f87182f6d1baf8dc9dbc78cedb9') in 0.001 seconds [static dependencies only]. Details - ImportResultOutputID=56d8246ba8918c014e8884d34d60ce31 DependenciesID=5120bfcae0085108497882361d021813 StaticDependenciesID=aac44ce2f7ab728e3b877892a0b5569b 
Importing 'GUID: a7f089ed51c2345ffb7ac0bc3562453f - Path: Packages/com.unity.multiplayer.center/Editor/Questionnaire' with importer (DefaultImporter)
Imported 'GUID: a7f089ed51c2345ffb7ac0bc3562453f' -> (Import Result ID: '8a9f186a82ded53d461d1b6da4524d8c') in 0.001 seconds [static dependencies only]. Details - ImportResultOutputID=961ee9ffe5dc2d5b9b5d9f6c51e99710 DependenciesID=b2743188ea84125ce1498a0557e34c1e StaticDependenciesID=f63abd8ddfec2a8be602d4c30e8276a8 
Importing 'GUID: f778b3b3948af5542847d94f90157bd6 - Path: Packages/com.unity.collections/Unity.Collections/Jobs' with importer (DefaultImporter)
Imported 'GUID: f778b3b3948af5542847d94f90157bd6' -> (Import Result ID: '1f5997fcfe736bc983b775a135d20598') in 0.001 seconds [static dependencies only]. Details - ImportResultOutputID=361992b721d9a10dae5676bd5104df36 DependenciesID=70358d74e165a95d29d5bb87f2a9b8b2 StaticDependenciesID=3b04a38b83529c8b8aee8b66ca6e27cb 
Importing 'GUID: 18966f2a7fc5d4073a425a1a3d564494 - Path: Packages/com.unity.test-framework.performance/Runtime/Statistics' with importer (DefaultImporter)
Imported 'GUID: 18966f2a7fc5d4073a425a1a3d564494' -> (Import Result ID: '88d44a8b4a2381c0b6bfe186e4c9ebb5') in 0.001 seconds [static dependencies only]. Details - ImportResultOutputID=bf30fa74be688ae8b1fdc9e9f5dae3ec DependenciesID=d198607c9218c66d19f79eda0e9ccfb0 StaticDependenciesID=a7f213db8b1b5f0f33c17b447e73f4fa 
Importing 'GUID: 19e1940646874613a076c6b01d1f3404 - Path: Packages/com.unity.test-framework/UnityEngine.TestRunner/UnityTestProtocol' with importer (DefaultImporter)
Imported 'GUID: 19e1940646874613a076c6b01d1f3404' -> (Import Result ID: '9dc4b201c93a313fcce4f746509cdac2') in 0.000 seconds [static dependencies only]. Details - ImportResultOutputID=668859c4e140aaa536de161b4ed5fd78 DependenciesID=aa4f39d776a28f0b69b472295d5b5450 StaticDependenciesID=80439c5d930df91917eb45a07078c8d6 
Importing 'GUID: 29eafdd9eaae4d7995048ee61cd0b7d2 - Path: Packages/com.unity.test-framework.performance/Runtime/Meters' with importer (DefaultImporter)
Imported 'GUID: 29eafdd9eaae4d7995048ee61cd0b7d2' -> (Import Result ID: '40b7bf778c1fe39a19b6ff8b38811f9d') in 0.001 seconds [static dependencies only]. Details - ImportResultOutputID=ed9d449ef6befd86d515e6ea3aafa23c DependenciesID=f64f35893ba2f69bbcee485fd888e8f7 StaticDependenciesID=e9c29122285084fafdcd59161d2143d1 
Importing 'GUID: 49d4c2ab7ff0f4442af256bad7c9d57c - Path: Packages/com.unity.test-framework/UnityEditor.TestRunner/TestRunner' with importer (DefaultImporter)
Imported 'GUID: 49d4c2ab7ff0f4442af256bad7c9d57c' -> (Import Result ID: '4454e9afead5444e39651239c302f1b7') in 0.001 seconds [static dependencies only]. Details - ImportResultOutputID=9f1d2ae227448a034a575652b3ead9e7 DependenciesID=f2ca63f4f798840eb4d7f99a9b4131fa StaticDependenciesID=aaa4b575bb6fe8616c57194e28b5356e 
Importing 'GUID: 1ad55f5ad04d1d045a1f287409c650dd - Path: Packages/com.unity.test-framework/UnityEngine.TestRunner/Assertions' with importer (DefaultImporter)
Imported 'GUID: 1ad55f5ad04d1d045a1f287409c650dd' -> (Import Result ID: '6020d95acb87324c156451bd9ab7a558') in 0.001 seconds [static dependencies only]. Details - ImportResultOutputID=8ce0653fc2967de67bef4032bdec6568 DependenciesID=2cab61298df6cb409180a9d27bfb0a8e StaticDependenciesID=6024333aafc6bb80842ce2a429da04d1 
Importing 'GUID: 7a7dcde6448847648629a13d746ce966 - Path: Packages/com.unity.multiplayer.center/Editor/MultiplayerCenterWindow' with importer (DefaultImporter)
Imported 'GUID: 7a7dcde6448847648629a13d746ce966' -> (Import Result ID: '95372a6fcb56f96b5a653d4273d4bc48') in 0.001 seconds [static dependencies only]. Details - ImportResultOutputID=f055dd0afc5a900e3f0e5d75be0487c5 DependenciesID=b3b8c62840ad550240196f22508887e3 StaticDependenciesID=33a4932c971d396ab17d52c1bd069c07 
Importing 'GUID: fa423365b1ce06a4dbdc6fb4a8597bfa - Path: Packages/com.unity.test-framework/UnityEditor.TestRunner/Api' with importer (DefaultImporter)
Imported 'GUID: fa423365b1ce06a4dbdc6fb4a8597bfa' -> (Import Result ID: '374d672c5f087602e67679fb6196f498') in 0.001 seconds [static dependencies only]. Details - ImportResultOutputID=7189e16f72f459ee756f6a8bae8b9ba6 DependenciesID=8510a53dfba55f49e45658ec7767964a StaticDependenciesID=8c762bf98e65ee88be43f3a882e4af33 
Importing 'GUID: bb32bccaf32a6db448d1c0cc99c78688 - Path: Packages/com.unity.test-framework/UnityEngine.TestRunner/Utils' with importer (DefaultImporter)
Imported 'GUID: bb32bccaf32a6db448d1c0cc99c78688' -> (Import Result ID: 'ba6ef68177069d4de2e1104f39ff2680') in 0.001 seconds [static dependencies only]. Details - ImportResultOutputID=29bf431b6214fbb1cbfbf63a8a2ad86d DependenciesID=6e89c13858f6ec9bc2f5a1e147e45351 StaticDependenciesID=dc74e922e6233ee2a467656d06ae5ccf 
Importing 'GUID: 2c2ccf02f2a812c4eb1d16cd384ca8a1 - Path: Packages/com.yanagisawa.data-layout-calibrator/Samples/TransformExport' with importer (DefaultImporter)
Imported 'GUID: 2c2ccf02f2a812c4eb1d16cd384ca8a1' -> (Import Result ID: '3056ee235674fa8d66110d424e673217') in 0.001 seconds [static dependencies only]. Details - ImportResultOutputID=a4a2f28494a86c959d0d401c2434acdb DependenciesID=3d67e1edca28d1e6ac921968e8ca019d StaticDependenciesID=708b02f09c515ec41d62dd27c628830b 
Importing 'GUID: 1ddb9e1c877ea80479d1eab4ddaa5d0d - Path: Packages/com.unity.test-framework/UnityEngine.TestRunner/TestRunner' with importer (DefaultImporter)
Imported 'GUID: 1ddb9e1c877ea80479d1eab4ddaa5d0d' -> (Import Result ID: '53722c58b0ffd40486e27637ba29173a') in 0.000 seconds [static dependencies only]. Details - ImportResultOutputID=476b73413e4dc6289edc92140a783be7 DependenciesID=963c50d903b35f6388cfa4fa2e0a86a8 StaticDependenciesID=7e9674b2cd02eb6c1a224aa68c4f2d9a 
Importing 'GUID: 3e8d6af343b383544ba5743d119f4062 - Path: Packages/com.unity.test-framework/UnityEngine.TestRunner/NUnitExtensions' with importer (DefaultImporter)
Imported 'GUID: 3e8d6af343b383544ba5743d119f4062' -> (Import Result ID: 'c4c96a887c0447cd61ebd13c0ed79e23') in 0.001 seconds [static dependencies only]. Details - ImportResultOutputID=462049dbb39f8e0b7747a3244c184c9c DependenciesID=c763411dabbaa08564621ad9fcb5801c StaticDependenciesID=78192eeff3471b0b2688c20bba028d63 
Importing 'GUID: 7e609b27ad2caa14c83dd9951b6c13c6 - Path: Packages/com.unity.test-framework/UnityEditor.TestRunner/GUI' with importer (DefaultImporter)
Imported 'GUID: 7e609b27ad2caa14c83dd9951b6c13c6' -> (Import Result ID: '48dfabb449264e499bb740791ede78ef') in 0.001 seconds [static dependencies only]. Details - ImportResultOutputID=8e04bc4cdcf4c5848f172b3a78ec28f9 DependenciesID=4a9a07708d4788038ff15a0c1e603204 StaticDependenciesID=c0cbdc73852e4627b0877e831f980748 
Importing 'GUID: 8e4d240cf158245a9945c4df01d83bc1 - Path: Packages/com.unity.multiplayer.center/Tests/Runtime' with importer (DefaultImporter)
Imported 'GUID: 8e4d240cf158245a9945c4df01d83bc1' -> (Import Result ID: '10e41c23d98ab64b33863115ddae6f01') in 0.000 seconds [static dependencies only]. Details - ImportResultOutputID=8d471bf8668065aa423a9a6138166117 DependenciesID=ec03e650b42b6bbda640bd973b69886b StaticDependenciesID=5c5786ead3ee721f908e630904d62f5e 
Importing 'GUID: 3f9202a39620f51418046c7754f215f0 - Path: Packages/com.unity.test-framework/UnityEditor.TestRunner/NUnitExtension' with importer (DefaultImporter)
Imported 'GUID: 3f9202a39620f51418046c7754f215f0' -> (Import Result ID: 'dd0474047fc1f9bd7214686e25d5d67a') in 0.001 seconds [static dependencies only]. Details - ImportResultOutputID=14286287927ac0b12097cfe4193e70b2 DependenciesID=baa9abb0ab51759b5acdc40c00d51574 StaticDependenciesID=dba7f55bc6d5d71527fd4687a9abe0be 
Importing 'GUID: 6fbd9c5e397237e28650cb957742c782 - Path: Packages/com.unity.burst/Runtime/Intrinsics' with importer (DefaultImporter)
Imported 'GUID: 6fbd9c5e397237e28650cb957742c782' -> (Import Result ID: '657f46897a3461baa8ac25992aa2374d') in 0.001 seconds [static dependencies only]. Details - ImportResultOutputID=44d7a8cfb2dfe66c5d99a238cb68b39d DependenciesID=2eef9b3bee3ee0f10abb896a056fd59d StaticDependenciesID=4e342bb06f47e48daeb5b62dff0ba4e0 
Importing 'GUID: 51557afa652635743b264a309f0a5c60 - Path: Packages/com.unity.test-framework/UnityEngine.TestRunner/Utils/AssemblyProvider' with importer (DefaultImporter)
Imported 'GUID: 51557afa652635743b264a309f0a5c60' -> (Import Result ID: '20c6412d05af50012e880e2e30fbae8d') in 0.002 seconds [static dependencies only]. Details - ImportResultOutputID=acf3660c1b355dac3ccd80d479dec241 DependenciesID=cc3f03ab07107d76013e7f427f636e05 StaticDependenciesID=65cd2304a31a21c916cc9fc1358662cb 
Importing 'GUID: 61e236e8570a95e4eb754fb291e102e0 - Path: Packages/com.unity.test-framework/UnityEngine.TestRunner/TestRunner/Callbacks' with importer (DefaultImporter)
Imported 'GUID: 61e236e8570a95e4eb754fb291e102e0' -> (Import Result ID: '3efb61e19c95f8c645736cd13ca21153') in 0.001 seconds [static dependencies only]. Details - ImportResultOutputID=004fafbe98d6f5ae456a77d60de21fdd DependenciesID=2fac4a2475b8f91bb0e104b98a1e5d9f StaticDependenciesID=c221e78ce7bc611af4f6b344dcfacfa5 
Importing 'GUID: 91c20d2c22b8b3a4cb6c816bd225591a - Path: Packages/com.unity.test-framework/UnityEngine.TestRunner/TestRunner/RemoteHelpers' with importer (DefaultImporter)
Imported 'GUID: 91c20d2c22b8b3a4cb6c816bd225591a' -> (Import Result ID: 'bd7a73de5c28dba70bbdcc25e681352c') in 0.001 seconds [static dependencies only]. Details - ImportResultOutputID=b73acfeb4a57111025db59efd1f6bef2 DependenciesID=5b555ad9522186f0ab2157a656c659c6 StaticDependenciesID=a9d31b6572da4f9507c1629f18bc9c62 
Importing 'GUID: b1d8465ba1376b148bdab58965101f47 - Path: Packages/com.unity.test-framework/UnityEngine.TestRunner/Assertions/LogScope' with importer (DefaultImporter)
Imported 'GUID: b1d8465ba1376b148bdab58965101f47' -> (Import Result ID: 'bb7bb2c75ee49a0fa870e8133f09362e') in 0.001 seconds [static dependencies only]. Details - ImportResultOutputID=2a422291532004791b26d5408f9ef73c DependenciesID=b9432e5745193613cc9b6d8459724326 StaticDependenciesID=5fb6097e9fe696628648b11e28dcda80 
Importing 'GUID: 92e3104769da143888a712cdea27d950 - Path: Packages/com.unity.test-framework/UnityEditor.TestRunner/GUI/TestAssets' with importer (DefaultImporter)
Imported 'GUID: 92e3104769da143888a712cdea27d950' -> (Import Result ID: '45329c88f8edc564a8cb4d9254f830db') in 0.002 seconds [static dependencies only]. Details - ImportResultOutputID=8fb5be2fe0137d5d8cb257e98fdab403 DependenciesID=9eeed7350e1b8de1bfb6708478ba6e21 StaticDependenciesID=4b14e3dfe9f203c62a579a68818f4f34 
Importing 'GUID: a3cb89150b8a4060b89a32725a8e267e - Path: Packages/com.unity.test-framework/UnityEditor.TestRunner/TestLaunchers/Helpers' with importer (DefaultImporter)
Imported 'GUID: a3cb89150b8a4060b89a32725a8e267e' -> (Import Result ID: '783f666dfab3cb989d3053b7a85486d5') in 0.001 seconds [static dependencies only]. Details - ImportResultOutputID=b5ad4962dac51d897a72bca63a9db6c4 DependenciesID=1e4b7b8af4c037c6dc3fe5de08c8b49d StaticDependenciesID=c96131b652e72169cfc041c610ca422f 
Importing 'GUID: c3de99f9efc582a48995bc8e8c2df418 - Path: Packages/com.unity.test-framework/UnityEngine.TestRunner/NUnitExtensions/Filters' with importer (DefaultImporter)
Imported 'GUID: c3de99f9efc582a48995bc8e8c2df418' -> (Import Result ID: 'ca35aba06d01f6f2f29e136723542303') in 0.001 seconds [static dependencies only]. Details - ImportResultOutputID=4a5d860b32c7852b0af14c49fbad53d9 DependenciesID=d20a000241440b5e0445fd815b43ae44 StaticDependenciesID=fa11a29925ec488f65eef061d358f890 
Importing 'GUID: 3413d06997203e50844bbf4eca32fce8 - Path: Packages/com.unity.burst/Runtime/Intrinsics/x86' with importer (DefaultImporter)
Imported 'GUID: 3413d06997203e50844bbf4eca32fce8' -> (Import Result ID: '8edbf97c32cea35e6da09b17f18885a2') in 0.001 seconds [static dependencies only]. Details - ImportResultOutputID=e49bf7b654fcf769a7f71020d607442d DependenciesID=62fc0c2bd0aa1607833922e42f81766e StaticDependenciesID=99d7508590944e9e5503d371df92c20b 
Importing 'GUID: 256a0ca37fa972840bce7fca446e75e7 - Path: Packages/com.unity.test-framework/UnityEngine.TestRunner/TestRunner/Messages' with importer (DefaultImporter)
Imported 'GUID: 256a0ca37fa972840bce7fca446e75e7' -> (Import Result ID: '9978cbfec12db9f1dcee2bcd7fe2f42f') in 0.001 seconds [static dependencies only]. Details - ImportResultOutputID=dd2f7e6ccd35b365062de9cf191e6382 DependenciesID=7b17f9cd25f4865e76013d248807ccad StaticDependenciesID=29d31188cfde20c2b0d6af1be9fa359c 
Importing 'GUID: c5535d742ea2e4941850b421f9c70a1f - Path: Packages/com.unity.test-framework/UnityEditor.TestRunner/GUI/Views' with importer (DefaultImporter)
Imported 'GUID: c5535d742ea2e4941850b421f9c70a1f' -> (Import Result ID: '69a85d3606ef475962ae19f88e1dd96c') in 0.001 seconds [static dependencies only]. Details - ImportResultOutputID=e52be04538276df6292bb2a117e60a31 DependenciesID=480ea855111489ccdf802830ecbe5d57 StaticDependenciesID=3abc310d978f85b551cc2b0a58207f86 
Importing 'GUID: 3610673068254436ac90019f46e09f01 - Path: Packages/com.unity.test-framework/UnityEditor.TestRunner/UnityTestProtocol/Data' with importer (DefaultImporter)
Imported 'GUID: 3610673068254436ac90019f46e09f01' -> (Import Result ID: 'a56618941f1ee07ef2b8e29ad2d481ff') in 0.000 seconds [static dependencies only]. Details - ImportResultOutputID=0a68b70aa286e44a82eb2e9bb80dc50d DependenciesID=0c5213ca82458384f1a3e587eec3c609 StaticDependenciesID=85c20c04425f4962f219553aa1838f0a 
Importing 'GUID: 96c503bf059df984c86eecf572370347 - Path: Packages/com.unity.test-framework/UnityEditor.TestRunner/NUnitExtension/Attributes' with importer (DefaultImporter)
Imported 'GUID: 96c503bf059df984c86eecf572370347' -> (Import Result ID: '7f28ebe5cd0b08281b797f2770e9a1d0') in 0.000 seconds [static dependencies only]. Details - ImportResultOutputID=34bf7055b752077488abdfed96d914d5 DependenciesID=33dbe8d6c8ab2f65873723e3ce397ee8 StaticDependenciesID=a39902abd5f8ccb31b06af9cccdcb48e 
Importing 'GUID: e6be36d5e1ac3e54a8c4a7f8c7627072 - Path: Packages/com.yanagisawa.data-layout-calibrator/Samples/TransformExport/Runtime' with importer (DefaultImporter)
Imported 'GUID: e6be36d5e1ac3e54a8c4a7f8c7627072' -> (Import Result ID: '5efbfd4e345660c55e125666b4e0c995') in 0.001 seconds [static dependencies only]. Details - ImportResultOutputID=aac6075729939de435940601993e6863 DependenciesID=437e8a4cba2a7f434645de45b91a6091 StaticDependenciesID=7b658e60d2b50fed492ba6befea87750 
Importing 'GUID: 07ea0326ed848fb4489187cb58f96113 - Path: Packages/com.unity.test-framework/UnityEditor.TestRunner/GUI/TestListBuilder' with importer (DefaultImporter)
Imported 'GUID: 07ea0326ed848fb4489187cb58f96113' -> (Import Result ID: '126047307429d329c013b5ffc7f1c473') in 0.002 seconds [static dependencies only]. Details - ImportResultOutputID=cd126e740f095a0f5fe7dcafb9e5dad6 DependenciesID=a233b330f07f235fdd731a87fc578ba0 StaticDependenciesID=5101cadf90aaab8f3319c92f28bf9e02 
Importing 'GUID: 37888acc09d9ee848bf9559f06645c45 - Path: Packages/com.unity.test-framework/UnityEngine.TestRunner/NUnitExtensions/Runner' with importer (DefaultImporter)
Imported 'GUID: 37888acc09d9ee848bf9559f06645c45' -> (Import Result ID: '62c41fcbd7d845f9fa6c9598732cfbc9') in 0.001 seconds [static dependencies only]. Details - ImportResultOutputID=fb9da6600226952d8e3dfe55b845ca83 DependenciesID=fabfd69ef9a5aa2dd1cd27fe67ddb369 StaticDependenciesID=2b1f090ba52c58d9557c7d8c359bf415 
Importing 'GUID: 18bc0626c7881fc40b8dcb7bf9f9c447 - Path: Packages/com.yanagisawa.data-layout-calibrator/Samples/ParticleIntegrate/Runtime' with importer (DefaultImporter)
Imported 'GUID: 18bc0626c7881fc40b8dcb7bf9f9c447' -> (Import Result ID: 'e7edbd8e6a0a93613d7c00e2beaff503') in 0.000 seconds [static dependencies only]. Details - ImportResultOutputID=f6d2b70e666c5a3d000b1fcd678f2735 DependenciesID=6fed00fbb18c94304235de1699dea77f StaticDependenciesID=6d2a4437522a6815776ace9421793875 
Importing 'GUID: 2893f6d998ac3104919ec7e11aa597cd - Path: Packages/com.unity.burst/Runtime/Intrinsics/Arm' with importer (DefaultImporter)
Imported 'GUID: 2893f6d998ac3104919ec7e11aa597cd' -> (Import Result ID: '65d9b23456c80d298e8c4fef506df4f1') in 0.001 seconds [static dependencies only]. Details - ImportResultOutputID=bd92dd1b178a520304dcee1470986d1f DependenciesID=2b33ec488c9a641f9a885114c1ea5b9d StaticDependenciesID=e1cec4ab265f4b3834b4560432eca80d 
Importing 'GUID: 68cb547af0187634aad591a09c01cd5b - Path: Packages/com.unity.test-framework/UnityEditor.TestRunner/GUI/TestListTreeView' with importer (DefaultImporter)
Imported 'GUID: 68cb547af0187634aad591a09c01cd5b' -> (Import Result ID: '67e43df9389511d69f864dce583efd0c') in 0.001 seconds [static dependencies only]. Details - ImportResultOutputID=a1494cceafaca8313fc90b0ec9872ac1 DependenciesID=adfaf830b9db78b310281851fedfd2ec StaticDependenciesID=fd996b2e35d81435e85161ba75b31a0d 
Importing 'GUID: e88eef57957d4440c8a7ff2ef9dd3d97 - Path: Packages/com.unity.test-framework/UnityEditor.TestRunner/GUI/Controls' with importer (DefaultImporter)
Imported 'GUID: e88eef57957d4440c8a7ff2ef9dd3d97' -> (Import Result ID: 'e461418512a9f4fbb2eab31aacca84e5') in 0.001 seconds [static dependencies only]. Details - ImportResultOutputID=24f44f8dd8ec32005e9b774cacd6f22a DependenciesID=648a579a0991b78ed0db2d8e7651e6fb StaticDependenciesID=ba46b37ecb25d858f0391e095283f814 
Importing 'GUID: 4926c06156894939ba0a2680f1b0aa7a - Path: Packages/com.unity.test-framework/UnityEditor.TestRunner/TestRun/Data' with importer (DefaultImporter)
Imported 'GUID: 4926c06156894939ba0a2680f1b0aa7a' -> (Import Result ID: '9a8e764b9e291e6430caa2c299e2f7a7') in 0.000 seconds [static dependencies only]. Details - ImportResultOutputID=85130efa8ecc385ecf3855a48af99888 DependenciesID=6e346837994f437fb42201f589c11bd4 StaticDependenciesID=1d272c5873470ccc55a60f3ab24cfba7 
Importing 'GUID: 891bb6b9f5094c36b59c3788e21c8213 - Path: Packages/com.unity.test-framework/UnityEditor.TestRunner/Api/Analytics' with importer (DefaultImporter)
Imported 'GUID: 891bb6b9f5094c36b59c3788e21c8213' -> (Import Result ID: '64962074a4b2f73721e8849b943d1f20') in 0.000 seconds [static dependencies only]. Details - ImportResultOutputID=440cb48c2d5c8ddcf9ce28a7a5c926ec DependenciesID=d51a0712ddeae1bae86ecb12952285c8 StaticDependenciesID=2cc3912ecd75c63ea7b9ce5b3f243053 
Importing 'GUID: d9682e749d3efc642af54d789d9090a6 - Path: Packages/com.unity.test-framework/UnityEditor.TestRunner/TestRunner/Messages' with importer (DefaultImporter)
Imported 'GUID: d9682e749d3efc642af54d789d9090a6' -> (Import Result ID: 'c4360892a05384f75111dccae9f5f6e0') in 0.000 seconds [static dependencies only]. Details - ImportResultOutputID=465d0a4984e8a0e06dec2ed231fada61 DependenciesID=35c3faa0f711f3bedee2e99cda6c1eb9 StaticDependenciesID=182f8577cdcedc74102c3b6788526122 
Importing 'GUID: 6b72875690e0f7343911e06af3145bd5 - Path: Packages/com.unity.test-framework/UnityEngine.TestRunner/NUnitExtensions/Commands' with importer (DefaultImporter)
Imported 'GUID: 6b72875690e0f7343911e06af3145bd5' -> (Import Result ID: 'df7567d72a38a004c206e71fc2d3d565') in 0.001 seconds [static dependencies only]. Details - ImportResultOutputID=231582668b6edf079641b29b90dbdebc DependenciesID=662d577b391a7db28d58481655f8bb01 StaticDependenciesID=5a75b0f9ee0cf6ce87c2f48b57bcd784 
Importing 'GUID: 9bd34ec3fe8f4aed936c3a0cf2f32e56 - Path: Packages/com.unity.multiplayer.center/Editor/MultiplayerCenterWindow/UI' with importer (DefaultImporter)
Imported 'GUID: 9bd34ec3fe8f4aed936c3a0cf2f32e56' -> (Import Result ID: 'b48dfe06d07978df6274363d8fc6553f') in 0.001 seconds [static dependencies only]. Details - ImportResultOutputID=ccc1a09d4a030f52c953d2f3937aac55 DependenciesID=7bacf4804e64c8dc4167e0f92a364e35 StaticDependenciesID=5d66adcfff19caa3671999dd06866763 
Importing 'GUID: cb2448f2b8135d248887073d893ccb8c - Path: Packages/com.yanagisawa.data-layout-calibrator/Samples/TransformExport/Tests' with importer (DefaultImporter)
Imported 'GUID: cb2448f2b8135d248887073d893ccb8c' -> (Import Result ID: '16aec50a3cc85c3f43791b1ac1e6850b') in 0.000 seconds [static dependencies only]. Details - ImportResultOutputID=4a97f6dca89e21997cabca22144fe2be DependenciesID=432491fb9c34c535bf32812c8dc0347a StaticDependenciesID=43392e730124ef0f4702492f83d0a55b 
Importing 'GUID: ebc4d20cc106cea49b1df1153f0b3b5e - Path: Packages/com.unity.test-framework/UnityEditor.TestRunner/TestLaunchers/PlatformSetup' with importer (DefaultImporter)
Imported 'GUID: ebc4d20cc106cea49b1df1153f0b3b5e' -> (Import Result ID: 'b18647573e6b85e6afa49ca4f4e620bb') in 0.001 seconds [static dependencies only]. Details - ImportResultOutputID=5f504dad7e75c1f8e7539949bb89aae3 DependenciesID=784048ef52783aa477cbebad6d2e5d88 StaticDependenciesID=091181c502dd06cb19be04ce74218de1 
Importing 'GUID: 0cb14878543cf3d4f8472b15f7ecf0e3 - Path: Packages/com.unity.test-framework/UnityEngine.TestRunner/NUnitExtensions/Attributes' with importer (DefaultImporter)
Imported 'GUID: 0cb14878543cf3d4f8472b15f7ecf0e3' -> (Import Result ID: 'b90d22882fd5d0114ef5700810345233') in 0.000 seconds [static dependencies only]. Details - ImportResultOutputID=9ff45d15f17f423add095cec02c95d2d DependenciesID=01d9b2b5d30280ae4c98cecc5d07c593 StaticDependenciesID=8b292b724275ae9db571d1eacc1d8a37 
Importing 'GUID: bce4ae44cc8bf00469b0b2df41ff9677 - Path: Packages/com.yanagisawa.data-layout-calibrator/Samples/ParticleIntegrate/Tests' with importer (DefaultImporter)
Imported 'GUID: bce4ae44cc8bf00469b0b2df41ff9677' -> (Import Result ID: 'e43872b75edd3e77292e6f46e824e351') in 0.000 seconds [static dependencies only]. Details - ImportResultOutputID=268bcbe4340925c95171081baa08ef4f DependenciesID=dd390364afcef3cb8e4acddb18f0260f StaticDependenciesID=93ef1d6a6c2245d4aea09f8a0935455a 
Importing 'GUID: 5d7f0d6acfced954682a89e7002c04d9 - Path: Packages/com.unity.test-framework/UnityEditor.TestRunner/TestRunner/Callbacks' with importer (DefaultImporter)
Imported 'GUID: 5d7f0d6acfced954682a89e7002c04d9' -> (Import Result ID: '4a1d3efe2ff879698397cade22409ef0') in 0.000 seconds [static dependencies only]. Details - ImportResultOutputID=aea11c108616aeb69cfee10560d65cc5 DependenciesID=142220615dcaf76350eb60c006e3ec9e StaticDependenciesID=34e2e664ab2d6c12b53abca77274081b 
Importing 'GUID: 6dba53789da15814387fa5b1445e81e0 - Path: Packages/com.unity.test-framework/UnityEditor.TestRunner/TestRun/Tasks' with importer (DefaultImporter)
Imported 'GUID: 6dba53789da15814387fa5b1445e81e0' -> (Import Result ID: '5e798caad6116e74d55d11e2f69e8f33') in 0.001 seconds [static dependencies only]. Details - ImportResultOutputID=32661feed95a27494d7e2ca6f499e9e8 DependenciesID=6b2d404c63a3bcd75199b0f6b93cdf39 StaticDependenciesID=805e7d188d51860537287c28e345858a 
Importing 'GUID: 9ea154c33fd8466f973f004e5c962df7 - Path: Packages/com.unity.test-framework/UnityEditor.TestRunner/UnityTestProtocol/Messages' with importer (DefaultImporter)
Imported 'GUID: 9ea154c33fd8466f973f004e5c962df7' -> (Import Result ID: '76883fe8da4c39b9c921f6c7207f3403') in 0.000 seconds [static dependencies only]. Details - ImportResultOutputID=6c2fe23161b1f6bd1c435457cdd3441a DependenciesID=4f4f740f20cb23594fffde5c01b65bab StaticDependenciesID=e55ff7f90915da4bff99db6a30cd8590 
Importing 'GUID: ce8da628f68c7594b8b9a597fa52db7b - Path: Packages/com.unity.test-framework/UnityEngine.TestRunner/Utils/MonoBehaviourTest' with importer (DefaultImporter)
Imported 'GUID: ce8da628f68c7594b8b9a597fa52db7b' -> (Import Result ID: '34ec9916d4b661c36478b56592e0a29d') in 0.001 seconds [static dependencies only]. Details - ImportResultOutputID=53f9bcb08c164cc89cf232d518f37815 DependenciesID=56bf70a46ba641961f3333d02b4fa69f StaticDependenciesID=40e1eea7d97a3ab5a3f2f5b484955bb8 
Importing 'GUID: 1f5bbb88ca730434483440cbc0278ef6 - Path: Packages/com.unity.test-framework/UnityEditor.TestRunner/TestRunner/Utils' with importer (DefaultImporter)
Imported 'GUID: 1f5bbb88ca730434483440cbc0278ef6' -> (Import Result ID: '8ca857495c5e066c7c79bb9b97f32294') in 0.000 seconds [static dependencies only]. Details - ImportResultOutputID=ea583d80a0444207a679bf49778d8120 DependenciesID=d5111a13631d84bdc22527e974936f6b StaticDependenciesID=07f72db1ac6c19a517de7d315bd02c24 
Importing 'GUID: 34a09eb4d6e8d44989194a25525c5147 - Path: Packages/com.unity.multiplayer.center/Editor/MultiplayerCenterWindow/UI/Icons' with importer (DefaultImporter)
Imported 'GUID: 34a09eb4d6e8d44989194a25525c5147' -> (Import Result ID: '243ea0d6df4ab44092f6ff0fb8b7111c') in 0.001 seconds [static dependencies only]. Details - ImportResultOutputID=09fc5dce3344b58f3587b00bf4b13d7d DependenciesID=b828e0a8e97869abd6ec3633d124cd8a StaticDependenciesID=fa7c960be44424961bad7b2ca3eec27d 
Importing 'GUID: 94a6220ee1a442249702c9df66e0fe1b - Path: Packages/com.unity.test-framework/UnityEditor.TestRunner/TestRun/Tasks/Player' with importer (DefaultImporter)
Imported 'GUID: 94a6220ee1a442249702c9df66e0fe1b' -> (Import Result ID: '63b1e1dd9ce31f35267dd2640360bf4c') in 0.001 seconds [static dependencies only]. Details - ImportResultOutputID=49f870edb1fb26f7ce96fb7e3e71cfc1 DependenciesID=7c8e7cc43242edaa57331126d6dee92a StaticDependenciesID=3da4e5fd35d3153d0956d909af26fa58 
Importing 'GUID: 650eb3406105b504d959f11c83ddfb2c - Path: Packages/com.yanagisawa.data-layout-calibrator/Samples/TransformExport/Tests/Editor' with importer (DefaultImporter)
Imported 'GUID: 650eb3406105b504d959f11c83ddfb2c' -> (Import Result ID: '74327da5b22173fa71ead69cf760be81') in 0.000 seconds [static dependencies only]. Details - ImportResultOutputID=fd612a044cdc128d628ab04c27abc01a DependenciesID=e6606d40e7c65df9e8a1ed653de9d0e6 StaticDependenciesID=91d753aaa54a9e589af54df47881dee3 
Importing 'GUID: 0612b0fec07934b42886f570edba9579 - Path: Packages/com.yanagisawa.data-layout-calibrator/Samples/ParticleIntegrate/Tests/Editor' with importer (DefaultImporter)
Imported 'GUID: 0612b0fec07934b42886f570edba9579' -> (Import Result ID: '92ba79ccd150d0b3dbbcb5480fbdc0ae') in 0.000 seconds [static dependencies only]. Details - ImportResultOutputID=79ce16bbb35d1a483ec319d412da08f9 DependenciesID=c578ab0235fd98a2c1957f19d3f5568b StaticDependenciesID=54291289b4a1c9b442e773e000afdb69 
Importing 'GUID: 692476ac695e7b74a8d9eabd48862009 - Path: Packages/com.unity.test-framework/UnityEditor.TestRunner/TestRun/Tasks/Scene' with importer (DefaultImporter)
Imported 'GUID: 692476ac695e7b74a8d9eabd48862009' -> (Import Result ID: '1d1ef377365365ec8d6ea1924f021bd5') in 0.002 seconds [static dependencies only]. Details - ImportResultOutputID=7536d1993fefc102a329e1894cd6bfdf DependenciesID=27e7864d0cb9805bdc02b8ed4cd2aae5 StaticDependenciesID=4c2293f6309543319c81294384969003 
Importing 'GUID: d973b7805df545bdae3986ab72a6c2e8 - Path: Packages/com.unity.test-framework/UnityEditor.TestRunner/TestRun/Tasks/Platform' with importer (DefaultImporter)
Imported 'GUID: d973b7805df545bdae3986ab72a6c2e8' -> (Import Result ID: 'cea00d85086c15f7a7d99571ca781252') in 0.001 seconds [static dependencies only]. Details - ImportResultOutputID=7b4466f160f12ea453479b296b8cb42a DependenciesID=b809de41f14446a3de58a612dc94e205 StaticDependenciesID=d467bc5e412d55c34be602a3f8b766db 
Importing 'GUID: eab7f42d361b483aaa760c5909002312 - Path: Packages/com.unity.multiplayer.center/Editor/MultiplayerCenterWindow/UI/RecommendationView' with importer (DefaultImporter)
Imported 'GUID: eab7f42d361b483aaa760c5909002312' -> (Import Result ID: '9b69e80e5f44bfec80b8c9c45a205878') in 0.001 seconds [static dependencies only]. Details - ImportResultOutputID=378cb1e8c5b18b814304dca778da9b61 DependenciesID=0ef1e4dbdf1cdf2d67a998ba951edeb3 StaticDependenciesID=1154a8134540c29e60250ba3117dcdd8 
Importing 'GUID: cca5935142d6c754f9ecdce1294f7079 - Path: Packages/com.unity.test-framework/UnityEditor.TestRunner/TestRun/Tasks/Events' with importer (DefaultImporter)
Imported 'GUID: cca5935142d6c754f9ecdce1294f7079' -> (Import Result ID: '82e07691b008f07f517e7ce5edb3320d') in 0.001 seconds [static dependencies only]. Details - ImportResultOutputID=ee31a3135109805c851f0d981688397b DependenciesID=7480963cfa527699d18af24628895d21 StaticDependenciesID=ae7ff0154824ef1c74cdd8d63aef80bf 
Importing 'GUID: c0dd0d10738d4ad4a9de57c559d0ca1b - Path: Packages/com.unity.test-framework.performance/Runtime/Unity.PerformanceTesting.asmdef' with importer (AssemblyDefinitionImporter)
Imported 'GUID: c0dd0d10738d4ad4a9de57c559d0ca1b' -> (Import Result ID: 'd84b01fe10098412efa976c01af736dd') in 0.001 seconds [static dependencies only]. Details - ImportResultOutputID=29166a549605d95032e88fcc25c71f20 DependenciesID=16ec21c9b1acf32eddf1feea59b57708 StaticDependenciesID=9e6855a24261c7de95ab5320e652a8dc 
Importing 'GUID: e0cd26848372d4e5c891c569017e11f1 - Path: Packages/com.unity.collections/Unity.Collections/Unity.Collections.asmdef' with importer (AssemblyDefinitionImporter)
Imported 'GUID: e0cd26848372d4e5c891c569017e11f1' -> (Import Result ID: 'e68fb362a4f308b029e1cfe45f69e6c5') in 0.001 seconds [static dependencies only]. Details - ImportResultOutputID=a178553f8b3e608f455eb4c88f38df5a DependenciesID=c10b815cb7071916a801af9345afeb9a StaticDependenciesID=e3825684c6bcf5d1151d33570362bd7a 
Importing 'GUID: 81db7614efd00224f84d3ac9bfa74c32 - Path: Assets/DataLayoutCalibrator/Runtime/Yanagisawa.DataLayoutCalibrator.Benchmark.asmdef' with importer (AssemblyDefinitionImporter)
Imported 'GUID: 81db7614efd00224f84d3ac9bfa74c32' -> (Import Result ID: '1a2e6515c9d3cc2b9cd618ad0b16a135') in 0.001 seconds [static dependencies only]. Details - ImportResultOutputID=59d3aeb6ad280b77b451fe90b3229b6f DependenciesID=28e9ebc6b916b36eabfd8d2ea67f6909 StaticDependenciesID=11d510463ac8469714111d3fb86df298 
Importing 'GUID: d1fecb7e41996c7468b18df518b721d9 - Path: Packages/com.unity.collections/DocCodeSamples.Tests/DocCodeSamples.Tests.asmdef' with importer (AssemblyDefinitionImporter)
Imported 'GUID: d1fecb7e41996c7468b18df518b721d9' -> (Import Result ID: '08bae15f27b9f11c3d16a5807cf62104') in 0.001 seconds [static dependencies only]. Details - ImportResultOutputID=8791264918ab859a1a692c68cbfaa760 DependenciesID=a135d35292eee82de85e89be1d9d4c38 StaticDependenciesID=e47843b797c50d0369c5e64a6c79ba4d 
Importing 'GUID: 64222b0d0713a412f92762e2fccd795a - Path: Packages/com.unity.collections/Unity.Collections.PerformanceTests/Unity.Collections.PerformanceTests.asmdef' with importer (AssemblyDefinitionImporter)
Imported 'GUID: 64222b0d0713a412f92762e2fccd795a' -> (Import Result ID: '38bde786fe53215730b2f27193d1ab23') in 0.001 seconds [static dependencies only]. Details - ImportResultOutputID=153e28b5955c4ce55e6be0407d6e086c DependenciesID=71e9bc91e42cfdf09e85e0d36cc6e806 StaticDependenciesID=13576b5547e22de0a4a35e71fd16bf40 
Importing 'GUID: 84abd2ab34a74600a33a3bb9d72859fe - Path: Packages/com.unity.multiplayer.center/Common/Unity.Multiplayer.Center.Common.asmdef' with importer (AssemblyDefinitionImporter)
Imported 'GUID: 84abd2ab34a74600a33a3bb9d72859fe' -> (Import Result ID: '6c9d115a901c33af4118f6ed6e4ddf04') in 0.001 seconds [static dependencies only]. Details - ImportResultOutputID=ac464dd06d5a61d0a978410378529929 DependenciesID=8be7870fb62e65952c5def4fd492d66f StaticDependenciesID=a853fd4a96f03492fa3c28ef0741167c 
Importing 'GUID: 1540c9c234eef7e47989cbac9cd8e676 - Path: Packages/com.yanagisawa.data-layout-calibrator/Runtime/Yanagisawa.DataLayoutCalibrator.asmdef' with importer (AssemblyDefinitionImporter)
Imported 'GUID: 1540c9c234eef7e47989cbac9cd8e676' -> (Import Result ID: '87bb50f6460be5ce104b68e2ee0cf340') in 0.001 seconds [static dependencies only]. Details - ImportResultOutputID=efc81f96ec21f0051b78b0affe26606c DependenciesID=fa313dc66a867ad19847d8bc4ec0adbf StaticDependenciesID=58a319ff32725014bdc7ee02f9e442cf 
Importing 'GUID: 2664430aff4254d79887d32c3fc1e221 - Path: Packages/com.unity.multiplayer.center/Tests/Runtime/Unity.Multiplayer.Center.Tests.asmdef' with importer (AssemblyDefinitionImporter)
Imported 'GUID: 2664430aff4254d79887d32c3fc1e221' -> (Import Result ID: 'b40132e89914e5c8b22d124c99b07cc5') in 0.001 seconds [static dependencies only]. Details - ImportResultOutputID=95a86e32d35475cb5d001317bedd07f9 DependenciesID=e2872515ede91ad4d24d7ab060306ec9 StaticDependenciesID=4e8dbf8795972d03aabfa130ea7048cb 
Importing 'GUID: 2665a8d13d1b3f18800f46e256720795 - Path: Packages/com.unity.burst/Runtime/Unity.Burst.asmdef' with importer (AssemblyDefinitionImporter)
Imported 'GUID: 2665a8d13d1b3f18800f46e256720795' -> (Import Result ID: '8037b28140b60804b95616952a476e42') in 0.001 seconds [static dependencies only]. Details - ImportResultOutputID=0a42de620581a5ef8f2d481ab87f61a3 DependenciesID=2443b6530ad60c9ac05c3b387a900374 StaticDependenciesID=8c6070ba3ed362f5a564fed45dd87152 
Importing 'GUID: c668b7a00ffe56a498ddb1fc9f96f4e6 - Path: Packages/com.unity.collections/Unity.Collections.Editor/Unity.Collections.Editor.asmdef' with importer (AssemblyDefinitionImporter)
Imported 'GUID: c668b7a00ffe56a498ddb1fc9f96f4e6' -> (Import Result ID: 'c9db8afd0a7bae8be46ce3bfd62ab0de') in 0.001 seconds [static dependencies only]. Details - ImportResultOutputID=9bcff687b93cd0d7208e6d348a19679f DependenciesID=938010e1062fe413b0f92263fe4acb5f StaticDependenciesID=7ba476aef60390e72b996318fb444fcc 
Importing 'GUID: 27619889b8ba8c24980f49ee34dbb44a - Path: Packages/com.unity.test-framework/UnityEngine.TestRunner/UnityEngine.TestRunner.asmdef' with importer (AssemblyDefinitionImporter)
Imported 'GUID: 27619889b8ba8c24980f49ee34dbb44a' -> (Import Result ID: '2803f9667b933c6443e276a396d695e0') in 0.002 seconds [static dependencies only]. Details - ImportResultOutputID=bfe8817c132749abfcb34092c3666f8e DependenciesID=750ccaba3b3e7a4ecdb64760e88e8888 StaticDependenciesID=5d0cac316c12ed418c1c659e9a81742a 
Importing 'GUID: b75d3cd3037d383a8d1e2f9a26d73d8a - Path: Packages/com.unity.burst/Editor/Unity.Burst.Editor.asmdef' with importer (AssemblyDefinitionImporter)
Imported 'GUID: b75d3cd3037d383a8d1e2f9a26d73d8a' -> (Import Result ID: '9dd83c396ca3fc76942a71f06ad5a29b') in 0.001 seconds [static dependencies only]. Details - ImportResultOutputID=6a2506e2693fe5a778f341f1eca7a11f DependenciesID=bb68c0af63d9c695076f069574f3ca25 StaticDependenciesID=c8e66afd7a2f86779758109ad1baf3fd 
Importing 'GUID: 08adcd37193f4174aa3c000ec414aa3e - Path: Packages/com.yanagisawa.data-layout-calibrator/Samples/TransformExport/Runtime/Yanagisawa.DataLayoutCalibrator.Samples.TransformExport.asmdef' with importer (AssemblyDefinitionImporter)
Imported 'GUID: 08adcd37193f4174aa3c000ec414aa3e' -> (Import Result ID: 'd5968d2e68cd38466ae2b2c5d74ca1e0') in 0.001 seconds [static dependencies only]. Details - ImportResultOutputID=3cf01a0e0cc12bef0f99216c542fe7ca DependenciesID=d97cd5e45ca6a6d0094fa7c72c84d881 StaticDependenciesID=2e9b11dc8d49dc66c8778045d008a06a 
Importing 'GUID: 787ec048daec145b580d1134da5dd278 - Path: Packages/com.unity.multiplayer.center/Tests/Editor/Unity.Multiplayer.Center.Editor.Tests.asmdef' with importer (AssemblyDefinitionImporter)
Imported 'GUID: 787ec048daec145b580d1134da5dd278' -> (Import Result ID: '35604bfee40c3ed7c136cf9e7799216f') in 0.001 seconds [static dependencies only]. Details - ImportResultOutputID=5633ff3ec6bb0acbf28d7a77a2b8f7bf DependenciesID=1a6ffdcd75b6f22b16b95b17d091a4cb StaticDependenciesID=679fb8d695a64f5dbb0fa4f71fffe747 
Importing 'GUID: d8b63aba1907145bea998dd612889d6b - Path: Packages/com.unity.mathematics/Unity.Mathematics/Unity.Mathematics.asmdef' with importer (AssemblyDefinitionImporter)
Imported 'GUID: d8b63aba1907145bea998dd612889d6b' -> (Import Result ID: '19e09c9424a25d356a4e81d3f0dc68ed') in 0.001 seconds [static dependencies only]. Details - ImportResultOutputID=01502dc63d2ad352111a1863c9144075 DependenciesID=727d368cbe89e3533947b6a96962f85b StaticDependenciesID=63e848ca8ef3a20b21b43a0f61e0a42a 
Importing 'GUID: 79bfc848f72b8c84b847746beeff904b - Path: Packages/com.yanagisawa.data-layout-calibrator/Samples/TransformExport/Tests/Editor/Yanagisawa.DataLayoutCalibrator.Samples.TransformExport.Tests.Editor.asmdef' with importer (AssemblyDefinitionImporter)
Imported 'GUID: 79bfc848f72b8c84b847746beeff904b' -> (Import Result ID: '27785059841c1f6b592bd9262c11f1f2') in 0.001 seconds [static dependencies only]. Details - ImportResultOutputID=0bdc167873510dc8c87879d280b68eff DependenciesID=803d429908e64e9cb0bf329878e2a560 StaticDependenciesID=80817878ebb572697c48158b51973fd0 
Importing 'GUID: d966426d06a270f45839eafbf58c1fe8 - Path: Assets/DataLayoutCalibrator/Editor/Yanagisawa.DataLayoutCalibrator.Benchmark.Editor.asmdef' with importer (AssemblyDefinitionImporter)
Imported 'GUID: d966426d06a270f45839eafbf58c1fe8' -> (Import Result ID: 'c285432b11e56ddb06683290902071ff') in 0.002 seconds [static dependencies only]. Details - ImportResultOutputID=5afce05f8647d8383783928136f24ebd DependenciesID=9cf23fefbb1a5fbc79e4e78e34e80eec StaticDependenciesID=ea821cfb08b0f8df621deb8c782b164b 
Importing 'GUID: e91b268b63943c2439bcacf533674224 - Path: Packages/com.yanagisawa.data-layout-calibrator/Samples/ParticleIntegrate/Tests/Editor/Yanagisawa.DataLayoutCalibrator.Samples.ParticleIntegrate.Tests.Editor.asmdef' with importer (AssemblyDefinitionImporter)
Imported 'GUID: e91b268b63943c2439bcacf533674224' -> (Import Result ID: 'a4dc6ab9bc07ec11b807b8ec618f2f44') in 0.001 seconds [static dependencies only]. Details - ImportResultOutputID=f7196f02751fe85ffa57eee683afaad0 DependenciesID=4e9bd8e45fd24a8118b0ef8217d01b7c StaticDependenciesID=502784ccc6fedbd6d1f1d96b855a6915 
Importing 'GUID: 0acc523941302664db1f4e527237feb3 - Path: Packages/com.unity.test-framework/UnityEditor.TestRunner/UnityEditor.TestRunner.asmdef' with importer (AssemblyDefinitionImporter)
Imported 'GUID: 0acc523941302664db1f4e527237feb3' -> (Import Result ID: 'c7efa593bb019445c645cd1e612098f4') in 0.001 seconds [static dependencies only]. Details - ImportResultOutputID=bdfbd62718e67525d158a84b62805fd9 DependenciesID=958d2f7d6c734f874ba30f58597e06dc StaticDependenciesID=53f2e9fb7ef7da1dc84a0cd2d8bae5c9 
Importing 'GUID: aaf6804a66b394e9b8c133f80fc0c3e3 - Path: Packages/com.unity.nuget.mono-cecil/Tests/Editor/Unity.Nuget.Mono-Cecil.Editor.Tests.asmdef' with importer (AssemblyDefinitionImporter)
Imported 'GUID: aaf6804a66b394e9b8c133f80fc0c3e3' -> (Import Result ID: '46e69f3c019cbdd6036d3a2145695740') in 0.001 seconds [static dependencies only]. Details - ImportResultOutputID=8afcf50a6c18737ec3f5cfcddabcd598 DependenciesID=28bb02bed79b192add721059af9fc646 StaticDependenciesID=314f864c2f1f10d5c1c560656f757590 
Importing 'GUID: 8baa6eabecd47164e94a1eb92b18f394 - Path: Packages/com.unity.collections/Unity.Collections.CodeGen/Unity.Collections.CodeGen.asmdef' with importer (AssemblyDefinitionImporter)
Imported 'GUID: 8baa6eabecd47164e94a1eb92b18f394' -> (Import Result ID: 'f135bc39728acb849fa25ea4ec38c7bb') in 0.001 seconds [static dependencies only]. Details - ImportResultOutputID=d662303cdf54d0c3dd98b6efba486cfb DependenciesID=da044222d0b13506ab311c63a26115b6 StaticDependenciesID=d9077a8f3935250890aad2fd078da889 
Importing 'GUID: ebbea1c70c20149eea64c53647a70872 - Path: Packages/com.unity.collections/Unity.Collections.Tests/Unity.Collections.Tests.asmdef' with importer (AssemblyDefinitionImporter)
Imported 'GUID: ebbea1c70c20149eea64c53647a70872' -> (Import Result ID: '19662d546af06262837eb5e4615305c0') in 0.002 seconds [static dependencies only]. Details - ImportResultOutputID=3a81b3579d5c38fd6ec7030b87caa55f DependenciesID=d7f2c959ac97d76173b39ea0ecbff7bd StaticDependenciesID=217e3ce13e6bf315478f000b7e613293 
Importing 'GUID: 9c6dda6c7922c624cb7ea9a7f1c7d54a - Path: Packages/com.unity.burst/Unity.Burst.CodeGen/Unity.Burst.CodeGen.asmdef' with importer (AssemblyDefinitionImporter)
Imported 'GUID: 9c6dda6c7922c624cb7ea9a7f1c7d54a' -> (Import Result ID: '6d10592a53dc2b95924bd34194ef4f0e') in 0.001 seconds [static dependencies only]. Details - ImportResultOutputID=8456a45fd02f5deb1b6e1935914f23af DependenciesID=ba14eabda8c886f096e43302409b6fe2 StaticDependenciesID=fa0b68599a0d1a64a5415c636cf0c343 
Importing 'GUID: 7d7a52937bce86f4d8cb05d0385d15e8 - Path: Packages/com.yanagisawa.data-layout-calibrator/Samples/ParticleIntegrate/Runtime/Yanagisawa.DataLayoutCalibrator.Samples.ParticleIntegrate.asmdef' with importer (AssemblyDefinitionImporter)
Imported 'GUID: 7d7a52937bce86f4d8cb05d0385d15e8' -> (Import Result ID: 'bf2bd440e1741ba7c3551c6bc08acd61') in 0.001 seconds [static dependencies only]. Details - ImportResultOutputID=1e94c45e74de1da66c7f19273cbd1972 DependenciesID=c5bcb8584ec1fb2ad27d5ce33c41e4e4 StaticDependenciesID=368c6db3f68d7cd777432040462f1f25 
Importing 'GUID: 5e96082520aa86a458e400b89afe93a4 - Path: Packages/com.unity.collections/Unity.Collections.Tests.Playmode/Unity.Collections.Tests.Playmode.asmdef' with importer (AssemblyDefinitionImporter)
Imported 'GUID: 5e96082520aa86a458e400b89afe93a4' -> (Import Result ID: 'c6184b3c78b7da4d631ec1934e4e88c2') in 0.001 seconds [static dependencies only]. Details - ImportResultOutputID=bd2135074d5db371cd84d45685c0abb9 DependenciesID=3cbdb32321636443dd64e06bef586dec StaticDependenciesID=6395ec4ae1ebabae99e3241fd6c8b1a4 
Importing 'GUID: 8ec52c47cba61c0459b9a3f17ef26c30 - Path: Packages/com.yanagisawa.data-layout-calibrator/Tests/Editor/Yanagisawa.DataLayoutCalibrator.Tests.Editor.asmdef' with importer (AssemblyDefinitionImporter)
Imported 'GUID: 8ec52c47cba61c0459b9a3f17ef26c30' -> (Import Result ID: 'c3d6284a39b5db134ac99ce1912fb33a') in 0.001 seconds [static dependencies only]. Details - ImportResultOutputID=aa61e8dbaef73ddcd3eff00822ed4782 DependenciesID=4222dfe6864953cc0862ae2470769981 StaticDependenciesID=461966ead74fb89ef2882beb07902d2b 
Importing 'GUID: be17709716f1648caa5de6d0c38103ed - Path: Packages/com.unity.multiplayer.center/Editor/Unity.Multiplayer.Center.Editor.asmdef' with importer (AssemblyDefinitionImporter)
Imported 'GUID: be17709716f1648caa5de6d0c38103ed' -> (Import Result ID: '23ef6da53a5f71c63e20526ddba009bc') in 0.001 seconds [static dependencies only]. Details - ImportResultOutputID=10fe3792e6d1c78b2e7ea8dd1292fc3b DependenciesID=7e3273d718eacf13a5c79da027e74b14 StaticDependenciesID=dbdff9f679e801053751a0b9a741b7bf 
Importing 'GUID: 4f5c0c83dfd6a0743834baba2b4de79e - Path: Packages/com.unity.collections/Unity.Collections.BurstCompatibilityGen/Unity.Collections.BurstCompatibilityGen.asmdef' with importer (AssemblyDefinitionImporter)
Imported 'GUID: 4f5c0c83dfd6a0743834baba2b4de79e' -> (Import Result ID: '69c102844c3d2d06245b7807f9fd28d6') in 0.001 seconds [static dependencies only]. Details - ImportResultOutputID=ac52ea5d507d3c8048e163a715427ed2 DependenciesID=174ad7bfd6aa266578b2d3fd19953f86 StaticDependenciesID=007d4bde783a1f1c89b3aabec0400898 
Importing 'GUID: 6f96e4b9bbe444c8f88d51ae10a2b75e - Path: Packages/com.unity.mathematics/Tests/Editor/Unity.Mathematics.Editor.Tests.asmdef' with importer (AssemblyDefinitionImporter)
Imported 'GUID: 6f96e4b9bbe444c8f88d51ae10a2b75e' -> (Import Result ID: '228b35b7e39f734a297f63ae86e916ed') in 0.001 seconds [static dependencies only]. Details - ImportResultOutputID=9503fec8899d928fffceed232aada3b8 DependenciesID=56cde206fb598b563d438ddd00681434 StaticDependenciesID=ea22d639f54ad0d8f4501725d198ab20 
Importing 'GUID: 9f843d4b38153f04b9cee0502d568525 - Path: Packages/com.unity.test-framework.performance/Editor/Unity.PerformanceTesting.Editor.asmdef' with importer (AssemblyDefinitionImporter)
Imported 'GUID: 9f843d4b38153f04b9cee0502d568525' -> (Import Result ID: '19e43c2472d23c2dd84fbaaa5c37f87d') in 0.001 seconds [static dependencies only]. Details - ImportResultOutputID=b24723d683cea24cef50bdf136575abc DependenciesID=dae3b8ba1abc48b3619cef3ab30d31a6 StaticDependenciesID=08e5d55e3d54859b6a16644647e6901d 
Importing 'GUID: e064d25778ff3b249a575bb25f2eaf3e - Path: Packages/com.unity.collections/Unity.Collections.PerformanceTests.Internal/Unity.Collections.PerformanceTests.Internal.asmref' with importer (AssemblyDefinitionReferenceImporter)
Imported 'GUID: e064d25778ff3b249a575bb25f2eaf3e' -> (Import Result ID: 'd5b79a939e20d74a4dd50f5bed5eac66') in 0.019 seconds [static dependencies only]. Details - ImportResultOutputID=655a81b5a7dcfad0ad74ceb22e2cfc24 DependenciesID=f5fbe9338a197053c51072dbff494d11 StaticDependenciesID=ebbcbfd3e2329ca6daf7e8b285f016e0 
Importing 'GUID: 268a64be2367b3248a24f317d458861a - Path: Packages/com.unity.burst/Runtime/Editor/Unity.Burst.ForEditor.asmref' with importer (AssemblyDefinitionReferenceImporter)
Imported 'GUID: 268a64be2367b3248a24f317d458861a' -> (Import Result ID: '64d1ced65a81c6cbec0d8f43303d9149') in 0.001 seconds [static dependencies only]. Details - ImportResultOutputID=14782cc54ef3cdaed6ecf829e7b33a0e DependenciesID=94886c0fb2612ddd4f48c82b825a0e90 StaticDependenciesID=157258e6997dde54b0b6b717512cee3d 
Importing 'GUID: 51fa60bb2bd1e5bc74e8cc95a7bfd5b7 - Path: Packages/com.unity.modules.ui/package.ModuleCompilationTrigger' with importer (DefaultImporter)
Imported 'GUID: 51fa60bb2bd1e5bc74e8cc95a7bfd5b7' -> (Import Result ID: 'da7146f36f38740ef799f0a8ef745d23') in 0.020 seconds [static dependencies only]. Details - ImportResultOutputID=97b097896283fafd162f5103b6da9350 DependenciesID=4055109e607a57d2f1170335fea6f5b6 StaticDependenciesID=5848334a9c3afd485e2598f9889c3997 
Importing 'GUID: 71136fc5cf34f2cc10be0e33c0b08019 - Path: Packages/com.unity.modules.unityanalytics/package.ModuleCompilationTrigger' with importer (DefaultImporter)
Imported 'GUID: 71136fc5cf34f2cc10be0e33c0b08019' -> (Import Result ID: 'c2cc8d44df7f5af9e1e985f1d9865d62') in 0.001 seconds [static dependencies only]. Details - ImportResultOutputID=aad00463857b0f3e239972e5a10e3f79 DependenciesID=a25355b1f61f4e9b345bac29fd9b08e8 StaticDependenciesID=41146bf4729f508cca7dacdbd0e1a276 
Importing 'GUID: a1c42005fe7c5d78585a77ce396a5eea - Path: Packages/com.unity.modules.tilemap/package.ModuleCompilationTrigger' with importer (DefaultImporter)
Imported 'GUID: a1c42005fe7c5d78585a77ce396a5eea' -> (Import Result ID: '9c3c1d0ba83a16e4c4a83a2f41692d08') in 0.000 seconds [static dependencies only]. Details - ImportResultOutputID=7c7d529048f5d74f6d499dae097a185f DependenciesID=5f8ce6bc7974e56dfdddc39a261f477e StaticDependenciesID=277d2b2428c983744b7499182ac4ba84 
Importing 'GUID: d104359075a97392b803d3d5aebc77f7 - Path: Packages/com.unity.modules.hierarchycore/package.ModuleCompilationTrigger' with importer (DefaultImporter)
Imported 'GUID: d104359075a97392b803d3d5aebc77f7' -> (Import Result ID: '8b98a5fe5858dc93826cc9182b55b8d6') in 0.000 seconds [static dependencies only]. Details - ImportResultOutputID=8ec3343e917ef007d455acfe45d3ee72 DependenciesID=d008787e17d87cb605ed1ccbc581003a StaticDependenciesID=94821274a794f23a96a8ba01e4b49dee 
Importing 'GUID: 222fc39b0c85d800342910da2cd64781 - Path: Packages/com.unity.modules.assetbundle/package.ModuleCompilationTrigger' with importer (DefaultImporter)
Imported 'GUID: 222fc39b0c85d800342910da2cd64781' -> (Import Result ID: '1101de849aa6e1f7c98985896880952a') in 0.000 seconds [static dependencies only]. Details - ImportResultOutputID=a4749f3da6b6adf8eaabf6e5477b2b7c DependenciesID=8b04f1ddbfa7431f89658cd91664d885 StaticDependenciesID=500cfa9f4f7e5cbc078b469ac6501081 
Importing 'GUID: d2ec2d1228c8e67cdd913cb5609176a2 - Path: Packages/com.unity.modules.unitywebrequest/package.ModuleCompilationTrigger' with importer (DefaultImporter)
Imported 'GUID: d2ec2d1228c8e67cdd913cb5609176a2' -> (Import Result ID: '296c61c72fc18aae62e029680fdf1f70') in 0.000 seconds [static dependencies only]. Details - ImportResultOutputID=37747859ed12efda2a92d3d840e79b06 DependenciesID=867908489ffc67ae501fabe328861d70 StaticDependenciesID=750bd098b18a5b61d3f5f7418463389e 
Importing 'GUID: e2d09a26ce46dc617b54e49a534ace20 - Path: Packages/com.unity.modules.ai/package.ModuleCompilationTrigger' with importer (DefaultImporter)
Imported 'GUID: e2d09a26ce46dc617b54e49a534ace20' -> (Import Result ID: 'e44138a037f95ae0f3555e190bed5c99') in 0.000 seconds [static dependencies only]. Details - ImportResultOutputID=01c973ad27769bdd61dcc3de2d8629ac DependenciesID=b69e40e5c70883eb0dd101c93a7ccd24 StaticDependenciesID=bbdbf9d032ba6d01cfa4bce94e2d803d 
Importing 'GUID: 23032f4383e95e772bce465c5896d0fd - Path: Packages/com.unity.modules.terrain/package.ModuleCompilationTrigger' with importer (DefaultImporter)
Imported 'GUID: 23032f4383e95e772bce465c5896d0fd' -> (Import Result ID: '7f50f6641b8329ddc918445dedab9710') in 0.000 seconds [static dependencies only]. Details - ImportResultOutputID=43caf76539e87b0b5e506fce22b32e8c DependenciesID=94d485d7451611581239c6468571fe1f StaticDependenciesID=0a97893ec1eeb18c8663bae8572305fa 
Importing 'GUID: 830a36a23cf3ab1e61fa47940a6dc35e - Path: Packages/com.unity.modules.imageconversion/package.ModuleCompilationTrigger' with importer (DefaultImporter)
Imported 'GUID: 830a36a23cf3ab1e61fa47940a6dc35e' -> (Import Result ID: 'c66208759bd0d44fd4d2a27542eefb33') in 0.000 seconds [static dependencies only]. Details - ImportResultOutputID=1312c79305670b6aa3bce9ff3efd03b9 DependenciesID=f8cb08a20abc734962c2341d4974f066 StaticDependenciesID=8d04c7f3854d2da2a085adb5c4d3be84 
Importing 'GUID: a31a332ce3485f00f7df8d987302a29c - Path: Packages/com.unity.modules.unitywebrequesttexture/package.ModuleCompilationTrigger' with importer (DefaultImporter)
Imported 'GUID: a31a332ce3485f00f7df8d987302a29c' -> (Import Result ID: 'f15c9af3d2039aaf9ce01f0bf8ff71ff') in 0.000 seconds [static dependencies only]. Details - ImportResultOutputID=54d1731c77f760b5355a2b1bfa92527b DependenciesID=d91119666f9007d1f765712f56c16fa4 StaticDependenciesID=dee0dcfd3ef57403565228da4125b8de 
Importing 'GUID: 042dc296246916648e55a43d0eeb2036 - Path: Packages/com.unity.modules.audio/package.ModuleCompilationTrigger' with importer (DefaultImporter)
Imported 'GUID: 042dc296246916648e55a43d0eeb2036' -> (Import Result ID: '825ada01a22a932fe6b253644dbb5f47') in 0.000 seconds [static dependencies only]. Details - ImportResultOutputID=ab0921e937c1d9c2d7fbdebe7091d6c2 DependenciesID=6049530c758a625436c89437f1cf97e1 StaticDependenciesID=533919d559210c186a6980f973acb706 
Importing 'GUID: 14e86f88e9a8c9c448d7e7df92f2aeec - Path: Packages/com.unity.modules.physicscore2d/package.ModuleCompilationTrigger' with importer (DefaultImporter)
Imported 'GUID: 14e86f88e9a8c9c448d7e7df92f2aeec' -> (Import Result ID: '770388cac41ce694b07489e2f2fbdbb4') in 0.000 seconds [static dependencies only]. Details - ImportResultOutputID=94d25b776bc28f679880cb17bd31ec6c DependenciesID=ffaa61fcace8cf822466238f111acb5a StaticDependenciesID=5ffdfec73670d4b28ccaa62dac2ca25a 
Importing 'GUID: 553737203d61a8109f9544a97201e1aa - Path: Packages/com.unity.modules.unitywebrequestaudio/package.ModuleCompilationTrigger' with importer (DefaultImporter)
Imported 'GUID: 553737203d61a8109f9544a97201e1aa' -> (Import Result ID: '7ca73d9034ac45ff1e0197fdf35e08a3') in 0.000 seconds [static dependencies only]. Details - ImportResultOutputID=ab514c5cded186b91986c4c830fcf71c DependenciesID=34850208eb119edf5d6622a5c610c106 StaticDependenciesID=247311b246c100a80666508820f68acb 
Importing 'GUID: e5c46c19ce0ce2e0103aa6f82df1043a - Path: Packages/com.unity.modules.vehicles/package.ModuleCompilationTrigger' with importer (DefaultImporter)
Imported 'GUID: e5c46c19ce0ce2e0103aa6f82df1043a' -> (Import Result ID: 'f77e4bccb0b3567a5c46f6fdc6f99ed9') in 0.000 seconds [static dependencies only]. Details - ImportResultOutputID=7ed92368dde83c4f4274e94d1167c911 DependenciesID=27d2964b74dc34c14b0189b826737101 StaticDependenciesID=58c585336f8155249eb983aaea149696 
Importing 'GUID: 7610600f5c83e01041a6fe849d39279f - Path: Packages/com.unity.modules.unitywebrequestassetbundle/package.ModuleCompilationTrigger' with importer (DefaultImporter)
Imported 'GUID: 7610600f5c83e01041a6fe849d39279f' -> (Import Result ID: 'bfef23b9481899930568bcc1f4643467') in 0.000 seconds [static dependencies only]. Details - ImportResultOutputID=8003247251fb87c113fccdf168b06d46 DependenciesID=30f2e91d26e25092783770b9c887ec1e StaticDependenciesID=c2c7775d2cb060c8f328513614b8d3d0 
Importing 'GUID: e6a135e3ea9cb46795d1b0e05ac3e1e5 - Path: Packages/com.unity.modules.jsonserialize/package.ModuleCompilationTrigger' with importer (DefaultImporter)
Imported 'GUID: e6a135e3ea9cb46795d1b0e05ac3e1e5' -> (Import Result ID: '4cdab18d31f425b5b000c178ce4411d7') in 0.000 seconds [static dependencies only]. Details - ImportResultOutputID=16fe18d7d4fb3289b89d1d866fdd26db DependenciesID=13fef97da21472d8b844ad9b278d33c8 StaticDependenciesID=4a0c3cda941c34f53512e620dc71b2ee 
Importing 'GUID: f62135e79edb837b2d2ee3c524da864c - Path: Packages/com.unity.modules.video/package.ModuleCompilationTrigger' with importer (DefaultImporter)
Imported 'GUID: f62135e79edb837b2d2ee3c524da864c' -> (Import Result ID: 'b1c90bbcac1740bfef19081eb2624ac9') in 0.000 seconds [static dependencies only]. Details - ImportResultOutputID=f343425462c7ecc24009b61dff957b85 DependenciesID=0b41a7c0880be7c0cfc3123e3cc9df88 StaticDependenciesID=3ed9b40a0b2b3c1dc15c737a860738bd 
Importing 'GUID: 17f093324b67f5bd57e55b546736750e - Path: Packages/com.unity.modules.particlesystem/package.ModuleCompilationTrigger' with importer (DefaultImporter)
Imported 'GUID: 17f093324b67f5bd57e55b546736750e' -> (Import Result ID: '0d2ddc786bdac7bda467072911da8e98') in 0.000 seconds [static dependencies only]. Details - ImportResultOutputID=0355b1352b2efc29f8c3d4c7ae63c7f1 DependenciesID=2958690ec73685b53b2fcd9cfd0b1254 StaticDependenciesID=85089510f0b3bed9d5698cc35811e520 
Importing 'GUID: 4745d06d5a7ca576dcf9e5e67b417652 - Path: Packages/com.unity.modules.accessibility/package.ModuleCompilationTrigger' with importer (DefaultImporter)
Imported 'GUID: 4745d06d5a7ca576dcf9e5e67b417652' -> (Import Result ID: '9f46fc08ebc806e148b3028026b922b2') in 0.000 seconds [static dependencies only]. Details - ImportResultOutputID=532470ed0227c311b25c8c9e8ba79400 DependenciesID=503091816945cb75b8aff54ef6e48dc4 StaticDependenciesID=2a1163b04495b287eee3f28aa095c5e4 
Importing 'GUID: c7a8b0317f4e68556d7509828e9e211e - Path: Packages/com.unity.modules.xr/package.ModuleCompilationTrigger' with importer (DefaultImporter)
Imported 'GUID: c7a8b0317f4e68556d7509828e9e211e' -> (Import Result ID: '3aae1004c356c0174b1d2014ff417205') in 0.000 seconds [static dependencies only]. Details - ImportResultOutputID=ae1b559a8646648d57c418658f22c1c3 DependenciesID=2a40ad50e5d83660c4346aa85c6f1fd5 StaticDependenciesID=e650a17c51a74b75b8ae09276ca1089c 
Importing 'GUID: 082fbee38a82835433261a5e9c00e267 - Path: Packages/com.unity.modules.cloth/package.ModuleCompilationTrigger' with importer (DefaultImporter)
Imported 'GUID: 082fbee38a82835433261a5e9c00e267' -> (Import Result ID: '68fe0adc66ccdd7718aefeef9e3899e7') in 0.000 seconds [static dependencies only]. Details - ImportResultOutputID=4484322f1fd307127a580e9b17cedb30 DependenciesID=b765e8dda1143a901b43862a90264c61 StaticDependenciesID=ef9fa225c23aecc2cc2d8ab5316d82e8 
Importing 'GUID: c82e859b16636ddd2ca4a1f63fd34938 - Path: Packages/com.unity.modules.androidjni/package.ModuleCompilationTrigger' with importer (DefaultImporter)
Imported 'GUID: c82e859b16636ddd2ca4a1f63fd34938' -> (Import Result ID: '1f7bd7b9ff84e0c63a1f30c0158813f6') in 0.000 seconds [static dependencies only]. Details - ImportResultOutputID=6a7f1eafcdb81a627586a74a505019b9 DependenciesID=7588d1a84adbbe84b3d276918e369fb4 StaticDependenciesID=00e8d98cc8487c72fc0bb1d83327e9f8 
Importing 'GUID: c88e90bad18cceb5d182d0c805883056 - Path: Packages/com.unity.modules.director/package.ModuleCompilationTrigger' with importer (DefaultImporter)
Imported 'GUID: c88e90bad18cceb5d182d0c805883056' -> (Import Result ID: '692b721ebaf01bf42014eff7cc287474') in 0.000 seconds [static dependencies only]. Details - ImportResultOutputID=5d286ef98cbac13e3d0e345aac901e4f DependenciesID=94ff21374e1176d68a537fdc52c3a414 StaticDependenciesID=02cee57ef9a66eaa5c0a5baea26241f2 
Importing 'GUID: 1af35a910338381f753e8a985eb5daab - Path: Packages/com.unity.modules.adaptiveperformance/package.ModuleCompilationTrigger' with importer (DefaultImporter)
Imported 'GUID: 1af35a910338381f753e8a985eb5daab' -> (Import Result ID: 'cce3e3bb6c2e43a4c05545493add7f67') in 0.000 seconds [static dependencies only]. Details - ImportResultOutputID=949634ab36822f8ff6168fc8c25e1508 DependenciesID=a86133a3cbf7d81a9d34c70dc70d412d StaticDependenciesID=72d9c9e598d42b502a015ca49e111ab5 
Importing 'GUID: 2adec19fac7df68adf1fd6eb83197bb1 - Path: Packages/com.unity.modules.wind/package.ModuleCompilationTrigger' with importer (DefaultImporter)
Imported 'GUID: 2adec19fac7df68adf1fd6eb83197bb1' -> (Import Result ID: '6a2f4ddbbdd2cee0e833c8e9b60c4930') in 0.000 seconds [static dependencies only]. Details - ImportResultOutputID=d94addc5fcd1dcd16d8a4aeff6e7315b DependenciesID=90bea73b66bc5a3ec0ae4d79132e1e3f StaticDependenciesID=5c1313ac4c6fbfe87cf9835fd6ebbe0d 
Importing 'GUID: 8a752aaaadd2410dd9a84e01c1bace9f - Path: Packages/com.unity.modules.uielements/package.ModuleCompilationTrigger' with importer (DefaultImporter)
Imported 'GUID: 8a752aaaadd2410dd9a84e01c1bace9f' -> (Import Result ID: 'f5a6218cbaa15cada75203b875739241') in 0.000 seconds [static dependencies only]. Details - ImportResultOutputID=f40b7d6a35d44b9d0813e881de9232d1 DependenciesID=ae9d6671a8106c6b2fa0b26490f56329 StaticDependenciesID=4de3b68478c6fcd93c95f2488f338125 
Importing 'GUID: 1b6246f2248883964991eac9e9b4817c - Path: Packages/com.unity.modules.umbra/package.ModuleCompilationTrigger' with importer (DefaultImporter)
Imported 'GUID: 1b6246f2248883964991eac9e9b4817c' -> (Import Result ID: 'c2593cc550babef9c4ef15c744157af8') in 0.000 seconds [static dependencies only]. Details - ImportResultOutputID=007489b112d859d85ac111b51d2b96fd DependenciesID=10afff1fecbc2b084ea0602712887ed3 StaticDependenciesID=b0e764f8a48c9617485bdd19a3be1f5f 
Importing 'GUID: cbb1a39d56ce4d9ac1a46ac505893fa7 - Path: Packages/com.unity.modules.terrainphysics/package.ModuleCompilationTrigger' with importer (DefaultImporter)
Imported 'GUID: cbb1a39d56ce4d9ac1a46ac505893fa7' -> (Import Result ID: 'c4e7922eced96fe170efe150661d1ab0') in 0.000 seconds [static dependencies only]. Details - ImportResultOutputID=62cb9b240430335886efec9a08c66b57 DependenciesID=ae5984d24878f2f9077435a5c18e04f6 StaticDependenciesID=ba12fc2658ed2d75c63a988a6e36bf9c 
Importing 'GUID: db8e609a39b9b231fccc54e5fa4cbd1b - Path: Packages/com.unity.modules.animation/package.ModuleCompilationTrigger' with importer (DefaultImporter)
Imported 'GUID: db8e609a39b9b231fccc54e5fa4cbd1b' -> (Import Result ID: 'c7dc61610ffe66c8b2c450fffe021fd6') in 0.000 seconds [static dependencies only]. Details - ImportResultOutputID=288139cac869a1d040c89eaede133db4 DependenciesID=acfd7624339c3516e2c486656c526f65 StaticDependenciesID=13c33991cd0835ecf3f1eb8d54af3532 
Importing 'GUID: 3cc1ebf2abb7fef6871ad48f499b6e21 - Path: Packages/com.unity.modules.vectorgraphics/package.ModuleCompilationTrigger' with importer (DefaultImporter)
Imported 'GUID: 3cc1ebf2abb7fef6871ad48f499b6e21' -> (Import Result ID: 'ec299a4f0aae8a8e3bbfb324e4cfef53') in 0.000 seconds [static dependencies only]. Details - ImportResultOutputID=a4c87958b226c4f900fbf4d18311cf6f DependenciesID=a316c13e63a531aea7592a16adcf5e4d StaticDependenciesID=d424393493e3c0a7c18d61c53795eace 
Importing 'GUID: 5c1ee4056d0ac7ad3c5a16597fcaa38a - Path: Packages/com.unity.modules.physics/package.ModuleCompilationTrigger' with importer (DefaultImporter)
Imported 'GUID: 5c1ee4056d0ac7ad3c5a16597fcaa38a' -> (Import Result ID: '55275c48f2a6e4d48c8aa1eeb75f6ed2') in 0.000 seconds [static dependencies only]. Details - ImportResultOutputID=47c1ddfb4cd3ec43bc350d5b06504d59 DependenciesID=48f26736b494d81c81a6df45682d2d56 StaticDependenciesID=bdc9ac5cc7a083ce43d55389511396dd 
Importing 'GUID: 8d4bc6bfa28760b29f13174d6b6ea710 - Path: Packages/com.unity.modules.subsystems/package.ModuleCompilationTrigger' with importer (DefaultImporter)
Imported 'GUID: 8d4bc6bfa28760b29f13174d6b6ea710' -> (Import Result ID: 'a3011318500a17343fe70ef583a7a064') in 0.000 seconds [static dependencies only]. Details - ImportResultOutputID=498ca2a2c24aa041ab5e98f608209a1b DependenciesID=877ad71b259b1853ca3cbcd22dbeced1 StaticDependenciesID=8f5974be53fcdb5273b9ca84be24fb20 
Importing 'GUID: cd561f5f687aed43bf280c27a84f79e3 - Path: Packages/com.unity.modules.screencapture/package.ModuleCompilationTrigger' with importer (DefaultImporter)
Imported 'GUID: cd561f5f687aed43bf280c27a84f79e3' -> (Import Result ID: '40aa626f7f34fb94afc221a2df05fb54') in 0.000 seconds [static dependencies only]. Details - ImportResultOutputID=3eb1964e8afbff2c421e099475927610 DependenciesID=932a9ff0221b28edb200a972ce2652f5 StaticDependenciesID=cb7d0a479851b0ff42d76c80e71ee100 
Importing 'GUID: ae87256f29d9c8b50490f4caf75b2c41 - Path: Packages/com.unity.modules.unitywebrequestwww/package.ModuleCompilationTrigger' with importer (DefaultImporter)
Imported 'GUID: ae87256f29d9c8b50490f4caf75b2c41' -> (Import Result ID: 'cf780f352da2f408d3699135526f8105') in 0.000 seconds [static dependencies only]. Details - ImportResultOutputID=79dda7a6ac07c59209ba94225ee33d24 DependenciesID=f5cac70939bf0516a32dd3f985297119 StaticDependenciesID=721e253293ef645f167612dcbc81e8bf 
Importing 'GUID: be13c398521e3c1ad21fb9da30ab2ab6 - Path: Packages/com.unity.modules.imgui/package.ModuleCompilationTrigger' with importer (DefaultImporter)
Imported 'GUID: be13c398521e3c1ad21fb9da30ab2ab6' -> (Import Result ID: 'b271e59c9cc378c98b4a96aa59e0c678') in 0.000 seconds [static dependencies only]. Details - ImportResultOutputID=68bbcc9e8372c6860b60d924cb4f595c DependenciesID=0f048d2c25447920d8aee15b7f46bdba StaticDependenciesID=c60d30096816420cf21f408d2eaffbc8 
Importing 'GUID: fe6a6957b37b61417b457a1e0541791d - Path: Packages/com.unity.modules.physics2d/package.ModuleCompilationTrigger' with importer (DefaultImporter)
Imported 'GUID: fe6a6957b37b61417b457a1e0541791d' -> (Import Result ID: 'bf99c7c3fa8aead1b3b167c8bea112f4') in 0.000 seconds [static dependencies only]. Details - ImportResultOutputID=007ff8c01aa675f4b695ba99a36210ad DependenciesID=88b918f05d5ac819ead3a3b060478b14 StaticDependenciesID=111770f12ca0822f165f44c14271bd5e 
Native extension for WindowsStandalone target not found
Native extension for WebGL target not found
ScheduleIndexationOnStartup MainProcess:True IndexOnStartup:False
Mono: successfully reloaded assembly
- Finished resetting the current domain, in  0.545 seconds
Domain Reload Profiling: 1244ms
	BeginReloadAssembly (155ms)
		DisableScriptedObjects (20ms)
		CreateAndSetChildDomain (45ms)
	RebuildCommonClasses (6ms)
	RebuildNativeTypeToScriptingClass (10ms)
	initialDomainReloadingComplete (29ms)
	LoadAllAssembliesAndSetupDomain (498ms)
		LoadAssemblies (469ms)
		AnalyzeDomain (30ms)
			TypeCache.Refresh (21ms)
				TypeCache.ScanAssembly (18ms)
			BuildScriptInfoCaches (8ms)
	FinalizeReload (546ms)
		SetupLoadedEditorAssemblies (0ms)
			BeforeProcessingInitializeOnLoad (54ms)
			ProcessInitializeOnLoadAttributes (282ms)
			ProcessInitializeOnLoadMethodAttributes (97ms)
			AfterProcessingInitializeOnLoad (4ms)
		AwakeInstancesAfterBackupRestoration (22ms)
Importing 'GUID: 00000000000000005000000000000000 - Path: Library/BuildPlayer.prefs' with importer (DefaultImporter)
Imported 'GUID: 00000000000000005000000000000000' -> (Import Result ID: '26e9c7e281adb4cf8f3ea59b4c171d86') in 0.009 seconds [static dependencies only]. Details - ImportResultOutputID=1f9c19b30680da8dab47159f77a4e657 DependenciesID=14a8d38dd6eb846d74b0ecabdcf1e954 StaticDependenciesID=6a158df055d9d94d7d60efaaf8b24b39 
Importing 'GUID: 50504580bca9eb0409fcceea1af68eb5 - Path: Packages/com.unity.collections/Unity.Collections/NativeText.tt' with importer (DefaultImporter)
Imported 'GUID: 50504580bca9eb0409fcceea1af68eb5' -> (Import Result ID: '0477071e3444c2e90eddf28526d2dfbc') in 0.010 seconds [static dependencies only]. Details - ImportResultOutputID=ca9c933a44b31b026524c218f48e051b DependenciesID=f2b877a29b7f097adabbfd4d20b99cff StaticDependenciesID=489e40dbaa3e84b8fe5d22dc6113688c 
Importing 'GUID: 80c2058990fe21b489f8cf04b19c914f - Path: Assets/DataLayoutCalibrator/Generated/DataLayoutCalibrator.unity' with importer (DefaultImporter)
Imported 'GUID: 80c2058990fe21b489f8cf04b19c914f' -> (Import Result ID: 'ea79ae4694576ebb64e49b22b5c9581b') in 0.004 seconds [static dependencies only]. Details - ImportResultOutputID=dd4b175584a369e7307d3328cce50a83 DependenciesID=cdb94482938e771d23824787b9ef2791 StaticDependenciesID=d5fb36dfd39e97c4b41c3112cd739ac8 
Importing 'GUID: f16da17e34bf5f149a196c3f6b32e37f - Path: Packages/com.unity.collections/Unity.Collections/FixedList.tt' with importer (DefaultImporter)
Imported 'GUID: f16da17e34bf5f149a196c3f6b32e37f' -> (Import Result ID: '2144e59809d23760bc9d800e48326a93') in 0.002 seconds [static dependencies only]. Details - ImportResultOutputID=03d2a163e5e28fcd70128e439a8a23dc DependenciesID=b94ac9a69d6448d396d8ba3611ea3afb StaticDependenciesID=464d6579c86083c173db9cf63488d779 
Importing 'GUID: 059659011adc4f67a43b9d9bcc5dfd01 - Path: Packages/com.unity.collections/Unity.Collections/FixedStringFormat.tt' with importer (DefaultImporter)
Imported 'GUID: 059659011adc4f67a43b9d9bcc5dfd01' -> (Import Result ID: '420f35b15628282d3f2160a307eaa1f4') in 0.002 seconds [static dependencies only]. Details - ImportResultOutputID=c20cbd66a5803aca2227d1dc3174277c DependenciesID=b392366790e5c5597d0d1517565bd4bc StaticDependenciesID=f668863aaa02eddd9eace7b9c12ab788 
Importing 'GUID: 175a9e4a17bf01748b02c5c1c653d091 - Path: Packages/com.unity.collections/Unity.Collections.Tests/NativeSortTests.tt' with importer (DefaultImporter)
Imported 'GUID: 175a9e4a17bf01748b02c5c1c653d091' -> (Import Result ID: '239d192ffbc2d407cda25a38847ef830') in 0.001 seconds [static dependencies only]. Details - ImportResultOutputID=2bc32a30d4b854312ac6ba90f85f9f85 DependenciesID=c6be473604b89f3e2e9aa1540495ba80 StaticDependenciesID=54299c1e76a9f284bf5238d237c402e7 
Importing 'GUID: 775a8d1badc640e45a6030c3822a83d7 - Path: Packages/com.unity.collections/Unity.Collections.Tests/FixedListTests.tt' with importer (DefaultImporter)
Imported 'GUID: 775a8d1badc640e45a6030c3822a83d7' -> (Import Result ID: 'bfa2069e4f6fb47c593e2477ca1d9275') in 0.001 seconds [static dependencies only]. Details - ImportResultOutputID=b41fd5d697d33c888a1c82c7be80bc76 DependenciesID=b4d3bdb4670da4805e20e250f8940b9e StaticDependenciesID=6a756bc5ffce3b413ba2f11328a2e38f 
Importing 'GUID: 0a845769eb1dc4f459f64e5c840d07de - Path: Packages/com.unity.collections/Unity.Collections/FixedString.tt' with importer (DefaultImporter)
Imported 'GUID: 0a845769eb1dc4f459f64e5c840d07de' -> (Import Result ID: 'bb31fa96002983f8f099dd9b7c45a5eb') in 0.001 seconds [static dependencies only]. Details - ImportResultOutputID=7bfc734504adb5c31429af8817237eb2 DependenciesID=b5553893c149715ac68b7874bd47b0b2 StaticDependenciesID=5e6cf94b9ae59fc99cda3ddef81f5218 
Importing 'GUID: 6a88e2cd1798bb445bc5517141684031 - Path: Packages/com.unity.collections/Unity.Collections.Tests.Playmode/FixedListPlayModeTests.tt' with importer (DefaultImporter)
Imported 'GUID: 6a88e2cd1798bb445bc5517141684031' -> (Import Result ID: '234b898c9f5a1fda0d84ead559b83b10') in 0.004 seconds [static dependencies only]. Details - ImportResultOutputID=c3f3c2d975fb8eeca080bedfaabe94c3 DependenciesID=adcd684e7c7556c9bd76d49876e1339e StaticDependenciesID=8adefb51b20f99d2297c3ea5761ab22c 
Importing 'GUID: 0be05385fc513c143a5b5249b7ad6211 - Path: Packages/com.unity.collections/Unity.Collections.Tests/FixedStringSizedTests.tt' with importer (DefaultImporter)
Imported 'GUID: 0be05385fc513c143a5b5249b7ad6211' -> (Import Result ID: 'b8ab04b83088d9b65063b5cef15a9716') in 0.005 seconds [static dependencies only]. Details - ImportResultOutputID=be34cb5983a837323f63f37646c30f01 DependenciesID=e13bbc6ccd902bb8808baa66e715a210 StaticDependenciesID=83629ad76b053fae8836977cf975c0aa 
Importing 'GUID: dbd3ca1753e44d04dbf3e27c3cfa4a1b - Path: Packages/com.unity.collections/Unity.Collections/UnsafeParallelHashSetExtensions.tt' with importer (DefaultImporter)
Imported 'GUID: dbd3ca1753e44d04dbf3e27c3cfa4a1b' -> (Import Result ID: '476a02f3ab93606b9765aed59e30c8d8') in 0.002 seconds [static dependencies only]. Details - ImportResultOutputID=2c1f6b7339641c243591d4df95eb22da DependenciesID=1e318c742ae4732b3e2cb5117a97f6bd StaticDependenciesID=a1cce3841aff71924ca4623ff01ba49a 
Importing 'GUID: 0cdef7b1946241588e9a3b52426940e4 - Path: Packages/com.unity.collections/Unity.Collections/FixedStringFormatMethods.tt' with importer (DefaultImporter)
Imported 'GUID: 0cdef7b1946241588e9a3b52426940e4' -> (Import Result ID: '1d20a04bbfa9aa39c0eb5716703f9e97') in 0.002 seconds [static dependencies only]. Details - ImportResultOutputID=234121505799972ba296db2aef8d0e93 DependenciesID=f84ecf2ac470d96e620dca634ee61431 StaticDependenciesID=bc4edcb71c33d9d2e1f7f558634a4fda 
Importing 'GUID: edf89c00aa475ae48a7726b87fc0f00c - Path: Packages/com.unity.collections/Unity.Collections.Tests/NativeParallelHashSetTests.tt' with importer (DefaultImporter)
Imported 'GUID: edf89c00aa475ae48a7726b87fc0f00c' -> (Import Result ID: '3908ae1dbd52d239de36d3b2be97acfd') in 0.001 seconds [static dependencies only]. Details - ImportResultOutputID=e27639ecc25692597379f554142bfc08 DependenciesID=a8a1b54aca18c7533badc108ccb668f9 StaticDependenciesID=a8c6d8303becebed9f9a776f78463d04 
Importing 'GUID: bead43d474a87b742a2b136a8b41e26b - Path: Packages/com.unity.collections/Unity.Collections.Tests/NativeHashSetTests.tt' with importer (DefaultImporter)
Imported 'GUID: bead43d474a87b742a2b136a8b41e26b' -> (Import Result ID: '5062988ed869f3f624765734d7c230ef') in 0.001 seconds [static dependencies only]. Details - ImportResultOutputID=296f5f98e0f87ae893daba991662e930 DependenciesID=b876b27acf5c972a200a852eb44ba114 StaticDependenciesID=cf9edaeeff92052b425d5c3509539275 
Importing 'GUID: 6f9fa81af98728e4f8a0db3762124ff9 - Path: Packages/com.unity.collections/Unity.Collections/NativeParallelHashSetExtensions.tt' with importer (DefaultImporter)
Imported 'GUID: 6f9fa81af98728e4f8a0db3762124ff9' -> (Import Result ID: '4b69e9ab2d97ff23f4f45c84857f7314') in 0.001 seconds [static dependencies only]. Details - ImportResultOutputID=abfbdaa08d2dd7dfc36cdce3d0fe0e08 DependenciesID=f582112cf161b30bfe2a2e26f661dfc7 StaticDependenciesID=6721ab23d62f2c6b6a967e1056e639e1 
Importing 'GUID: a659150180ae3489ba41c71780ba3779 - Path: Packages/com.unity.multiplayer.center/Editor/Questionnaire/Questionnaire.questionnaire' with importer (DefaultImporter)
Imported 'GUID: a659150180ae3489ba41c71780ba3779' -> (Import Result ID: '19471d562c476916d1f667ed6008dc50') in 0.002 seconds [static dependencies only]. Details - ImportResultOutputID=d0013f3317022cee9d3e980e4260305c DependenciesID=0fcde0876bb965152ac9d9ca7a0177c8 StaticDependenciesID=0a7d03a814e41bbda829ef673fdc0f39 
Importing 'GUID: b66d076cdcfe3b14388de66307a0e7ff - Path: Packages/com.unity.multiplayer.center/Editor/Recommendations/RecommendationData_6000.0.recommendations' with importer (DefaultImporter)
Imported 'GUID: b66d076cdcfe3b14388de66307a0e7ff' -> (Import Result ID: 'd443778e565afac5b404b4a3c8ba5151') in 0.003 seconds [static dependencies only]. Details - ImportResultOutputID=c9abb0b20a8e8219707b06aa304df842 DependenciesID=dac82d15893b578599403115b66b9eb1 StaticDependenciesID=489e637ea4b10fba937871ecc0bed6f8 
Importing 'GUID: 0175a7523f9f1754ca406f92afcfcbc6 - Path: Packages/com.unity.collections/Unity.Collections.PerformanceTests/Unity.PerformanceTesting.Benchmark/PerformanceTestFrameworkOutput.png' with importer (TextureImporter)
Imported 'GUID: 0175a7523f9f1754ca406f92afcfcbc6' -> (Import Result ID: '46c4db61a04c25c6c9999bc8f3ae24e8') in 0.030 seconds [static and dynamic dependencies]. Details - ImportResultOutputID=c0ce140c56c55e7a9f144d4b21d5af1e DependenciesID=caaa45242b0f1006e745d06182fde708 StaticDependenciesID=d039aa1358b8b92c883a163626b0293f 
Importing 'GUID: 318df756abab5463e9aa361360784865 - Path: Packages/com.unity.multiplayer.center/Editor/MultiplayerCenterWindow/UI/Icons/d_PackageInstalled@2x.png' with importer (TextureImporter)
Imported 'GUID: 318df756abab5463e9aa361360784865' -> (Import Result ID: 'a79b19a51e76f2b5ad6287f46a389a53') in 0.002 seconds [static and dynamic dependencies]. Details - ImportResultOutputID=7b3e219e801b2970aa4b8e91a6e014c3 DependenciesID=d218d463ae5c0f2a7f071bb7d3a6a319 StaticDependenciesID=676a434c83d6f0fc85958ffc61b2c34a 
Importing 'GUID: 424a8de5def3b46dcb08edd00ad1c7bd - Path: Packages/com.unity.multiplayer.center/Editor/MultiplayerCenterWindow/UI/Icons/Loading.png' with importer (TextureImporter)
Imported 'GUID: 424a8de5def3b46dcb08edd00ad1c7bd' -> (Import Result ID: '287bbf69b5aa9274c37a902f42555c19') in 0.002 seconds [static and dynamic dependencies]. Details - ImportResultOutputID=d282ad8093f74d34f6e060380d3dca47 DependenciesID=be6e3cb2cc90c116a7d58268c12e911a StaticDependenciesID=d2f3fd67d2eac8d20da59d58a0bbfab1 
Importing 'GUID: 525a6cca8dd9a4d28875a8fe824710d9 - Path: Packages/com.unity.multiplayer.center/Editor/MultiplayerCenterWindow/UI/Icons/d_Package.png' with importer (TextureImporter)
Imported 'GUID: 525a6cca8dd9a4d28875a8fe824710d9' -> (Import Result ID: 'e08a2c505541cb5010cfe60b65459fe3') in 0.003 seconds [static and dynamic dependencies]. Details - ImportResultOutputID=bfcebfae71b9bb988a30de0d5672d4dd DependenciesID=3492e318782f706cfd16db4e3c28aee4 StaticDependenciesID=fd7ef6f900dcc98cd00dafa7c517e51f 
Importing 'GUID: a23c0dd570fd44b57a03a8880002fcca - Path: Packages/com.unity.multiplayer.center/Editor/MultiplayerCenterWindow/UI/Icons/CloudCode@2x.png' with importer (TextureImporter)
Imported 'GUID: a23c0dd570fd44b57a03a8880002fcca' -> (Import Result ID: 'df93f8b8a4093247364c950db59c9b37') in 0.002 seconds [static and dynamic dependencies]. Details - ImportResultOutputID=c6358fe51cf309f2c7477bfabb4ce260 DependenciesID=952a0392b7361321b8fae9b56de9f84e StaticDependenciesID=53eefbeb88874fa656c30a6992976ad9 
Importing 'GUID: b2ce704e56cc84fb3b347499263c6244 - Path: Packages/com.unity.multiplayer.center/Editor/MultiplayerCenterWindow/UI/Icons/ClientHosted.png' with importer (TextureImporter)
Imported 'GUID: b2ce704e56cc84fb3b347499263c6244' -> (Import Result ID: 'e901bf621b67b870553b33bea355350a') in 0.002 seconds [static and dynamic dependencies]. Details - ImportResultOutputID=cc27c384cc0ba0240ada9c80ad74bf50 DependenciesID=42ebf3df4a7916a777ab7fc2649ff87e StaticDependenciesID=dbbc280e9cfc9540e17337985e9432fd 
Importing 'GUID: 0354877031b64465ea7e5cafea1a2653 - Path: Packages/com.unity.multiplayer.center/Editor/MultiplayerCenterWindow/UI/Icons/DistributedAuthority@2x.png' with importer (TextureImporter)
Imported 'GUID: 0354877031b64465ea7e5cafea1a2653' -> (Import Result ID: '8295871bb62ee8553864cd4bc9b494ed') in 0.002 seconds [static and dynamic dependencies]. Details - ImportResultOutputID=6fbec03b71bcb2ec1e8547a88707b22f DependenciesID=64f1e2b159950351bc56d8c315706210 StaticDependenciesID=c59afa8e6d1c388ec3739dc5d4f0ae91 
Importing 'GUID: 83b28bcaaf34b4fd580114fb05d9f160 - Path: Packages/com.unity.multiplayer.center/Editor/MultiplayerCenterWindow/UI/Icons/NGO@2x.png' with importer (TextureImporter)
Imported 'GUID: 83b28bcaaf34b4fd580114fb05d9f160' -> (Import Result ID: 'b541d29f8bff04f0d59c4393223a27ac') in 0.002 seconds [static and dynamic dependencies]. Details - ImportResultOutputID=772dcb03e60369106ef365319a87db82 DependenciesID=49be32f3020969f265981d2d1fac9991 StaticDependenciesID=8c84be2703390f97b8325aa11fb5feb6 
Importing 'GUID: 0423146d9f51c4563a0f2a8200b6cd38 - Path: Packages/com.unity.multiplayer.center/Editor/MultiplayerCenterWindow/UI/Icons/PackageInstalled@2x.png' with importer (TextureImporter)
Imported 'GUID: 0423146d9f51c4563a0f2a8200b6cd38' -> (Import Result ID: '0555026613a651c9315a4f1d9d6fcec8') in 0.001 seconds [static and dynamic dependencies]. Details - ImportResultOutputID=1338de21f7c2fa4383e3ca88705830bc DependenciesID=8be1b3ec42e83e62d9de6f51d84bed3d StaticDependenciesID=d2b72c94d81bef7a36c9a6456d5d534f 
Importing 'GUID: 741761e72e6f24446bd8ba03ea3d0261 - Path: Packages/com.unity.multiplayer.center/Editor/MultiplayerCenterWindow/UI/Icons/d_Questionnaire.png' with importer (TextureImporter)
Imported 'GUID: 741761e72e6f24446bd8ba03ea3d0261' -> (Import Result ID: 'b6ef1849c2d866fe6de81da39e4079ab') in 0.002 seconds [static and dynamic dependencies]. Details - ImportResultOutputID=d5911952ab73fb9328acfd63824c964f DependenciesID=b09b7bc803337776d18b429232d7ed82 StaticDependenciesID=2e312d124cb545638026726eb3aa4349 
Importing 'GUID: 84e4bbd00035e4671bf14e0380a89001 - Path: Packages/com.unity.multiplayer.center/Editor/MultiplayerCenterWindow/UI/Icons/EmptyViewIcon.png' with importer (TextureImporter)
Imported 'GUID: 84e4bbd00035e4671bf14e0380a89001' -> (Import Result ID: '2ec0ce225eca67886f07b3c798df8d9a') in 0.003 seconds [static and dynamic dependencies]. Details - ImportResultOutputID=76d6b85aa8a15d4a8ae015f296f51ae1 DependenciesID=55c3bbfb683e9ba8ac1902772c268f53 StaticDependenciesID=91428acf996ced3bd7e3ad87eabbf0ba 
Importing 'GUID: 9431e8221045c4af189b2fa7174b9e9f - Path: Packages/com.unity.multiplayer.center/Editor/MultiplayerCenterWindow/UI/Icons/PackageManager@2x.png' with importer (TextureImporter)
Imported 'GUID: 9431e8221045c4af189b2fa7174b9e9f' -> (Import Result ID: '899c309cb526b1ad2b1cbb3f5a1edce4') in 0.001 seconds [static and dynamic dependencies]. Details - ImportResultOutputID=0eae79e74758a42dfbc55db26668e041 DependenciesID=49423cbdc65a72f63ba60e66cf526497 StaticDependenciesID=5415f7f8ef260c27f36d50103bcf79bf 
Importing 'GUID: b58a826ca804e4c67bab4283ad5a6102 - Path: Packages/com.unity.multiplayer.center/Editor/MultiplayerCenterWindow/UI/Icons/NoNetcode@2x.png' with importer (TextureImporter)
Imported 'GUID: b58a826ca804e4c67bab4283ad5a6102' -> (Import Result ID: '04690932badc2e5c642ad3c95fba303a') in 0.002 seconds [static and dynamic dependencies]. Details - ImportResultOutputID=a9ecf5976239b590b6d16619175052a5 DependenciesID=5dfd35d35a55d2413c699967e90089c9 StaticDependenciesID=1c4d2f91a1a2391f618a22de0cc9b848 
Importing 'GUID: 4616b2fa4acd1429e931835b80966c2a - Path: Packages/com.unity.multiplayer.center/Editor/MultiplayerCenterWindow/UI/Icons/PackageInstalled.png' with importer (TextureImporter)
Imported 'GUID: 4616b2fa4acd1429e931835b80966c2a' -> (Import Result ID: '5715aaa68574e9d4205519392bff5ebf') in 0.001 seconds [static and dynamic dependencies]. Details - ImportResultOutputID=bd798ec3f747fde89dead2d80b72d461 DependenciesID=59d263e74f8f48fdb2f29834ca9be232 StaticDependenciesID=bc4ca2691d7da9b9105b0b4b0a7c5f67 
Importing 'GUID: a6ecd2aa79759e64ba59ab5f51d661ac - Path: Packages/com.unity.collections/Unity.Collections.PerformanceTests/PerformanceTestFrameworkOutputListAdd.png' with importer (TextureImporter)
Imported 'GUID: a6ecd2aa79759e64ba59ab5f51d661ac' -> (Import Result ID: 'd12f54206c2897a8a74dd65cf68bc35f') in 0.007 seconds [static and dynamic dependencies]. Details - ImportResultOutputID=f1c87e2554c023d27661cc2ef4500302 DependenciesID=527f40afcf1d5ff9f0f78f878b59a42c StaticDependenciesID=f41ebc91bb051e8746fbc3aab14f0eab 
Importing 'GUID: a6fd0c627f5aa48fa81512221e70a11e - Path: Packages/com.unity.multiplayer.center/Editor/MultiplayerCenterWindow/UI/Icons/d_PackageManager@2x.png' with importer (TextureImporter)
Imported 'GUID: a6fd0c627f5aa48fa81512221e70a11e' -> (Import Result ID: 'b8cef46476637b70147b100feab8cf80') in 0.001 seconds [static and dynamic dependencies]. Details - ImportResultOutputID=12e58f5bf411668b6e251677b6ef1b18 DependenciesID=b66e888ec2e68ded2f3ed68edf35c5c7 StaticDependenciesID=3eb28988e0caffbc8606ba7448fbdb0f 
Importing 'GUID: d63245ece6d8f476c8c7ca24da9937f6 - Path: Packages/com.unity.multiplayer.center/Editor/MultiplayerCenterWindow/UI/Icons/DistributedAuthority.png' with importer (TextureImporter)
Imported 'GUID: d63245ece6d8f476c8c7ca24da9937f6' -> (Import Result ID: '244ee70769134d185f7acb26691cee9e') in 0.002 seconds [static and dynamic dependencies]. Details - ImportResultOutputID=92b5667117f11d2e389bea052cd41729 DependenciesID=0b9fab2a8bec1f421e2997e33f7a262f StaticDependenciesID=4087462b64bf37193952c711691e2485 
Importing 'GUID: 079c3d43b74823a41bb33198b8221c23 - Path: Packages/com.unity.collections/Unity.Collections.PerformanceTests/PerformanceTestFrameworkOutputFixedSize.png' with importer (TextureImporter)
Imported 'GUID: 079c3d43b74823a41bb33198b8221c23' -> (Import Result ID: 'b7398169417a38cbe2d8f47288586d00') in 0.011 seconds [static and dynamic dependencies]. Details - ImportResultOutputID=d6564d8428c27a1dc88d4b0f46ff60d0 DependenciesID=45834b34f8e395a643a4fe63154bb960 StaticDependenciesID=718034304fa38706393ce732c7ff6aa4 
Importing 'GUID: 679f9999c6f8f497e806a2d5d0511879 - Path: Packages/com.unity.multiplayer.center/Editor/MultiplayerCenterWindow/UI/Icons/PackageManager.png' with importer (TextureImporter)
Imported 'GUID: 679f9999c6f8f497e806a2d5d0511879' -> (Import Result ID: '627c773b6aaf9fc4e93a764375c7f676') in 0.002 seconds [static and dynamic dependencies]. Details - ImportResultOutputID=b02c4fe1833aea72fb02778dc824a2c7 DependenciesID=bb1b1695fc35efcb26002857bc686eae StaticDependenciesID=ca7f9983dd0e301510f01f3aafed4c0d 
Importing 'GUID: 77be953cf28de42a4ad8532539fef3f5 - Path: Packages/com.unity.multiplayer.center/Editor/MultiplayerCenterWindow/UI/Icons/d_PackageInstalled.png' with importer (TextureImporter)
Imported 'GUID: 77be953cf28de42a4ad8532539fef3f5' -> (Import Result ID: 'be3ad83bc2e23d73ab5d6ca3bbfec8dd') in 0.002 seconds [static and dynamic dependencies]. Details - ImportResultOutputID=d6a25a9121e66113b20f3afa3cd4d951 DependenciesID=7b6f8a72b2f4253e9eb3c69f5533a6d6 StaticDependenciesID=1c8d6dc718f350f147ef59016542146d 
Importing 'GUID: c7a38e6eccbfc49778cb8b77f594a971 - Path: Packages/com.unity.multiplayer.center/Editor/MultiplayerCenterWindow/UI/Icons/ClientHosted@2x.png' with importer (TextureImporter)
Imported 'GUID: c7a38e6eccbfc49778cb8b77f594a971' -> (Import Result ID: 'fdc36697fd64706551522f010a8e2c0b') in 0.002 seconds [static and dynamic dependencies]. Details - ImportResultOutputID=b09f3fd0f43c36e0bbeed42da7f27d32 DependenciesID=000a89b9a8bfa98aec63ef16ccf068ec StaticDependenciesID=26c762357b2e667dfd9fd48826b9d0e4 
Importing 'GUID: d7711b0cc806d430b8a95f1e33ec3649 - Path: Packages/com.unity.multiplayer.center/Editor/MultiplayerCenterWindow/UI/Icons/CustomNetcode@2x.png' with importer (TextureImporter)
Imported 'GUID: d7711b0cc806d430b8a95f1e33ec3649' -> (Import Result ID: 'ac8f167226679e9d6e03f4a9c0ff67ae') in 0.002 seconds [static and dynamic dependencies]. Details - ImportResultOutputID=53d569e3b720cc34ea5c8a034151cf05 DependenciesID=3ca21935dac6e3d23d8d8e3dc193431b StaticDependenciesID=2fb8048331ee4b7c91600d6d83910676 
Importing 'GUID: 38b78df4a34c94fa6a52c90239606ff1 - Path: Packages/com.unity.multiplayer.center/Editor/MultiplayerCenterWindow/UI/Icons/DedicatedServer@2x.png' with importer (TextureImporter)
Imported 'GUID: 38b78df4a34c94fa6a52c90239606ff1' -> (Import Result ID: '503db98a9223953c8742c35d4e9d3975') in 0.005 seconds [static and dynamic dependencies]. Details - ImportResultOutputID=4f06f76c6158e4543074f806c5abdad1 DependenciesID=1600ab45d25c922b89a29f9a9c7e368f StaticDependenciesID=918f5189d91e3d0a7d02c77e7b1a2296 
Importing 'GUID: 29395f0639574c1fbc8b729aa257fb84 - Path: Packages/com.unity.multiplayer.center/Editor/MultiplayerCenterWindow/UI/Icons/d_Check.png' with importer (TextureImporter)
Imported 'GUID: 29395f0639574c1fbc8b729aa257fb84' -> (Import Result ID: '8447694c0bcde922cb304662629ed0ce') in 0.002 seconds [static and dynamic dependencies]. Details - ImportResultOutputID=573677078c790663e5307d8a479bac8b DependenciesID=b4d167d05c88314274885f342619420d StaticDependenciesID=7b63e129144b3a11b28f95e9f5bf21fc 
Importing 'GUID: 99da7b3894f364efdb5fa1443952a55d - Path: Packages/com.unity.multiplayer.center/Editor/MultiplayerCenterWindow/UI/Icons/NGO.png' with importer (TextureImporter)
Imported 'GUID: 99da7b3894f364efdb5fa1443952a55d' -> (Import Result ID: 'cfb6349bb60cefb8a60715aaceb23f8f') in 0.002 seconds [static and dynamic dependencies]. Details - ImportResultOutputID=bad428e51f4b4705801fc0f24d860dd5 DependenciesID=796733f3957bf489b5261429db186327 StaticDependenciesID=0e7b4d1db12f687a8b4cd84507f2bf7b 
Importing 'GUID: e9669051ff70449b5923861e0e0b8838 - Path: Packages/com.unity.multiplayer.center/Editor/MultiplayerCenterWindow/UI/Icons/N4E.png' with importer (TextureImporter)
Imported 'GUID: e9669051ff70449b5923861e0e0b8838' -> (Import Result ID: 'abdb6b705f7cc1c446c74089104b5651') in 0.002 seconds [static and dynamic dependencies]. Details - ImportResultOutputID=d0beed2f35ccc2deea7ab323f89f2784 DependenciesID=3aa226e9d58b99357ae6ecde0b1ff260 StaticDependenciesID=19c2e740ac7e708fceeadfc3248778a0 
Importing 'GUID: 2adffcc506285402aa795dee6f3166d0 - Path: Packages/com.unity.multiplayer.center/Editor/MultiplayerCenterWindow/UI/Icons/EmptyViewIcon@2x.png' with importer (TextureImporter)
Imported 'GUID: 2adffcc506285402aa795dee6f3166d0' -> (Import Result ID: '2fdf12c82d58b086a78220a2f42e7ef4') in 0.007 seconds [static and dynamic dependencies]. Details - ImportResultOutputID=047fc53dd0effe35c7997de42299bd20 DependenciesID=fe1279ecb45f37ad4c65d8b677a02a95 StaticDependenciesID=117861f82d2c00dc4f64af824b1cc14e 
Importing 'GUID: dab91f148d99946e7b3c3a87ecf4b973 - Path: Packages/com.unity.multiplayer.center/Editor/MultiplayerCenterWindow/UI/Icons/d_Loading.png' with importer (TextureImporter)
Imported 'GUID: dab91f148d99946e7b3c3a87ecf4b973' -> (Import Result ID: 'aa8d0185d09aa25accbfd8fbfa45e850') in 0.003 seconds [static and dynamic dependencies]. Details - ImportResultOutputID=952e6599db675d37b30984a69b1673fb DependenciesID=a1f3dc50f90958e0d7698345970a84f2 StaticDependenciesID=c9d121b982dcd02f23f0903164d32694 
Importing 'GUID: 1b4c88814ec6241eb8e327515399c006 - Path: Packages/com.unity.multiplayer.center/Editor/MultiplayerCenterWindow/UI/Icons/d_PackageManager.png' with importer (TextureImporter)
Imported 'GUID: 1b4c88814ec6241eb8e327515399c006' -> (Import Result ID: '2d3e528446baeebb1eda6eccc615187e') in 0.002 seconds [static and dynamic dependencies]. Details - ImportResultOutputID=f4069e30d42ea8c9cafed1884123e1ec DependenciesID=76e0109fc5d4589cb32bfc02fefed6f1 StaticDependenciesID=865ad88bb6477d8a53a8338110024d17 
Importing 'GUID: 2cb589d4e01184d928bb698f06e77561 - Path: Packages/com.unity.multiplayer.center/Editor/MultiplayerCenterWindow/UI/Icons/N4E@2x.png' with importer (TextureImporter)
Imported 'GUID: 2cb589d4e01184d928bb698f06e77561' -> (Import Result ID: '40724b6fdd33696b1940eed289981a38') in 0.002 seconds [static and dynamic dependencies]. Details - ImportResultOutputID=17c7a3d0ca17090bec44582f1efe94c4 DependenciesID=f3fb5c000811f74a7136a1c44dd1d7a2 StaticDependenciesID=ed22dc880a53f348a106df3615d19399 
Importing 'GUID: dce12af736e0a4a1ba35d6424f897dc9 - Path: Packages/com.unity.multiplayer.center/Editor/MultiplayerCenterWindow/UI/Icons/CustomNetcode.png' with importer (TextureImporter)
Imported 'GUID: dce12af736e0a4a1ba35d6424f897dc9' -> (Import Result ID: '896b890059e283bd95e63dd224c74fdd') in 0.002 seconds [static and dynamic dependencies]. Details - ImportResultOutputID=3c5fa2a20f4b6cbb2f2dc5691dc79919 DependenciesID=c645c9630d82910bf774191148bee17c StaticDependenciesID=4c00ee2ffc310b925f0aae58cbc6e647 
Importing 'GUID: 1daed49eec0f94f7ebb36dfef6159884 - Path: Packages/com.unity.multiplayer.center/Editor/MultiplayerCenterWindow/UI/Icons/NoNetcode.png' with importer (TextureImporter)
Imported 'GUID: 1daed49eec0f94f7ebb36dfef6159884' -> (Import Result ID: 'f33e770987c3e2039088b4c8445a22f3') in 0.002 seconds [static and dynamic dependencies]. Details - ImportResultOutputID=13189d9b479e4ddd553620c50c92394b DependenciesID=14ad3b7e76809df2d7e115b718d97986 StaticDependenciesID=61c10e7c30e6be8c2797f93c5583c51a 
Importing 'GUID: 9d9689eab72c8480c90679f4dcf18820 - Path: Packages/com.unity.multiplayer.center/Editor/MultiplayerCenterWindow/UI/Icons/Package.png' with importer (TextureImporter)
Imported 'GUID: 9d9689eab72c8480c90679f4dcf18820' -> (Import Result ID: 'f7d0997d84a9be23ee482389c20d134d') in 0.002 seconds [static and dynamic dependencies]. Details - ImportResultOutputID=b6d3a653600aea942500d151ed3b9937 DependenciesID=fd1b3b353ef8af7fd1e1cbab2a429d1c StaticDependenciesID=860c65b2e619d69679919f60be7a962d 
Importing 'GUID: ad1d29f4654194951a3c8bf507914d05 - Path: Packages/com.unity.multiplayer.center/Editor/MultiplayerCenterWindow/UI/Icons/CloudCode.png' with importer (TextureImporter)
Imported 'GUID: ad1d29f4654194951a3c8bf507914d05' -> (Import Result ID: '17768b8b62a7aca268353188447a042a') in 0.002 seconds [static and dynamic dependencies]. Details - ImportResultOutputID=c03c29ebf3759e18c71f16de3c16af8d DependenciesID=9e9b525dd490de84cdedfdb6a9d2f555 StaticDependenciesID=daa80e3a6e98a04002542119764a9cd1 
Importing 'GUID: dd70cd654275d47db807e918055e004f - Path: Packages/com.unity.multiplayer.center/Editor/MultiplayerCenterWindow/UI/Icons/Questionnaire.png' with importer (TextureImporter)
Imported 'GUID: dd70cd654275d47db807e918055e004f' -> (Import Result ID: 'bf8d76327f15e209dab95cec7e62a8ca') in 0.005 seconds [static and dynamic dependencies]. Details - ImportResultOutputID=80d4879d29e7a48aed056aa69da5b790 DependenciesID=14db4c187e85086791e37a0d0c7bc385 StaticDependenciesID=630c0ed723927027919e94fab4993f50 
Importing 'GUID: 3fe892784421e47f5aa40c2784a6cb3e - Path: Packages/com.unity.multiplayer.center/Editor/MultiplayerCenterWindow/UI/Icons/DedicatedServer.png' with importer (TextureImporter)
Imported 'GUID: 3fe892784421e47f5aa40c2784a6cb3e' -> (Import Result ID: '8353568f3f35be8ed42825e96524812d') in 0.003 seconds [static and dynamic dependencies]. Details - ImportResultOutputID=7b5f6dc459963bd9aa1aad179f2877d0 DependenciesID=9de672b24f7827e2ba0eb910ef8c69c5 StaticDependenciesID=e5bf9eeff5c99f9081d73e3e8ce1d711 
Importing 'GUID: 4f78a544322c742b89e63fb68557b1d2 - Path: Packages/com.unity.multiplayer.center/Editor/MultiplayerCenterWindow/UI/Icons/Check.png' with importer (TextureImporter)
Imported 'GUID: 4f78a544322c742b89e63fb68557b1d2' -> (Import Result ID: '0d6ebf41b9e3a41f60868f17379aaa7d') in 0.001 seconds [static and dynamic dependencies]. Details - ImportResultOutputID=508bc9db54eed6c8b665de662932ae3e DependenciesID=1b5e1f37d141dcaa225d51391fe845d9 StaticDependenciesID=418c3428dd15480b88ff041c3109a9fb 
Importing 'GUID: c7715b638c6f5c849a6ec12234ae264c - Path: Packages/com.unity.test-framework.performance/Editor/TestReportGraph/TestReportShader.shader' with importer (ShaderImporter)
Launched and connected shader compiler UnityShaderCompiler.exe after 0.02 seconds
Imported 'GUID: c7715b638c6f5c849a6ec12234ae264c' -> (Import Result ID: '03b667b57f455eb22aa95ffe354abb0a') in 0.138 seconds [static and dynamic dependencies]. Details - ImportResultOutputID=dc949db09291339169f62d679e944b50 DependenciesID=3b762b48a0e2a0abde41e8577963a493 StaticDependenciesID=f49b444cedeb2b9f8224d7f0e81b95ff 
Importing 'GUID: 30b312a167534621b316172253b08723 - Path: Packages/com.unity.modules.subsystems/package.json' with importer (PackageManifestImporter)
Imported 'GUID: 30b312a167534621b316172253b08723' -> (Import Result ID: '2290f9d934f33e62be13bbd3fdc0d894') in 0.002 seconds [static dependencies only]. Details - ImportResultOutputID=5d4e1d411c6d1280fee0fd81da9b9a41 DependenciesID=63113174ad40ae01bc799d569a124dc0 StaticDependenciesID=0b3c946e6a717f46169f33cffddbb142 
Importing 'GUID: 40bf3cec17fa0b49fe04443c8332d638 - Path: Packages/com.unity.modules.jsonserialize/package.json' with importer (PackageManifestImporter)
Imported 'GUID: 40bf3cec17fa0b49fe04443c8332d638' -> (Import Result ID: '56127e54790525077309a2beaad3f2df') in 0.001 seconds [static dependencies only]. Details - ImportResultOutputID=891918617c984cf929da287de3b28243 DependenciesID=7bfe4dceb37474cd2d98b63ecbdb8ab5 StaticDependenciesID=0fad0e8ea03e14690264ad9077aad7bf 
Importing 'GUID: 60714b3a36613ab2918a1439869a826f - Path: Packages/com.unity.burst/package.json' with importer (PackageManifestImporter)
Imported 'GUID: 60714b3a36613ab2918a1439869a826f' -> (Import Result ID: 'e43c147714e1aebb0f275b4aa06cc1a5') in 0.002 seconds [static dependencies only]. Details - ImportResultOutputID=e91a41014f55d09cf4c8ae8da7b745a8 DependenciesID=318cb06fbdd0e39463267ef3284131dc StaticDependenciesID=1540b828158d6bf9c0912098da93cf87 
Importing 'GUID: 70554f6c9e4114e1084bb38f9ea400ce - Path: Packages/com.unity.multiplayer.center/LICENSE.md' with importer (TextScriptImporter)
Imported 'GUID: 70554f6c9e4114e1084bb38f9ea400ce' -> (Import Result ID: '4f8b76ebea4067d56564b96433134e5a') in 0.001 seconds [static dependencies only]. Details - ImportResultOutputID=59e94a21cec5c01f76c5311c0f7ed1b4 DependenciesID=9bae1246d99532b11570047837d3f33d StaticDependenciesID=67ad8ffdd036ce93224661ff1f1e98ef 
Importing 'GUID: 80beef77cb19e713c7c2d481b65ed485 - Path: Packages/com.unity.modules.screencapture/package.json' with importer (PackageManifestImporter)
Imported 'GUID: 80beef77cb19e713c7c2d481b65ed485' -> (Import Result ID: '8399d7953d89162a801adf299f92f12f') in 0.001 seconds [static dependencies only]. Details - ImportResultOutputID=983250a2dc621a762e73ead2ce94efd8 DependenciesID=cd27286d2f172dfb89fe5f824cd12ba3 StaticDependenciesID=a2621168487c401a654f3474b01da22d 
Importing 'GUID: 906c12bc9cd95d3963c6d58f62522c78 - Path: Packages/com.unity.modules.cloth/package.json' with importer (PackageManifestImporter)
Imported 'GUID: 906c12bc9cd95d3963c6d58f62522c78' -> (Import Result ID: 'd3e35d6d88beb2c90e2267f89fd7d86c') in 0.001 seconds [static dependencies only]. Details - ImportResultOutputID=516616d488b80658f1bc6d39e6323fe4 DependenciesID=ff0aa0f6822ba147490b518ab6e7aefb StaticDependenciesID=87e01a0fbf610bba8029356c2f3cedbd 
Importing 'GUID: b030b7e8a4c531241b496403efc884ab - Path: Packages/com.unity.test-framework.performance/package.json' with importer (PackageManifestImporter)
Imported 'GUID: b030b7e8a4c531241b496403efc884ab' -> (Import Result ID: '01565cd70031369ff7c1cbf0253aed9c') in 0.001 seconds [static dependencies only]. Details - ImportResultOutputID=0d05b11b0cf455581cd3297a47a1763b DependenciesID=35cef72b454a742e9431237af1328738 StaticDependenciesID=cb8658c652ef624b93a544cc32627350 
Importing 'GUID: d0e3ad91972c66f5238f5b9b7d5ae58a - Path: Packages/com.unity.modules.unitywebrequesttexture/package.json' with importer (PackageManifestImporter)
Imported 'GUID: d0e3ad91972c66f5238f5b9b7d5ae58a' -> (Import Result ID: 'd6d72679e42ca103d4645ce2f0e43d1a') in 0.001 seconds [static dependencies only]. Details - ImportResultOutputID=50532d8986b57e8cf0f67d010ae5faa9 DependenciesID=e74a26a437e640c3e212ea62ffe5da53 StaticDependenciesID=ca8a80c7d78ea3e4b0ab56943918e7c0 
Importing 'GUID: f0f13f2ab3d6d13cfc6e4656824bfca8 - Path: Packages/com.unity.modules.ai/package.json' with importer (PackageManifestImporter)
Imported 'GUID: f0f13f2ab3d6d13cfc6e4656824bfca8' -> (Import Result ID: 'd21d8b91722d950b213ede438d6a0c8f') in 0.001 seconds [static dependencies only]. Details - ImportResultOutputID=084f1efaf4086fe15fda68049aa031a1 DependenciesID=239bf73ab3d2e0ad7170fc85a0c83181 StaticDependenciesID=0161f2dfa4bc46519bbc28afedb2fabd 
Importing 'GUID: 11246cfa909f81542b920bd109592bf5 - Path: Packages/com.unity.collections/Unity.Collections.LowLevel.ILSupport/README.txt' with importer (TextScriptImporter)
Imported 'GUID: 11246cfa909f81542b920bd109592bf5' -> (Import Result ID: 'd3ce1b31c941efcb5a66684ffe863259') in 0.001 seconds [static dependencies only]. Details - ImportResultOutputID=9a45b9b14d690eb03332d028dc5969f5 DependenciesID=c12ca2eccc19aad21750b4c0da6ca1a3 StaticDependenciesID=e216fd46430941695b0a8905aecb71e0 
Importing 'GUID: 8143d3a8390f2c64685e3bc272bd9e90 - Path: Packages/com.unity.ext.nunit/package.json' with importer (PackageManifestImporter)
Imported 'GUID: 8143d3a8390f2c64685e3bc272bd9e90' -> (Import Result ID: 'af93e3e60dbbd444d1661ec04167de2f') in 0.002 seconds [static dependencies only]. Details - ImportResultOutputID=264406b949d15288ec3eebefc5dc3490 DependenciesID=76b0e25d1805657f1f0e6a75547df4c6 StaticDependenciesID=e9fa947343e9d9daf7dbf3cd0c107663 
Importing 'GUID: e1ef8466c8fd01a549f10baa4d51fa17 - Path: Packages/com.unity.modules.assetbundle/package.json' with importer (PackageManifestImporter)
Imported 'GUID: e1ef8466c8fd01a549f10baa4d51fa17' -> (Import Result ID: 'b01306af10f4c4b92494c5bc6c7e348e') in 0.001 seconds [static dependencies only]. Details - ImportResultOutputID=c14d0c80429a1b2e07a8aa59da3e090e DependenciesID=3c306160928aad0d9b7fa7d629ca8141 StaticDependenciesID=4b560b67df264fafdca5463edecabd37 
Importing 'GUID: 42fe78c8fe682715a2cb531422e6ccb3 - Path: Packages/com.unity.modules.imgui/package.json' with importer (PackageManifestImporter)
Imported 'GUID: 42fe78c8fe682715a2cb531422e6ccb3' -> (Import Result ID: '735a12665b6273579c88ece974c1fa3d') in 0.001 seconds [static dependencies only]. Details - ImportResultOutputID=f3517442a7b9f2e47ee8fa5d575508d6 DependenciesID=db4a5b9676313a5113b8c3d58a8af841 StaticDependenciesID=823f2faa0588685f2bad41f521df6600 
Importing 'GUID: 92a378669877c05c6071d0fed687bb95 - Path: Packages/com.unity.modules.tilemap/package.json' with importer (PackageManifestImporter)
Imported 'GUID: 92a378669877c05c6071d0fed687bb95' -> (Import Result ID: 'f7d9350e31074f14f70f1ddd6d023915') in 0.004 seconds [static dependencies only]. Details - ImportResultOutputID=f33f95d07119304837f09eeace9783ca DependenciesID=0cf31c2ba1eef756cfbc3fec246b3f7f StaticDependenciesID=b3ad988b545dbe8c855c0bf6ede7b3f7 
Importing 'GUID: a23a55c69f9544b56a85639e7258ea1d - Path: Packages/com.unity.test-framework.performance/ValidationExceptions.json' with importer (TextScriptImporter)
Imported 'GUID: a23a55c69f9544b56a85639e7258ea1d' -> (Import Result ID: 'f203027bca20c9340db383426a87f81b') in 0.003 seconds [static dependencies only]. Details - ImportResultOutputID=120a90c7543174936a2e329a1a27b64c DependenciesID=bb51de924a0cf0f51426ec559762dded StaticDependenciesID=de9bd4e146a61614c151068d35dd36aa 
Importing 'GUID: 43674d438e19b89d7fe6af07234f3252 - Path: Packages/com.unity.modules.accessibility/package.json' with importer (PackageManifestImporter)
Imported 'GUID: 43674d438e19b89d7fe6af07234f3252' -> (Import Result ID: 'acb1710fbbdf52c324683dab184cda06') in 0.006 seconds [static dependencies only]. Details - ImportResultOutputID=e23a5c5d7d61ce365f1d19ca6a223a88 DependenciesID=2b7af2474c462b27836c85cd0ee19d66 StaticDependenciesID=2c5e7916f13467e8dbe69dc274e8943a 
Importing 'GUID: c359bcaf4a0bc4040aac650bf14ec619 - Path: Packages/com.unity.multiplayer.center/README.md' with importer (TextScriptImporter)
Imported 'GUID: c359bcaf4a0bc4040aac650bf14ec619' -> (Import Result ID: '435e2703097d1b41c685634efa198cf3') in 0.002 seconds [static dependencies only]. Details - ImportResultOutputID=82d3a5be604caff878ff7e228f1601f7 DependenciesID=17e510ebf8dec0088d270e3679c2e8a3 StaticDependenciesID=7cab8a8e0af7700b56e82d95102108f8 
Importing 'GUID: d3cbe921f7b3d9a3257e7c61a5761796 - Path: Packages/com.unity.modules.terrainphysics/package.json' with importer (PackageManifestImporter)
Imported 'GUID: d3cbe921f7b3d9a3257e7c61a5761796' -> (Import Result ID: '4d4972b7a7be72bca5faaa9db94b6b19') in 0.002 seconds [static dependencies only]. Details - ImportResultOutputID=4293423a982649a317eebc9f11bbd1b8 DependenciesID=6fc5860360b5f6a5eb722e68bee0aa5a StaticDependenciesID=836e5f5f7685ec9e9975a08e071fa4b7 
Importing 'GUID: d34d0af25c21141a98c0cf3c0066444f - Path: Packages/com.unity.mathematics/package.json' with importer (PackageManifestImporter)
Imported 'GUID: d34d0af25c21141a98c0cf3c0066444f' -> (Import Result ID: '0a6c2dfa39b339724f08da3e1d90111e') in 0.002 seconds [static dependencies only]. Details - ImportResultOutputID=5fbf7e88477edde804a13fc4a22b14ea DependenciesID=e77ccc7b79f5ae8e2292b0516b7fadd7 StaticDependenciesID=2d60cbc30c14500b331d487a12eb4d5a 
Importing 'GUID: f383c015504b380698ba4a8681b1223e - Path: Packages/com.unity.burst/ValidationExceptions.json' with importer (TextScriptImporter)
Imported 'GUID: f383c015504b380698ba4a8681b1223e' -> (Import Result ID: '1c78841890e912337768baa4bf28a7c1') in 0.002 seconds [static dependencies only]. Details - ImportResultOutputID=b93ec3352321d5712bf54c8b1ade3f11 DependenciesID=53aa7895d3a903addf381c45eebdd70c StaticDependenciesID=af282faf00592d41cd0f32d793efeb5f 
Importing 'GUID: 544e4fbf839e39e1b693958db86e8cc8 - Path: Packages/com.unity.burst/CHANGELOG.md' with importer (TextScriptImporter)
Imported 'GUID: 544e4fbf839e39e1b693958db86e8cc8' -> (Import Result ID: '893954bfee340007a3c6bf80ab022825') in 0.002 seconds [static dependencies only]. Details - ImportResultOutputID=8ddf3304fde75e6ee35711c025ddb920 DependenciesID=270a62b8b487677d112a31f24ccebbab StaticDependenciesID=f2e63a347277002a1e275f14a029253e 
Importing 'GUID: 7444b0b5918e99a429575c00747b7d28 - Path: Packages/com.yanagisawa.data-layout-calibrator/package.json' with importer (PackageManifestImporter)
Imported 'GUID: 7444b0b5918e99a429575c00747b7d28' -> (Import Result ID: '9fb49259497d6441c8b8b1b66679171d') in 0.001 seconds [static dependencies only]. Details - ImportResultOutputID=4930b04e0b4a18411943ce2f9ad9a95c DependenciesID=39f09d854db358d9ae0e5ced0edbea3d StaticDependenciesID=82743283ac7696d17005dc7244fc2b56 
Importing 'GUID: f49bbe06ffa5ae24abe32abdab430c24 - Path: Packages/com.unity.ext.nunit/CHANGELOG.md' with importer (TextScriptImporter)
Imported 'GUID: f49bbe06ffa5ae24abe32abdab430c24' -> (Import Result ID: 'b762a89de6cd0cde6e34bb2664eafe0d') in 0.002 seconds [static dependencies only]. Details - ImportResultOutputID=945d29778b841dd42ae530509c752d59 DependenciesID=4ec704978079fcb915d29156087e2e37 StaticDependenciesID=7fbada97c917ea4bd5ec7e0d47601529 
Importing 'GUID: 05f7f519769978b79b31d063a7fc6fa1 - Path: Packages/com.unity.modules.unitywebrequestassetbundle/package.json' with importer (PackageManifestImporter)
Imported 'GUID: 05f7f519769978b79b31d063a7fc6fa1' -> (Import Result ID: '2215c69886089bb8dfd38dc5d451733e') in 0.001 seconds [static dependencies only]. Details - ImportResultOutputID=a676fdc87741fdb3d4562c9b189a12fc DependenciesID=50b399ec4c379a368f8d1b3d730b7425 StaticDependenciesID=ecf490569469904b045877a673f52c07 
Importing 'GUID: 953fab16d15d5885b3600fcd6388b2ad - Path: Packages/com.unity.modules.imageconversion/package.json' with importer (PackageManifestImporter)
Imported 'GUID: 953fab16d15d5885b3600fcd6388b2ad' -> (Import Result ID: 'ca90e3ddc4614fb97ef10d5096a2d3bf') in 0.002 seconds [static dependencies only]. Details - ImportResultOutputID=21af7c3c6098e54697c36eeb0f93f731 DependenciesID=70222f72007a9bb6226effc8d39c0cc4 StaticDependenciesID=feabfdcc1f02151e8ff93f9e08fed3d3 
Importing 'GUID: a5d815866ec304e56b03ec5cfc5f8b0a - Path: Packages/com.unity.collections/CHANGELOG.md' with importer (TextScriptImporter)
Imported 'GUID: a5d815866ec304e56b03ec5cfc5f8b0a' -> (Import Result ID: 'db97d4b25cf2930a17944bafa2c2cdab') in 0.001 seconds [static dependencies only]. Details - ImportResultOutputID=b2d949f50ef808e00e6b0e02519b3925 DependenciesID=cf3198529b95c5cda1c82e6ea14b2d62 StaticDependenciesID=06b570396948f02179bd0c4d4bba5230 
Importing 'GUID: b5930dbc378b45d406aeb881f06b6dfa - Path: Packages/com.unity.modules.physicscore2d/package.json' with importer (PackageManifestImporter)
Imported 'GUID: b5930dbc378b45d406aeb881f06b6dfa' -> (Import Result ID: '52569d8072f06a7af2f61282bdb1f1b9') in 0.001 seconds [static dependencies only]. Details - ImportResultOutputID=17eebdd45c9292f6cb08e3796d0e3496 DependenciesID=82cd23feb7710eeee87454932e6c5d60 StaticDependenciesID=132977ef165f0d3ba6f71f883b5f89c9 
Importing 'GUID: 26a4f29db434fd79025c91f6126382cc - Path: Packages/com.unity.modules.unityanalytics/package.json' with importer (PackageManifestImporter)
Imported 'GUID: 26a4f29db434fd79025c91f6126382cc' -> (Import Result ID: '170bb55fb25883039fcb7415aac06564') in 0.001 seconds [static dependencies only]. Details - ImportResultOutputID=64cd0125ffa27280e42f5bc3480004c0 DependenciesID=afed83ba2a9d3ced17a37e981cbe40c1 StaticDependenciesID=20a03214bd46c6bfedea9af7a0b0d9e2 
Importing 'GUID: 56de866d5032f461baa43decd9ce3bd8 - Path: Packages/com.unity.mathematics/CHANGELOG.md' with importer (TextScriptImporter)
Imported 'GUID: 56de866d5032f461baa43decd9ce3bd8' -> (Import Result ID: 'b9cbf933d242a426f20056d89574a202') in 0.002 seconds [static dependencies only]. Details - ImportResultOutputID=002fc2d9ba64f8d128b9dd0a80af546a DependenciesID=ec9657e8a15d496c21f884bbb2d49164 StaticDependenciesID=1074e19f2308b97f304d69658b3e4b09 
Importing 'GUID: 568f02fe7676e4d659782d6038df91de - Path: Packages/com.unity.collections/LICENSE.md' with importer (TextScriptImporter)
Imported 'GUID: 568f02fe7676e4d659782d6038df91de' -> (Import Result ID: 'fae60b68c4367e90ef300c350695e1e3') in 0.002 seconds [static dependencies only]. Details - ImportResultOutputID=3f02f5900bd9cf9fab394bb289333124 DependenciesID=7d9e8b3e534fa18d31f5ca9b0274f1a9 StaticDependenciesID=15c3b679dfcb8b35636b2bc227506002 
Importing 'GUID: 86abcf43c46cd3743bb775a4682f2d1d - Path: Packages/com.unity.collections/Unity.Collections.PerformanceTests/README.md' with importer (TextScriptImporter)
Imported 'GUID: 86abcf43c46cd3743bb775a4682f2d1d' -> (Import Result ID: '6629eac5d81b13e77759f4cc93e37a5c') in 0.001 seconds [static dependencies only]. Details - ImportResultOutputID=84022e8f280c32f736559ff85f66a7a1 DependenciesID=e23c6739accf35fe3145ae01175dfced StaticDependenciesID=41e13775a8e5b98484ad7aaffa067432 
Importing 'GUID: 96d14b71b907bb52333b2886e665aba6 - Path: Packages/com.unity.modules.video/package.json' with importer (PackageManifestImporter)
Imported 'GUID: 96d14b71b907bb52333b2886e665aba6' -> (Import Result ID: '5c651af831b936ffa6e09fdfd6390917') in 0.001 seconds [static dependencies only]. Details - ImportResultOutputID=97331c0a394344b81f304a267aa0ee32 DependenciesID=f4a54713681ca05bcf8d6d7c16c4deeb StaticDependenciesID=ece420845877feca0120aeff1843c27f 
Importing 'GUID: d691174143fd3774ba63d7c493633b99 - Path: Packages/com.unity.test-framework/CHANGELOG.md' with importer (TextScriptImporter)
Imported 'GUID: d691174143fd3774ba63d7c493633b99' -> (Import Result ID: '36b7ea611420220ec75214a2d230df2b') in 0.003 seconds [static dependencies only]. Details - ImportResultOutputID=1936c6ff096691d4d18b8017532b2908 DependenciesID=e442917f83d05309adb6770f923813a6 StaticDependenciesID=ffa56a7d865f67c960570fbb03a81fc6 
Importing 'GUID: d6a2e6e4803de7b43baacdc355fc144d - Path: Packages/com.unity.test-framework/package.json' with importer (PackageManifestImporter)
Imported 'GUID: d6a2e6e4803de7b43baacdc355fc144d' -> (Import Result ID: '380fafd7c7b9a8976951b8196d2516bf') in 0.002 seconds [static dependencies only]. Details - ImportResultOutputID=1092eca2d2285e475995db7caa1b616f DependenciesID=05475e38033dd4164de2070dc2bdd6e7 StaticDependenciesID=20a332b36583e8fc8829aa3e974df17c 
Importing 'GUID: 17a4fd582bf2d47479cf5c1508ca82c6 - Path: Packages/com.unity.nuget.mono-cecil/package.json' with importer (PackageManifestImporter)
Imported 'GUID: 17a4fd582bf2d47479cf5c1508ca82c6' -> (Import Result ID: 'e08230e02b5cf79822289f6d2808c199') in 0.002 seconds [static dependencies only]. Details - ImportResultOutputID=b6e4947cfbebed473df39c5dcdf71678 DependenciesID=9744738491922a33585562bd743020d5 StaticDependenciesID=88b64143e24ea5772e5282f8f4785bd3 
Importing 'GUID: 87d720faa37005c08600090e04d8c739 - Path: Packages/com.unity.modules.particlesystem/package.json' with importer (PackageManifestImporter)
Imported 'GUID: 87d720faa37005c08600090e04d8c739' -> (Import Result ID: '33d9320326ab0bc0dd0097296520297b') in 0.001 seconds [static dependencies only]. Details - ImportResultOutputID=ab3ee686cd4ed15f5f20d2c8a27562c1 DependenciesID=4f1dbf60b5dd1c4a66cd4423394ab7cd StaticDependenciesID=f4e87ab5606ff6321b39dbeab3d19a29 
Importing 'GUID: a7f87992cd1d44040ae42b05e5fbdaa5 - Path: Packages/com.unity.mathematics/LICENSE.md' with importer (TextScriptImporter)
Imported 'GUID: a7f87992cd1d44040ae42b05e5fbdaa5' -> (Import Result ID: 'e25e0c6d209a6f4097fcab8f74773b80') in 0.001 seconds [static dependencies only]. Details - ImportResultOutputID=f466c1a8d770a016025e8ca9ebe4be63 DependenciesID=99def6271c70ad6da151a0d84dad3389 StaticDependenciesID=dea40a0d14f8a6e2511810feefe9cc7e 
Importing 'GUID: f7a8357347c80dc69c08d0b1a05e2122 - Path: Packages/com.unity.modules.physics2d/package.json' with importer (PackageManifestImporter)
Imported 'GUID: f7a8357347c80dc69c08d0b1a05e2122' -> (Import Result ID: 'ed4a29267b8cf2f2ea88acd56522760b') in 0.001 seconds [static dependencies only]. Details - ImportResultOutputID=919e2a11128050effa789097769a2a78 DependenciesID=cf968784af1fa8086c395b1ede3f63f2 StaticDependenciesID=8faa0135c39d90e75cabdcc27fd78e0a 
Importing 'GUID: 28c762070e0d3359b18a59f9402d5013 - Path: Packages/com.unity.burst/Third Party Notices.md' with importer (TextScriptImporter)
Imported 'GUID: 28c762070e0d3359b18a59f9402d5013' -> (Import Result ID: '6cdcc25f2501c6c0ebb955c0fc5cd89c') in 0.001 seconds [static dependencies only]. Details - ImportResultOutputID=2026c0cd5365c58948a454b01d40c932 DependenciesID=e97c4cf6d228fece43f34b10688d9300 StaticDependenciesID=01546d5259b778481182429675ac9bc3 
Importing 'GUID: 682cbcd3b2e7545e2bbc6306016e7bb7 - Path: Packages/com.unity.test-framework.performance/Third Party Notices.md' with importer (TextScriptImporter)
Imported 'GUID: 682cbcd3b2e7545e2bbc6306016e7bb7' -> (Import Result ID: '1d8fd767ab5934d769c74083d5990935') in 0.002 seconds [static dependencies only]. Details - ImportResultOutputID=a011e7ea9f439ff77126a221ce3b3fb6 DependenciesID=bcdcb35647754e9a35d2692d5c634394 StaticDependenciesID=a17395555dccc6c39a56a85691c2c3ae 
Importing 'GUID: 78e5667e52329c3ceef41288763404ae - Path: Packages/com.unity.modules.vectorgraphics/package.json' with importer (PackageManifestImporter)
Imported 'GUID: 78e5667e52329c3ceef41288763404ae' -> (Import Result ID: '85331052923557e7939e551d51b77ff6') in 0.002 seconds [static dependencies only]. Details - ImportResultOutputID=4ecdabad2dfa4bdbd05a32eab7720e4f DependenciesID=49107cbf11f872cdbb7e480a2dba9fe9 StaticDependenciesID=0dad77f0a6e31e50e95afd8fb4182240 
Importing 'GUID: b83f06ac0c0696e9563230865ca72b81 - Path: Packages/com.unity.modules.wind/package.json' with importer (PackageManifestImporter)
Imported 'GUID: b83f06ac0c0696e9563230865ca72b81' -> (Import Result ID: 'e627a48c71cdb2b59a8ea035b900e4cc') in 0.001 seconds [static dependencies only]. Details - ImportResultOutputID=48a5258515ca15f6f7f90d7b79f1d94b DependenciesID=1e607ce05811be43638b97e5747a55d3 StaticDependenciesID=94020142ee02491aee138f8fd0b6a32d 
Importing 'GUID: c8f6fa942856442b8bd72594d3ce7363 - Path: Packages/com.unity.multiplayer.center/Third Party Notices.md' with importer (TextScriptImporter)
Imported 'GUID: c8f6fa942856442b8bd72594d3ce7363' -> (Import Result ID: 'fb49a0aaa07e34dc436f3549756dc516') in 0.002 seconds [static dependencies only]. Details - ImportResultOutputID=03ddb98ad266806dbd104aeb58230d0c DependenciesID=2d2acc2d26d4951d505d68bd5f8d03bc StaticDependenciesID=b47fb482a67cca194ff3aa7c5d905b75 
Importing 'GUID: d85e5eeaf8f135aeaaebdc8aa3cff6c3 - Path: Packages/com.unity.modules.umbra/package.json' with importer (PackageManifestImporter)
Imported 'GUID: d85e5eeaf8f135aeaaebdc8aa3cff6c3' -> (Import Result ID: '2629799bcc3cd0dc132bde42d394156b') in 0.001 seconds [static dependencies only]. Details - ImportResultOutputID=4d25716d6c3e24bf1a7a8cbf11399c74 DependenciesID=dc7d5f7de08e37a81e35f6684c74c06d StaticDependenciesID=7f6e42ed398911ce66d5999a7426829c 
Importing 'GUID: 192a998b912484856a34120268cfbfc9 - Path: Packages/com.unity.nuget.mono-cecil/Third Party Notices.md' with importer (TextScriptImporter)
Imported 'GUID: 192a998b912484856a34120268cfbfc9' -> (Import Result ID: 'a8955c4799d648ca7e469b6e958a857d') in 0.001 seconds [static dependencies only]. Details - ImportResultOutputID=3ba54a898291aaf935aa5197635cf2a5 DependenciesID=5abdfbe6244c5f9eb9d025f880c33399 StaticDependenciesID=aff9628bab63eaea4d52965d57b12d7d 
Importing 'GUID: e9df95f53f1c1d0c9199e235d6c42b50 - Path: Packages/com.unity.modules.audio/package.json' with importer (PackageManifestImporter)
Imported 'GUID: e9df95f53f1c1d0c9199e235d6c42b50' -> (Import Result ID: '8770f2708177991f7bde600f5c7b4d5a') in 0.001 seconds [static dependencies only]. Details - ImportResultOutputID=7bff69c037aa519a654c229c1b6809dd DependenciesID=66220fce1dcba53fc6dd73d780cdfbfe StaticDependenciesID=813f78202562c10aaf2125f84cf31d49 
Importing 'GUID: f91a00d2dca52b843b2d50ccf750737d - Path: Packages/com.unity.ext.nunit/LICENSE.md' with importer (TextScriptImporter)
Imported 'GUID: f91a00d2dca52b843b2d50ccf750737d' -> (Import Result ID: '8a00af35a50518cfda7a3e9acdbf4fb9') in 0.001 seconds [static dependencies only]. Details - ImportResultOutputID=a949505b9be9d4b9aaa9bcda37ebfbf2 DependenciesID=b39636c57c4f8504a8d4e27ce24f162b StaticDependenciesID=9eca9f9f9f89e6d6a2b0515cdd230960 
Importing 'GUID: 1a4266815e998967becf686f9c71f0a6 - Path: Packages/com.unity.modules.physics/package.json' with importer (PackageManifestImporter)
Imported 'GUID: 1a4266815e998967becf686f9c71f0a6' -> (Import Result ID: 'dfea013900fff6eb4694d3ebf064bfb6') in 0.001 seconds [static dependencies only]. Details - ImportResultOutputID=2c72742771a2c41ecd040e5a25968787 DependenciesID=957f7387fa947e4ad8b4742ec482885e StaticDependenciesID=24f161716ed4c67af2a5b4c6528c75af 
Importing 'GUID: 3adebabc9c53348aab08029333dba930 - Path: Packages/com.unity.burst/LICENSE.md' with importer (TextScriptImporter)
Imported 'GUID: 3adebabc9c53348aab08029333dba930' -> (Import Result ID: '79b1a3905bbcabef8094c73d69b07ff2') in 0.001 seconds [static dependencies only]. Details - ImportResultOutputID=b1a5a84ad2133a23a7e16c4eed5b934b DependenciesID=36d1acbca28da5150e7866c8a3456d34 StaticDependenciesID=4684a4778daf0a9939a9db5bf54f9e2c 
Importing 'GUID: 6afb166a156df2d20433d981f4bb2832 - Path: Packages/com.unity.modules.vehicles/package.json' with importer (PackageManifestImporter)
Imported 'GUID: 6afb166a156df2d20433d981f4bb2832' -> (Import Result ID: 'ebbb3659261e067ebb04bcd1a0ba1de6') in 0.001 seconds [static dependencies only]. Details - ImportResultOutputID=b9584b21688236880549537b502bc979 DependenciesID=0e700e00a9d59e25daf7f60ded68340a StaticDependenciesID=49493533e51bc12d7160bed570f9a5ef 
Importing 'GUID: fa27413e9edb06a6058d6c894eca0338 - Path: Packages/com.unity.modules.unitywebrequestwww/package.json' with importer (PackageManifestImporter)
Imported 'GUID: fa27413e9edb06a6058d6c894eca0338' -> (Import Result ID: 'bd7a98124d8a2bbed25cd45a821d3a34') in 0.002 seconds [static dependencies only]. Details - ImportResultOutputID=ef4111052f639e700ab30e1188cae7f8 DependenciesID=15608abf2fb0a10d2865567c82c998c4 StaticDependenciesID=58ec5c7678b3127dd11109c2d0e2f0f2 
Importing 'GUID: 3bbd27b3dd7be4a74aeab8da6b0af5cc - Path: Packages/com.unity.multiplayer.center/CHANGELOG.md' with importer (TextScriptImporter)
Imported 'GUID: 3bbd27b3dd7be4a74aeab8da6b0af5cc' -> (Import Result ID: '8fd81c410944e5964d5f76ec322b6741') in 0.001 seconds [static dependencies only]. Details - ImportResultOutputID=b417cc241394cfbb33a1752f594fb22c DependenciesID=2d26517d560d8d7156f69d2bb0b456ed StaticDependenciesID=7450423b4735959a86c413a8a4c6d9b9 
Importing 'GUID: 4b518b37798c97b0f860962cbf615533 - Path: Packages/com.unity.modules.unitywebrequestaudio/package.json' with importer (PackageManifestImporter)
Imported 'GUID: 4b518b37798c97b0f860962cbf615533' -> (Import Result ID: 'df482174fbd19c87903e603c9e6ad934') in 0.002 seconds [static dependencies only]. Details - ImportResultOutputID=91f22434b9ab55a5c83f3c60940e8474 DependenciesID=e8d1f16f15fc7081c3251ac74a84f919 StaticDependenciesID=a3492277739ba1dccfc7f10390a8b9dc 
Importing 'GUID: 9b1a5759726ef9d39a0ab82047b615f1 - Path: Packages/com.unity.modules.hierarchycore/package.json' with importer (PackageManifestImporter)
Imported 'GUID: 9b1a5759726ef9d39a0ab82047b615f1' -> (Import Result ID: 'ee8ea21bd93292678a48ce4766c2e710') in 0.001 seconds [static dependencies only]. Details - ImportResultOutputID=1299c778185973c2d3f2bb276cd8d0e7 DependenciesID=98a21fad7d41971e4310fea91ae32714 StaticDependenciesID=9dcf09b82df3995db524b3ce8e7aa3f7 
Importing 'GUID: 0cd9b6aeb618a774f8a048317f9587ae - Path: Packages/com.yanagisawa.data-layout-calibrator/README.md' with importer (TextScriptImporter)
Imported 'GUID: 0cd9b6aeb618a774f8a048317f9587ae' -> (Import Result ID: '87de330cb5fccd968b02788600941a6f') in 0.001 seconds [static dependencies only]. Details - ImportResultOutputID=fea7d3d205f61ff4613a079700e9ae14 DependenciesID=4c1e1090299d1a9b828ae14381a55275 StaticDependenciesID=236625b3d59aee3595771a0bceb67ca2 
Importing 'GUID: 2c814623cb42764d304be0c5ddd03ceb - Path: Packages/com.unity.modules.xr/package.json' with importer (PackageManifestImporter)
Imported 'GUID: 2c814623cb42764d304be0c5ddd03ceb' -> (Import Result ID: '85fdfa0e897fbed40d266d673eac89b4') in 0.001 seconds [static dependencies only]. Details - ImportResultOutputID=7f441ac2d6a687e067f2d83f9a07d6bb DependenciesID=38b7912d75c6f6fe69ccf76717f5873e StaticDependenciesID=cfddea70f917e548051eef47e704d41d 
Importing 'GUID: 4c413a81cadcce7038e446e56570117e - Path: Packages/com.unity.modules.adaptiveperformance/package.json' with importer (PackageManifestImporter)
Imported 'GUID: 4c413a81cadcce7038e446e56570117e' -> (Import Result ID: '38d5f13da591b075808a87bc993efbd1') in 0.001 seconds [static dependencies only]. Details - ImportResultOutputID=e58e4e674ae30d7b75f4a6d1a5cb9032 DependenciesID=60ce3f76dcff82bf9c2132bad61b1a2c StaticDependenciesID=f40caed91777ad0561bb48a11627df03 
Importing 'GUID: 5cb0d418e2eda6f4a8ebfe6910c17dd4 - Path: Packages/com.unity.test-framework.performance/CHANGELOG.md' with importer (TextScriptImporter)
Imported 'GUID: 5cb0d418e2eda6f4a8ebfe6910c17dd4' -> (Import Result ID: '5857836e7b84c73c81028656bfab5745') in 0.001 seconds [static dependencies only]. Details - ImportResultOutputID=a5359f0f92d7a727455c7c538c1310dd DependenciesID=9a7895b59c6963d16ce767ef93bf0764 StaticDependenciesID=035b8b124d1dfc185f27b246bde23677 
Importing 'GUID: 9c8887056eaaa7e4888ca0131e2892da - Path: Packages/com.unity.test-framework.performance/LICENSE.md' with importer (TextScriptImporter)
Imported 'GUID: 9c8887056eaaa7e4888ca0131e2892da' -> (Import Result ID: '1e2a23a2189efefc70adc3fcb236690b') in 0.001 seconds [static dependencies only]. Details - ImportResultOutputID=a3a084ef54829ce6792b0ca58d2669a6 DependenciesID=6b53c5b382c00e54fbb6b5c6ed34adc2 StaticDependenciesID=e84696cc07a4cadae47d8f12499311c4 
Importing 'GUID: ec02776fe29df900b897106d61977735 - Path: Packages/com.unity.modules.director/package.json' with importer (PackageManifestImporter)
Imported 'GUID: ec02776fe29df900b897106d61977735' -> (Import Result ID: '45d2b7f78cc1413d0d66528a311c8e20') in 0.001 seconds [static dependencies only]. Details - ImportResultOutputID=d3cc052d8f895db30a66424de2b1783d DependenciesID=d4954ffd7d21b03c60ad292abc3cdc8a StaticDependenciesID=fe424b160d552a2d3c3d99e3e61f4ab8 
Importing 'GUID: 5da62a0c1c5218c4aa16b74546a7822d - Path: Packages/com.unity.ext.nunit/README.md' with importer (TextScriptImporter)
Imported 'GUID: 5da62a0c1c5218c4aa16b74546a7822d' -> (Import Result ID: 'bd81c3a4020c90eb0da5891b3a5af6f7') in 0.001 seconds [static dependencies only]. Details - ImportResultOutputID=0d5bbd70dce055095913655b62b8118a DependenciesID=dd7201fbc60a3edbec94cc2c090888ef StaticDependenciesID=317ab5f7f2d3e2755854a10397ae672b 
Importing 'GUID: 6d56244f8c39a851975d3c0bd432c66f - Path: Packages/com.unity.modules.terrain/package.json' with importer (PackageManifestImporter)
Imported 'GUID: 6d56244f8c39a851975d3c0bd432c66f' -> (Import Result ID: '3043b3f8745df379486354c3896f0cdb') in 0.001 seconds [static dependencies only]. Details - ImportResultOutputID=0147ed4a7bf27ee69660cd49b175a05f DependenciesID=d8bf239b38da7a5e1d23a9ddd0948469 StaticDependenciesID=68633397afc44d8ea348831b529962cf 
Importing 'GUID: 9d689bfd86a079f4dabe5df412f6ee5d - Path: Packages/com.yanagisawa.data-layout-calibrator/CHANGELOG.md' with importer (TextScriptImporter)
Imported 'GUID: 9d689bfd86a079f4dabe5df412f6ee5d' -> (Import Result ID: '5fb64dcea54185c50dabffe5560a9491') in 0.004 seconds [static dependencies only]. Details - ImportResultOutputID=54798d69d507b9db6695e2488a91bb98 DependenciesID=9299aabb9d569374e8f89111b068b976 StaticDependenciesID=7dacf287c266d337919d7833fc3bfc15 
Importing 'GUID: bd605698a338c4de88bb5b3c4632af68 - Path: Packages/com.unity.collections/package.json' with importer (PackageManifestImporter)
Imported 'GUID: bd605698a338c4de88bb5b3c4632af68' -> (Import Result ID: '3f084bb579da8a9ff4f6a73013c063dc') in 0.002 seconds [static dependencies only]. Details - ImportResultOutputID=c70ef422d383f665f66654332db6e5e5 DependenciesID=5e73967dc7883437e702421f0039b8bd StaticDependenciesID=5db53036cee83f314183efb18072d55d 
Importing 'GUID: bd1af0a6633ee94ae21c7d1d702cdc12 - Path: Packages/com.unity.modules.androidjni/package.json' with importer (PackageManifestImporter)
Imported 'GUID: bd1af0a6633ee94ae21c7d1d702cdc12' -> (Import Result ID: '47e61b584b54a72bb33013af8e45ab5b') in 0.001 seconds [static dependencies only]. Details - ImportResultOutputID=58196444acd2f5a146944d8272e88433 DependenciesID=f29be593000d6aa2e18e959769c62068 StaticDependenciesID=bf1ac858e7f20f8b2f2d85786b91e949 
Importing 'GUID: 1eb7e6f92b1d7d64ba0a48ea751728f3 - Path: Packages/com.unity.nuget.mono-cecil/CHANGELOG.md' with importer (TextScriptImporter)
Imported 'GUID: 1eb7e6f92b1d7d64ba0a48ea751728f3' -> (Import Result ID: '420d01b9a3b30492a6c53d68f89ac210') in 0.001 seconds [static dependencies only]. Details - ImportResultOutputID=687f800723deda1b866c208e63a2509e DependenciesID=d9b23e9666783f86f7059a09794b41e6 StaticDependenciesID=09851c81ed61256ab57c2743a57f9949 
Importing 'GUID: 2e3a7e16dc0bd2346a2514dd143105a9 - Path: Packages/com.unity.collections/Unity.Collections.PerformanceTests/Unity.PerformanceTesting.Benchmark/README.md' with importer (TextScriptImporter)
Imported 'GUID: 2e3a7e16dc0bd2346a2514dd143105a9' -> (Import Result ID: '882c8430931c825bd31d57b816420365') in 0.001 seconds [static dependencies only]. Details - ImportResultOutputID=f6a6a61830d159502beb1d6f932e636e DependenciesID=ac191a914a5bb30cdcba336752fbb642 StaticDependenciesID=57c1ca5891b849b41e374122f6d851b2 
Importing 'GUID: 3ec7596410385054a9e0bc90377fbe63 - Path: Packages/com.unity.test-framework/LICENSE.md' with importer (TextScriptImporter)
Imported 'GUID: 3ec7596410385054a9e0bc90377fbe63' -> (Import Result ID: 'c34ea0d3b6ad115ddeaf9fd4751708ad') in 0.001 seconds [static dependencies only]. Details - ImportResultOutputID=959ccfaae8af3bee24774a436e83cdbb DependenciesID=c25dabcbe90b0929c9db06e96d9cd256 StaticDependenciesID=2d897d630f4f57035c947b187a0469a8 
Importing 'GUID: 7ef8348b8ea834d7e1bc214b07f7fb87 - Path: Packages/com.unity.modules.animation/package.json' with importer (PackageManifestImporter)
Imported 'GUID: 7ef8348b8ea834d7e1bc214b07f7fb87' -> (Import Result ID: 'e66ebcc0a773b806b6d5f36ceaa36060') in 0.001 seconds [static dependencies only]. Details - ImportResultOutputID=71365924848c115c14d4e8a430945e5d DependenciesID=d9b95bd7f4828077a7dd4323583ec0c4 StaticDependenciesID=7d3c24e24c75b94c5210b5cf3054341f 
Importing 'GUID: beaa90bac8bb70d439d582bca35465cb - Path: Packages/com.unity.nuget.mono-cecil/README.md' with importer (TextScriptImporter)
Imported 'GUID: beaa90bac8bb70d439d582bca35465cb' -> (Import Result ID: '20320504b291bb0be0537e9ba9f3b760') in 0.001 seconds [static dependencies only]. Details - ImportResultOutputID=f85ae5fa8e0af426359ea54b1cac571c DependenciesID=d0108e9f2deb57b34ed7845f51909383 StaticDependenciesID=d1772a913f34e1a6e5442c450b4d96c0 
Importing 'GUID: fee59c2b2318a7e4fa7a2c2af28d9553 - Path: Packages/com.unity.collections/pvpExceptions.json' with importer (TextScriptImporter)
Imported 'GUID: fee59c2b2318a7e4fa7a2c2af28d9553' -> (Import Result ID: 'acfc5a7443a9042f444af702b250691e') in 0.001 seconds [static dependencies only]. Details - ImportResultOutputID=f9e20627a24494a48fb1df70c3fc4c00 DependenciesID=6a35cc3d6d15b11ebb156e42a17b5444 StaticDependenciesID=14c52b0671ae22e20d317d5ada91613b 
Importing 'GUID: 1f35a383fc36434aaf9e13a75fba3b24 - Path: Packages/com.unity.burst/Unity.Burst.Unsafe.xml' with importer (TextScriptImporter)
Imported 'GUID: 1f35a383fc36434aaf9e13a75fba3b24' -> (Import Result ID: 'd300be361c74af48a94c831aee132e67') in 0.001 seconds [static dependencies only]. Details - ImportResultOutputID=d08eebe86564681678d0bf5432b4fe42 DependenciesID=5ce00e32d705fb808c36651ca9b1ba2c StaticDependenciesID=e107d95c7ac963403177ef5630b37aeb 
Importing 'GUID: 3fdd83b151eb8d25c5e2f82fc39dcb04 - Path: Packages/com.unity.modules.unitywebrequest/package.json' with importer (PackageManifestImporter)
Imported 'GUID: 3fdd83b151eb8d25c5e2f82fc39dcb04' -> (Import Result ID: '856d04f0c98ca3317533eef24c427365') in 0.002 seconds [static dependencies only]. Details - ImportResultOutputID=609e642c4d5fd6e0b6d325d2f170eb1c DependenciesID=038fe96aff53d8d465856fc2b027013f StaticDependenciesID=6564a188256b4b690a91e3db8dba97c1 
Importing 'GUID: 4f0f9b9f3ed97ad2b9ba8f1a8e4666c2 - Path: Packages/com.unity.modules.uielements/package.json' with importer (PackageManifestImporter)
Imported 'GUID: 4f0f9b9f3ed97ad2b9ba8f1a8e4666c2' -> (Import Result ID: '55615d860fb8221f7ef0887079fe0769') in 0.001 seconds [static dependencies only]. Details - ImportResultOutputID=14c0f2b1b250cec076c4d9c62abdd5a9 DependenciesID=1764497eeef996436a7a3acca40ec6fd StaticDependenciesID=eb0365bf298ec1a4818b3ecd3fbf2b0f 
Importing 'GUID: 6fe576033d6a2424c888d599967457a2 - Path: Packages/com.unity.collections/ValidationExceptions.json' with importer (TextScriptImporter)
Imported 'GUID: 6fe576033d6a2424c888d599967457a2' -> (Import Result ID: '19fd229ae16934eac829a228cd517d81') in 0.001 seconds [static dependencies only]. Details - ImportResultOutputID=75a75481099ecf96f7d4531deff36874 DependenciesID=0623de0ed1fc70d8b002e6458456e386 StaticDependenciesID=54bce46a0462013a711ca75c9b635468 
Importing 'GUID: 9fc87c3ee46f3b34e97e18e4fcac8151 - Path: Packages/com.unity.nuget.mono-cecil/LICENSE.md' with importer (TextScriptImporter)
Imported 'GUID: 9fc87c3ee46f3b34e97e18e4fcac8151' -> (Import Result ID: '1cc50ca182a63d1f060200c4b8c41754') in 0.002 seconds [static dependencies only]. Details - ImportResultOutputID=9daa8378e8fc81b27629a20d750312e2 DependenciesID=13ab50d70700ddcf130249d7e3778090 StaticDependenciesID=a115d8f211e30ef65941806ce72b316e 
Importing 'GUID: af5aad29a2c56fd449428c9041fc68bb - Path: Packages/com.unity.collections/README.md' with importer (TextScriptImporter)
Imported 'GUID: af5aad29a2c56fd449428c9041fc68bb' -> (Import Result ID: '3e8afc9707ab693e8852fe879da46a52') in 0.001 seconds [static dependencies only]. Details - ImportResultOutputID=9b63475041f8c334fb5c1e7c6cf05f32 DependenciesID=188a96b65142f3068e1952c2c90ea038 StaticDependenciesID=1c94017df84db0f450fa76834aa7d4f6 
Importing 'GUID: bfd567a3d1631a761bca9e99fa53d86d - Path: Packages/com.unity.modules.ui/package.json' with importer (PackageManifestImporter)
Imported 'GUID: bfd567a3d1631a761bca9e99fa53d86d' -> (Import Result ID: '5476e87972b831b8580d17d936061bf6') in 0.001 seconds [static dependencies only]. Details - ImportResultOutputID=7bb9b76f93faf76244e454a1fca49870 DependenciesID=5672e654b1200575666ab69c28794a5b StaticDependenciesID=671879968490d6f3d4db40a6a6b1efd2 
Importing 'GUID: bfcb3ba499f7d452b92d9a9cc3378788 - Path: Packages/com.unity.ext.nunit/Third Party Notices.md' with importer (TextScriptImporter)
Imported 'GUID: bfcb3ba499f7d452b92d9a9cc3378788' -> (Import Result ID: '8d723aeb2b2a4c39afb543bc662166f8') in 0.001 seconds [static dependencies only]. Details - ImportResultOutputID=5e4cc371e5cf0c10e41ff2a5f96036fc DependenciesID=047cf9626dd078ac955a3917b8cd35c0 StaticDependenciesID=6e65dc974600352fc4074c9f6b6ea34c 
Importing 'GUID: df0857f6a11054383be91b1f8e1b5800 - Path: Packages/com.unity.multiplayer.center/package.json' with importer (PackageManifestImporter)
Imported 'GUID: df0857f6a11054383be91b1f8e1b5800' -> (Import Result ID: '68732da28b5749eb303683d0c3afcf7b') in 0.001 seconds [static dependencies only]. Details - ImportResultOutputID=56cb21bd62786f0bf6019a6ac763d7f4 DependenciesID=0432ce4cfa352049b3c7cd022860e6a9 StaticDependenciesID=12d87b45b48c6bb9fdb06b81e254a891 
Importing 'GUID: f1ac2efb1bcd4dfd95dc196ed3c11367 - Path: Packages/com.unity.multiplayer.center/Editor/MultiplayerCenterWindow/UI/light.uss' with importer (ScriptedImporter : UnityEditor.CoreModule:UnityEditor.UIElements.StyleSheets:StyleSheetImporter)
Imported 'GUID: f1ac2efb1bcd4dfd95dc196ed3c11367' -> (Import Result ID: '4e90f364d8e721c230c62f816a864d10') in 0.052 seconds [static and dynamic dependencies]. Details - ImportResultOutputID=d933b28d171599f50d13b516109e7212 DependenciesID=c0f3fb547b7bf5536a5abde44f6f15d4 StaticDependenciesID=558b6037851f87ffee4dfb6859e95fab 
Importing 'GUID: 1984cd07fe96417f9e88f5771f6b4b32 - Path: Packages/com.unity.multiplayer.center/Editor/MultiplayerCenterWindow/UI/dark.uss' with importer (ScriptedImporter : UnityEditor.CoreModule:UnityEditor.UIElements.StyleSheets:StyleSheetImporter)
Imported 'GUID: 1984cd07fe96417f9e88f5771f6b4b32' -> (Import Result ID: 'bf013eb86ee85219cabf628ce10ec03c') in 0.005 seconds [static and dynamic dependencies]. Details - ImportResultOutputID=8be4503d52b62d7392027baec0ba5f8a DependenciesID=05b0e2f891d38e98bd84c54635f71472 StaticDependenciesID=214aaaf6c11bc344e91094caa7796589 
Importing 'GUID: bac00d6e07f0b4305bb395363c89d92b - Path: Packages/com.unity.multiplayer.center/Editor/MultiplayerCenterWindow/UI/MultiplayerCenterWindow.uss' with importer (ScriptedImporter : UnityEditor.CoreModule:UnityEditor.UIElements.StyleSheets:StyleSheetImporter)
Imported 'GUID: bac00d6e07f0b4305bb395363c89d92b' -> (Import Result ID: '0e4b24d59cb21f2d5818d3378278bee4') in 0.041 seconds [static and dynamic dependencies]. Details - ImportResultOutputID=d6dfc469da9a8ffbb556776434abd32e DependenciesID=d1bb7dbb82e2598b710bcda090186330 StaticDependenciesID=c67129531f3a5936bade2845c3208579 
Starting new worker id: 0 with log in C:/Users/EdwinLiu/Downloads/opt-next-layout-envelope/BenchmarkProject/Logs/AssetImportWorkerHW0.log
Launched and connected shader compiler UnityShaderCompiler.exe after 0.01 seconds
No restricted APIs configured; Validation skipped.
Checking 12 assemblies for restricted APIs found 0 usage(s) in 4 ms
Launched and connected shader compiler UnityShaderCompiler.exe after 0.01 seconds
Loading style catalogs (6)
	StyleSheets/Extensions/base/common.uss
	UIPackageResources/StyleSheets/Default/Variables/Public/common.uss
	StyleSheets/Northstar/common.uss
	StyleSheets/Extensions/fonts/inter.uss
	StyleSheets/Extensions/base/dark.uss
	UIPackageResources/StyleSheets/Default/Northstar/Palette/dark.uss

Asset Pipeline Refresh (id=0d9176ab92837fd489fe34eb0d692600): Total: 22.937 seconds - Initiated by InitialRefreshV2(ForceSynchronousImport)
	(Values over 0.05ms)
	Summary:
		Imports: total=389 (actual=389, local cache=0, cache server=0)
		Asset DB Process Time: managed=32 ms, native=2510 ms
		Asset DB Callback time: managed=129 ms, native=8652 ms
		Scripting: domain reloads=1, domain reload time=720 ms, compile time=10882 ms, other=9 ms
		Project Asset Count: scripts=251, non-scripts=138
		Asset File Changes: new=1221, changed=1221, moved=0, deleted=0
		Scan Filter Count: 0
	InvokePackagesCallback: 8332.539ms
	ApplyChangesToAssetFolders: 0.780ms
	Scan: 801.839ms
	Collect global state as custom dependencies: 4.653ms
	OnSourceAssetsModified: 3.181ms
	CategorizeScriptCompilationAssets: 5.831ms
	ProcessAssetsWithTransientArtifactChanges: 8.485ms
	CategorizeAssets: 2.898ms
	CompileScripts: 10881.565ms
	ImportOutOfDateAssets: 1638.732ms (555.346ms without children)
		ImportManagerImport: 1074.876ms (227.869ms without children)
			UpdateCategorizedAssets: 1.058ms
		UnloadImportedAssets: 0.205ms
		ReloadImportedAssets: 0.100ms
		EnsureUptoDateAssetsAreRegisteredWithGuidPM: 0.053ms
		ImportSchedulerStart: 8.243ms
	PostProcessAllAssets: 469.178ms
		ShaderAssetModifiedCallback 258.613ms
		AssemblyValidation.PostprocessAllAssets 13.834ms
		VersionControlSettings.HiddenFilePostprocess 7.333ms
		PostProcessCallbackCreateDeferredMaterials 2.269ms
		ComputeShaderImportPostprocess 0.954ms
		RaytracingShaderImportPostprocess 0.763ms
		LocalizationDatabase.AssetDatabasePostprocessCallback 0.630ms
		SpeedTreeImporter.PostprocessAllAssets 0.581ms
		BlockShaderImporter.PostprocessAllAssets 0.460ms
		MonoPostProcessAllAssets: 128.470ms
			StyleCatalogPostProcessor.OnPostprocessAllAssets 86.723ms
			AssetPostprocessor.OnPostprocessAllAssets 12.804ms
			WindowAssetPostprocessingWatcher.OnPostprocessAllAssets 5.110ms
			BuilderAssetPostprocessor.OnPostprocessAllAssets 3.366ms
			SyncVS.PostprocessSyncProject 3.307ms
			TextAssetPostProcessor.OnPostprocessAllAssets 3.301ms
			AssetChangedListener.OnPostprocessAllAssets 2.426ms
			SpeedTree9Postprocessor.OnPostprocessAllAssets 1.452ms
			RetainedModeAssetPostprocessor.OnPostprocessAllAssets 1.015ms
			EditModeScopePostprocessor.OnPostprocessAllAssets 0.589ms
			ArtifactBrowserPostProcessor.OnPostprocessAllAssets 0.360ms
			ReferencedClipsPostProcessor.OnPostprocessAllAssets 0.243ms
			AssetEvents.OnPostprocessAllAssets 0.180ms
			AudioMixerPostprocessor.OnPostprocessAllAssets 0.163ms
			TerrainToolbarOverlayPostProcessor.OnPostprocessAllAssets 0.162ms
			SpeedTreePostProcessor.OnPostprocessAllAssets 0.130ms
			AssetDatabaseCallbacks.OnPostprocessAllAssets 0.105ms
			ScenarioDriftAssetsTracker.OnPostprocessAllAssets 0.075ms
			ConfigAssetsTracker.OnPostprocessAllAssets 0.072ms
			RenderPipelineGlobalSettingsPostprocessor.OnPostprocessAllAssets 0.063ms
	PostAssetChangesProfiler: 1.711ms
	UnloadStreamsBegin: 1.116ms
	PersistCurrentRevisions: 0.364ms
	GenerateScriptTypeHashes: 0.084ms
	GenerateScriptTypeSerializationHashes: 0.197ms
	Untracked: 782.769ms

Application.AssetDatabase Initial Refresh End
Scanning for USB devices : 6.548ms
Initializing Unity extensions:
[MODES] ModeService[none].Initialize
[MODES] ModeService[none].LoadModes
[MODES] Loading mode Default (0) for mode-current-id-BenchmarkProject
Unloading 3 Unused Serialized files (Serialized files now loaded: 0)
Unloading 846 unused Assets / (0.9 MB). Loaded Objects now: 1485.
Memory consumption went from 232.6 MB to 231.7 MB.
Total: 4.571900 ms (FindLiveObjects: 0.101400 ms CreateObjectMapping: 0.072200 ms MarkObjects: 3.806300 ms  DeleteObjects: 0.335200 ms)

Microsoft Media Foundation video decoding to texture disabled: graphics device is Null, only Direct3D 11 and Direct3D 12 (only on desktop) are supported for hardware-accelerated video decoding.
[Project] Loading completed in 24.485 seconds
	Project init time: 				24.276 seconds
		Template init time: 		0.000 seconds
		Package Manager init time: 		0.181 seconds
		Asset Database init time: 		0.164 seconds
		Global illumination init time: 	0.002 seconds
		Assemblies load time: 			0.763 seconds
		Unity extensions init time: 	0.005 seconds
		Asset Database refresh time: 	22.938 seconds
	Scene opening time: 			0.077 seconds
##utp:{"type":"ProjectInfo","version":2,"phase":"Immediate","time":1788757749211,"processId":35212,"projectLoad":24.485197000000004,"projectInit":24.2764271,"templateInit":0.0,"packageManagerInit":0.1813078,"assetDatabaseInit":0.1639267,"globalIlluminationInit":0.0015183,"assembliesLoad":0.7626209,"unityExtensionsInit":0.0047115,"assetDatabaseRefresh":22.9379474,"sceneOpening":0.0767549}
##utp:{"type":"EditorInfo","version":2,"phase":"Immediate","time":1788757749211,"processId":35212,"editorVersion":"6000.5.3f1 (c2eb47b3a2a9)","branch":"6000.5/staging","buildType":"Release","platform":"Windows"}
[MODES] ModeService[default].LoadModes
[Licensing::Client] Successfully resolved entitlement details
Running tests for ExecutionSettings with details:
targetPlatform = 
playerHeartbeatTimeout = 600
filters[0] = 
   Filter with settings:
   testMode = EditMode
   targetPlatform = 
   testNames = null
   groupNames = null
   categoryNames = null
   assemblyNames = null
ignoreTests = {}
featureFlags = null

UnityEngine.Debug:ExtractStackTraceNoAlloc (byte*,int,string)
UnityEngine.StackTraceUtility:ExtractStackTrace ()
UnityEngine.DebugLogHandler:Internal_Log (UnityEngine.LogType,UnityEngine.LogOption,string,UnityEngine.Object)
UnityEngine.DebugLogHandler:LogFormat (UnityEngine.LogType,UnityEngine.Object,string,object[])
UnityEngine.Logger:Log (UnityEngine.LogType,object)
UnityEngine.Debug:Log (object)
UnityEditor.TestTools.TestRunner.CommandLineTest.Executer:InitializeAndExecuteRun (string[]) (at ./Library/PackageCache/com.unity.test-framework@1405238725ab/UnityEditor.TestRunner/CommandLineTest/Executer.cs:53)
UnityEditor.TestTools.TestRunner.CommandLineTest.TestStarter:InitializeAndExecuteRun () (at ./Library/PackageCache/com.unity.test-framework@1405238725ab/UnityEditor.TestRunner/CommandLineTest/TestStarter.cs:64)
UnityEditor.EditorApplication:Internal_CallUpdateFunctions ()

(Filename: ./Library/PackageCache/com.unity.test-framework@1405238725ab/UnityEditor.TestRunner/CommandLineTest/Executer.cs Line: 53)

[UnityConnectServicesConfig] config is NOT valid, switching to default
Created GICache directory at C:/Users/EdwinLiu/AppData/LocalLow/Unity/Caches/GiCache. Took: 0.009s, timestamps: [24.489 - 24.498]
Unloading 2 Unused Serialized files (Serialized files now loaded: 0)
Unloading 0 unused Assets / (60.2 KB). Loaded Objects now: 1506.
Memory consumption went from 237.4 MB to 237.4 MB.
Total: 3.920500 ms (FindLiveObjects: 0.041100 ms CreateObjectMapping: 0.033100 ms MarkObjects: 3.842500 ms  DeleteObjects: 0.003200 ms)

Executing IPrebuildSetup for: Unity.PerformanceTesting.Editor.TestRunBuilder.
UnityEngine.Debug:ExtractStackTraceNoAlloc (byte*,int,string)
UnityEngine.StackTraceUtility:ExtractStackTrace ()
UnityEngine.DebugLogHandler:Internal_Log (UnityEngine.LogType,UnityEngine.LogOption,string,UnityEngine.Object)
UnityEngine.DebugLogHandler:LogFormat (UnityEngine.LogType,UnityEngine.Object,string,object[])
UnityEngine.Logger:Log (UnityEngine.LogType,object)
UnityEngine.Debug:Log (object)
UnityEditor.TestTools.TestRunner.TestRun.Tasks.BuildActionTaskBase`1/<ExecuteMethods>d__8<UnityEngine.TestTools.IPrebuildSetup>:MoveNext () (at ./Library/PackageCache/com.unity.test-framework@1405238725ab/UnityEditor.TestRunner/TestRun/Tasks/BuildActionTaskBase.cs:48)
UnityEditor.TestTools.TestRunner.TestRun.Tasks.BuildActionTaskBase`1/<Execute>d__7<UnityEngine.TestTools.IPrebuildSetup>:MoveNext () (at ./Library/PackageCache/com.unity.test-framework@1405238725ab/UnityEditor.TestRunner/TestRun/Tasks/BuildActionTaskBase.cs:34)
UnityEditor.TestTools.TestRunner.TestRun.TestJobRunner:ExecuteStep () (at ./Library/PackageCache/com.unity.test-framework@1405238725ab/UnityEditor.TestRunner/TestRun/TestJobRunner.cs:194)
UnityEditor.TestTools.TestRunner.TestRun.TestJobRunner:ExecuteCallback () (at ./Library/PackageCache/com.unity.test-framework@1405238725ab/UnityEditor.TestRunner/TestRun/TestJobRunner.cs:129)
UnityEditor.EditorApplication:Internal_CallUpdateFunctions ()

(Filename: ./Library/PackageCache/com.unity.test-framework@1405238725ab/UnityEditor.TestRunner/TestRun/Tasks/BuildActionTaskBase.cs Line: 48)

Worker ready: AssetImportWorkerHW0 0
C:\Users\EdwinLiu\Downloads\opt-next-layout-envelope\BenchmarkProject\Assets\DataLayoutCalibrator\Runtime\EnvelopeBurstIsaProbe.cs(14,13): Burst error BC1199: Unable to determine current architecture requirements for the indicated source line. This occurs when the call to `Unity.Burst.Intrinsics.X86.Sse2.get_IsSse2Supported()` is separated from the line where the resulting value is used. Please simplify the path between `Unity.Burst.Intrinsics.X86.Sse2.get_IsSse2Supported()` and the indicated line by using the result of `Unity.Burst.Intrinsics.X86.Sse2.get_IsSse2Supported()` directly.

 at Yanagisawa.DataLayoutCalibrator.Benchmark.EnvelopeBurstIsaProbe.Execute(Yanagisawa.DataLayoutCalibrator.Benchmark.EnvelopeBurstIsaProbe* this) (at C:\Users\EdwinLiu\Downloads\opt-next-layout-envelope\BenchmarkProject\Assets\DataLayoutCalibrator\Runtime\EnvelopeBurstIsaProbe.cs:14)
 at Unity.Jobs.IJobExtensions.JobStruct`1<Yanagisawa.DataLayoutCalibrator.Benchmark.EnvelopeBurstIsaProbe>.Execute(ref Yanagisawa.DataLayoutCalibrator.Benchmark.EnvelopeBurstIsaProbe data, System.IntPtr additionalPtr, System.IntPtr bufferRangePatchData, ref Unity.Jobs.LowLevel.Unsafe.JobRanges ranges, int jobIndex)


While compiling job:
Unity.Jobs.IJobExtensions+JobStruct`1[[Yanagisawa.DataLayoutCalibrator.Benchmark.EnvelopeBurstIsaProbe, Yanagisawa.DataLayoutCalibrator.Benchmark, Version=0.0.0.0, Culture=neutral, PublicKeyToken=null]], UnityEngine.CoreModule, Version=0.0.0.0, Culture=neutral, PublicKeyToken=null::Execute(Yanagisawa.DataLayoutCalibrator.Benchmark.EnvelopeBurstIsaProbe&, Yanagisawa.DataLayoutCalibrator.Benchmark, Version=0.0.0.0, Culture=neutral, PublicKeyToken=null|System.IntPtr, mscorlib, Version=4.0.0.0, Culture=neutral, PublicKeyToken=b77a5c561934e089|System.IntPtr, mscorlib, Version=4.0.0.0, Culture=neutral, PublicKeyToken=b77a5c561934e089|Unity.Jobs.LowLevel.Unsafe.JobRanges&, UnityEngine.CoreModule, Version=0.0.0.0, Culture=neutral, PublicKeyToken=null|System.Int32, mscorlib, Version=4.0.0.0, Culture=neutral, PublicKeyToken=b77a5c561934e089)
Saving results to: C:/Users/EdwinLiu/AppData/LocalLow/DefaultCompany/BenchmarkProject\TestResults.xml
Saving results to: C:/Users/EdwinLiu/Documents/Codex/2026-09-07/opt-next-layout-envelope/work/editmode.xml
Executing IPostBuildCleanup for: Unity.PerformanceTesting.Editor.TestRunBuilder.
UnityEngine.Debug:ExtractStackTraceNoAlloc (byte*,int,string)
UnityEngine.StackTraceUtility:ExtractStackTrace ()
UnityEngine.DebugLogHandler:Internal_Log (UnityEngine.LogType,UnityEngine.LogOption,string,UnityEngine.Object)
UnityEngine.DebugLogHandler:LogFormat (UnityEngine.LogType,UnityEngine.Object,string,object[])
UnityEngine.Logger:Log (UnityEngine.LogType,object)
UnityEngine.Debug:Log (object)
UnityEditor.TestTools.TestRunner.TestRun.Tasks.BuildActionTaskBase`1/<ExecuteMethods>d__8<UnityEngine.TestTools.IPostBuildCleanup>:MoveNext () (at ./Library/PackageCache/com.unity.test-framework@1405238725ab/UnityEditor.TestRunner/TestRun/Tasks/BuildActionTaskBase.cs:48)
UnityEditor.TestTools.TestRunner.TestRun.Tasks.BuildActionTaskBase`1/<Execute>d__7<UnityEngine.TestTools.IPostBuildCleanup>:MoveNext () (at ./Library/PackageCache/com.unity.test-framework@1405238725ab/UnityEditor.TestRunner/TestRun/Tasks/BuildActionTaskBase.cs:34)
UnityEditor.TestTools.TestRunner.TestRun.TestJobRunner:ExecuteStep () (at ./Library/PackageCache/com.unity.test-framework@1405238725ab/UnityEditor.TestRunner/TestRun/TestJobRunner.cs:194)
UnityEditor.TestTools.TestRunner.TestRun.TestJobRunner:ExecuteCallback () (at ./Library/PackageCache/com.unity.test-framework@1405238725ab/UnityEditor.TestRunner/TestRun/TestJobRunner.cs:129)
UnityEditor.EditorApplication:Internal_CallUpdateFunctions ()

(Filename: ./Library/PackageCache/com.unity.test-framework@1405238725ab/UnityEditor.TestRunner/TestRun/Tasks/BuildActionTaskBase.cs Line: 48)

Unloading 0 Unused Serialized files (Serialized files now loaded: 0)
Unloading 0 unused Assets / (0 B). Loaded Objects now: 1506.
Memory consumption went from 271.4 MB to 271.4 MB.
Total: 4.480200 ms (FindLiveObjects: 0.039900 ms CreateObjectMapping: 0.032100 ms MarkObjects: 4.405100 ms  DeleteObjects: 0.002400 ms)

DisplayProgressbar: Undo
Test run completed. Exiting with code 2 (Failed). One or more tests failed.
UnityEngine.Debug:ExtractStackTraceNoAlloc (byte*,int,string)
UnityEngine.StackTraceUtility:ExtractStackTrace ()
UnityEngine.DebugLogHandler:Internal_Log (UnityEngine.LogType,UnityEngine.LogOption,string,UnityEngine.Object)
UnityEngine.DebugLogHandler:LogFormat (UnityEngine.LogType,UnityEngine.Object,string,object[])
UnityEngine.Logger:Log (UnityEngine.LogType,object)
UnityEngine.Debug:Log (object)
UnityEditor.TestTools.TestRunner.CommandLineTest.Executer:ExitApplication (UnityEditor.TestTools.TestRunner.CommandLineTest.Executer/ReturnCodes,string) (at ./Library/PackageCache/com.unity.test-framework@1405238725ab/UnityEditor.TestRunner/CommandLineTest/Executer.cs:81)
UnityEditor.TestTools.TestRunner.CommandLineTest.Executer:ExitIfRunIsCompleted () (at ./Library/PackageCache/com.unity.test-framework@1405238725ab/UnityEditor.TestRunner/CommandLineTest/Executer.cs:74)
UnityEditor.EditorApplication:Internal_CallUpdateFunctions ()

(Filename: ./Library/PackageCache/com.unity.test-framework@1405238725ab/UnityEditor.TestRunner/CommandLineTest/Executer.cs Line: 81)

MonoPathRemapper: Attempts to remap: 16037; Successful remaps: 156
Serialized file version minimum: 23, current 23
[Physics::Module] Cleanup current backend.
[Physics::Module] Id: 0xf2b8ea05
Input System module state changed to: ShutdownInProgress.
Input Polling Thread exited.
Input System module state changed to: Shutdown.
[Licensing::IpcConnector] LicenseClient-EdwinLiu-notifications channel disconnected successfully.
[Licensing::IpcConnector] LicenseClient-EdwinLiu channel disconnected successfully.
AcceleratorClientConnectionCallback - disconnected - :0
Cleanup mono
CodeReloadManager destroyed
Checking for leaked weakptr:
  Found no leaked weakptrs.
[Package Manager] Server process was shutdown
##utp:{"type":"MemoryLeaks","version":2,"phase":"Immediate","time":1788757753896,"processId":35212,"allocatedMemory":13346756,"memoryLabels":[{"Default":184861},{"Permanent":15516},{"NewDelete":65891},{"Thread":4197560},{"Manager":31045},{"VertexData":8},{"Geometry":816},{"Texture":24},{"Shader":849395},{"Material":24},{"GfxDevice":55328},{"Animation":952},{"Audio":968},{"FreeType":8},{"FontEngine":736},{"Physics":2146},{"Physics2D":16},{"Serialization":1392},{"Input":42840},{"JobScheduler":256},{"TextLib":280},{"Mono":48},{"ScriptingNativeRuntime":2126472},{"BaseObject":1622216},{"Resource":1208},{"Renderer":3080},{"Transform":4685},{"File":1032},{"WebCam":616},{"Culling":32},{"Terrain":11442},{"Wind":24},{"STL":40},{"String":14578},{"StaticString":3808},{"Utility":2672694},{"Curl":2478},{"PoolAlloc":2216},{"AI":80},{"TypeTree":17165},{"CodeReload":448},{"RuntimeInitializeOnLoadManager":64},{"Sprites":102},{"SpriteAtlas":120},{"GI":7816},{"Director":8296},{"CloudService":288},{"WebRequest":552},{"VR":47114},{"SceneManager":608},{"Video":64},{"LazyScriptCache":32},{"Camera":17},{"Secure":2377},{"Image":65536},{"SerializationCache":1576},{"APIUpdating":10320},{"Subsystems":336},{"VirtualTexturing":57888},{"StaticSafetyDebugInfo":278528},{"Analytics":424},{"Hierarchy":1176},{"UIElements":72},{"CoreStats":13688},{"Identifiers":6768},{"Gui":128},{"EditorUtility":108147},{"VersionControl":8},{"Undo":931},{"AssetDatabase":743679},{"AssetImporter":40},{"EditorGi":328},{"UnityConnect":38929},{"Upm":1912},{"UpmDiagnostics":8},{"AssetCompliance":64},{"DrivenProperties":72},{"LocalIPC":266},{"ProfilerEditor":9746},{"CoreBusinessMetrics":3232},{"Windowing":456},{"Licensing":664},{"AssetReference":32},{"IPCStream":32}]}
