[Licensing::Module] Trying to connect to existing licensing client channel...
Built from '6000.5/staging' branch; Version is '6000.5.9f1 (b57deb96f08d) revision 11894251'; Using compiler version '194234433'; Build Type 'Release'
[Licensing::IpcConnector] Channel LicenseClient-cgliu doesn't exist
OS: 'Windows 11  (10.0.26200) Core' Language: 'zh' Physical Memory: 32122 MB
BatchMode: 1, IsHumanControllingUs: 0, StartBugReporterOnCrash: 0, Is64bit: 1
System  architecture: x64
Process architecture: x64
Date: 2026-09-15T04:50:42Z
[Licensing::Module] Successfully launched the LicensingClient (PId: 27760)
Starting IPC server.
Waiting for clients to connect on \\.\pipe\Unity-LicenseClient-cgliu, press Ctrl-C to exit.
[Licensing::IpcConnector] Successfully connected to: "LicenseClient-cgliu" at "2026-09-15T04:50:43.2109157Z"
[Licensing::Client] Code 10 while verifying Licensing Client signature (process Id: 27760, path: "C:/Program Files/Unity/Hub/Editor/6000.5.9f1/Editor/Data/Resources/Licensing/Client/Unity.Licensing.Client.exe")
[Licensing::Module] LicensingClient has failed validation; ignoring
[Licensing::Client] Handshaking with LicensingClient:
  Version:                 1.18.3+d7ffd15
  Session Id:              1e13bd92f7f04670b8ad847ac53342ed
  Correlation Id:          f358c3f7be4ff7f1519cf1db9d92c4ac
  External correlation Id: 4944125290154831031
  Machine Id:              Pu9Uue9I4rNnX++wHnK+FJjEgxo=
[Licensing::Module] Successfully connected to LicensingClient on channel: "LicenseClient-cgliu" (connect: 0.57s, validation: 0.11s, handshake: 0.04s)
[Licensing::IpcConnector] Successfully connected to: "LicenseClient-cgliu-notifications" at "2026-09-15T04:50:43.3637061Z"
[Licensing::Module] Connected to LicensingClient (PId: 27760, launch time: 0.13, total connection time: 0.72s)
[Licensing::Module] Error: Access token is unavailable; failed to update
[Licensing::Client] Successfully resolved entitlement details
[Licensing::Module] License group:
  Id: ewogICJzdWJzR3JvdXAiIDogInVuaXR5IGVkaXRvciIsCiAgIm5hbWVzcGFjZSIgOiAidW5pdHlfZWRpdG9yIiwKICAidHlwZSIgOiAiRURJVE9SIiwKICAidGFnIiA6ICJVbml0eVBlcnNvbmFsXXXX
  Product: Unity Personal Version
  Type: Assigned
  Expiration: Unlimited
[Licensing::Client] Successfully updated license, isAsync: True, time: 0.01
[Licensing::Client] Successfully resolved entitlement details
[Licensing::Module] Licensing Background thread has ended after 0.89s

COMMAND LINE ARGUMENTS:
C:\Program Files\Unity\Hub\Editor\6000.5.9f1\Editor\Unity.exe
-batchmode
-nographics
-quit
-projectPath
D:\CodexWork\babel-dot-20260915\BenchmarkProject
-executeMethod
Yanagisawa.DataLayoutCalibrator.Benchmark.Editor.DataLayoutCalibratorBuild.BuildWindowsIl2CppFormal
-dla-build-output
D:\CodexWork\babel-dot-20260915\Artifacts\dot-20260915\player-01
-logFile
D:\CodexWork\babel-dot-20260915\Artifacts\dot-20260915\player-build-01\unity.log
Successfully changed project path to: D:\CodexWork\babel-dot-20260915\BenchmarkProject
D:/CodexWork/babel-dot-20260915/BenchmarkProject
[UnityMemory] Configuration Parameters - Can be set up in boot.config
    "memorysetup-temp-allocator-size-gi-baking-worker=262144"
    "memorysetup-temp-allocator-size-gi-baking-worker=262144"
    "memorysetup-temp-allocator-size-gi-baking-worker=262144"
    "memorysetup-temp-allocator-size-gi-baking-worker=262144"
    "memorysetup-temp-allocator-size-gi-baking-worker=262144"
    "memorysetup-temp-allocator-size-nav-mesh-worker=65536"
    "memorysetup-temp-allocator-size-audio-worker=65536"
    "memorysetup-temp-allocator-size-cloud-worker=32768"
    "memorysetup-temp-allocator-size-gfx=262144"
    "memorysetup-remapper-allocator-initial-capacity=32768"
    "memorysetup-temp-allocator-size-preload-manager=33554432"
    "memorysetup-allocator-temp-initial-block-size-main=262144"
    "memorysetup-allocator-temp-initial-block-size-worker=262144"
    "memorysetup-temp-allocator-size-job-worker=262144"
    "memorysetup-temp-allocator-size-background-worker=32768"
    "memorysetup-bucket-allocator-granularity=16"
    "memorysetup-bucket-allocator-bucket-count=8"
    "memorysetup-bucket-allocator-block-size=33554432"
    "memorysetup-bucket-allocator-block-count=8"
    "memorysetup-main-allocator-block-size=16777216"
    "memorysetup-thread-allocator-block-size=16777216"
    "memorysetup-main-allocator-mimalloc-enabled=0"
    "memorysetup-gfx-main-allocator-block-size=16777216"
    "memorysetup-gfx-thread-allocator-block-size=16777216"
    "memorysetup-cache-allocator-block-size=4194304"
    "memorysetup-typetree-allocator-block-size=2097152"
    "memorysetup-profiler-bucket-allocator-granularity=16"
    "memorysetup-profiler-bucket-allocator-bucket-count=8"
    "memorysetup-profiler-bucket-allocator-block-size=33554432"
    "memorysetup-profiler-bucket-allocator-block-count=8"
    "memorysetup-profiler-allocator-block-size=16777216"
    "memorysetup-profiler-editor-allocator-block-size=1048576"
    "memorysetup-temp-allocator-size-main=16777216"
    "memorysetup-job-temp-allocator-block-size=2097152"
    "memorysetup-job-temp-allocator-block-size-background=1048576"
    "memorysetup-job-temp-allocator-reduction-small-platforms=262144"
Logging is directed to a specific file, skipping project log.Player connection [22676]  Target information:

Player connection [22676]  * "[IP] 172.29.48.1 [Port] 55504 [Flags] 2 [Guid] 3404046346 [EditorId] 3404046346 [Version] 1048832 [Id] WindowsEditor(7,EdwinYNG) [Debug] 1 [PackageName] WindowsEditor [ProjectName] Editor" 

Player connection [22676]  * "[IP] 169.254.83.107 [Port] 55504 [Flags] 2 [Guid] 3404046346 [EditorId] 3404046346 [Version] 1048832 [Id] WindowsEditor(7,EdwinYNG) [Debug] 1 [PackageName] WindowsEditor [ProjectName] Editor" 

Player connection [22676]  * "[IP] 192.168.1.2 [Port] 55504 [Flags] 2 [Guid] 3404046346 [EditorId] 3404046346 [Version] 1048832 [Id] WindowsEditor(7,EdwinYNG) [Debug] 1 [PackageName] WindowsEditor [ProjectName] Editor" 

Player connection [22676] Host joined multi-casting on [225.0.0.222:54997]...
Player connection [22676] Host joined alternative multi-casting on [225.0.0.222:34997]...
Input System module state changed to: Initialized.
[Physics::Module] Initialized fallback backend.
[Physics::Module] Id: 0xdecafbad
[Package Manager] Connected to IPC stream "Upm-50720" after 0.2 seconds.
[Licensing::Client] Successfully resolved entitlement details
Library Redirect Path: Library/
Rebuilding Library because the asset database could not be found!
[Physics::Module] Selected backend.
[Physics::Module] Name: PhysX
[Physics::Module] Id: 0xf2b8ea05
[Physics::Module] SDK Version: 4.1.2
[Physics::Module] Integration Version: 1.0.0
[Physics::Module] Threading Mode: Multi-Threaded
Initialize engine version: 6000.5.9f1 (b57deb96f08d)
[Subsystems] Discovering subsystems at path C:/Program Files/Unity/Hub/Editor/6000.5.9f1/Editor/Data/Resources/UnitySubsystems
[Subsystems] Discovering subsystems at path D:/CodexWork/babel-dot-20260915/BenchmarkProject/Assets
Forcing GfxDevice: Null
GfxDevice: creating device client; kGfxThreadingModeNonThreaded
NullGfxDevice:
    Version:  NULL 1.0 [1.0]
    Renderer: Null Device
    Vendor:   Unity Technologies
Initialize mono
Mono path[0] = 'C:/Program Files/Unity/Hub/Editor/6000.5.9f1/Editor/Data/Managed'
Mono path[1] = 'C:/Program Files/Unity/Hub/Editor/6000.5.9f1/Editor/Data/BCLExtensions/runtime/netstandard2.1'
Mono path[2] = 'C:/Program Files/Unity/Hub/Editor/6000.5.9f1/Editor/Data/MonoBleedingEdge/lib/mono/unityjit-win32'
Mono config path = 'C:/Program Files/Unity/Hub/Editor/6000.5.9f1/Editor/Data/MonoBleedingEdge/etc'
Using monoOptions --debugger-agent=transport=dt_socket,embedding=1,server=y,suspend=n,address=127.0.0.1:56720
CodeReloadManager initialized
ImportWorker Server TCP listen port: 0
AcceleratorClientConnectionCallback - disconnected - :0
Begin MonoManager ReloadAssembly
Registering precompiled unity dll's ...
Register platform support module: C:/Program Files/Unity/Hub/Editor/6000.5.9f1/Editor/Data/PlaybackEngines/WindowsStandaloneSupport/UnityEditor.WindowsStandalone.Extensions.dll
Registered in 0.002433 seconds.
Native extension for WindowsStandalone target not found
Package Manager log level set to [2]
ScheduleIndexationOnStartup MainProcess:False IndexOnStartup:False
Mono: successfully reloaded assembly
- Finished resetting the current domain, in  0.701 seconds
Domain Reload Profiling: 1166ms
	BeginReloadAssembly (147ms)
		CreateAndSetChildDomain (19ms)
	RebuildCommonClasses (4ms)
	RebuildNativeTypeToScriptingClass (17ms)
	initialDomainReloadingComplete (63ms)
	LoadAllAssembliesAndSetupDomain (233ms)
		LoadAssemblies (125ms)
		AnalyzeDomain (174ms)
			TypeCache.Refresh (172ms)
				TypeCache.ScanAssembly (158ms)
	FinalizeReload (702ms)
		SetupLoadedEditorAssemblies (0ms)
			BeforeProcessingInitializeOnLoad (69ms)
			ProcessInitializeOnLoadAttributes (77ms)
			ProcessInitializeOnLoadMethodAttributes (499ms)
[Licensing::Client] Successfully resolved entitlement details
Application.AssetDatabase Initial Refresh Start
Packages were changed.
Update Mode: updateDependencies

The following packages were updated:
  com.unity.burst from version 1.8.29 to 1.8.30
  com.unity.collections from version 2.6.3 to 6.5.0
  com.unity.mathematics from version 1.3.2 to 1.4.0
  com.unity.test-framework from version 1.6.0 to 1.7.0
[Package Manager] Done resolving packages in 6.76 seconds
[Licensing::Client] Successfully resolved entitlement details
[Package Manager] Lock file was modified
[Package Manager] Registered 45 packages:
  Packages from [https://packages.unity.com]:
    com.unity.burst@1.8.30 (location: D:\CodexWork\babel-dot-20260915\BenchmarkProject\Library\PackageCache\com.unity.burst@2f3d916873ea)
    com.unity.nuget.mono-cecil@1.11.6 (location: D:\CodexWork\babel-dot-20260915\BenchmarkProject\Library\PackageCache\com.unity.nuget.mono-cecil@ecb9724e46ff)
    com.unity.test-framework.performance@3.5.0 (location: D:\CodexWork\babel-dot-20260915\BenchmarkProject\Library\PackageCache\com.unity.test-framework.performance@8b56083ec0f0)
  Built-in packages:
    com.unity.collections@6.5.0 (location: D:\CodexWork\babel-dot-20260915\BenchmarkProject\Library\PackageCache\com.unity.collections@ec2c217e4cb2)
    com.unity.mathematics@1.4.0 (location: D:\CodexWork\babel-dot-20260915\BenchmarkProject\Library\PackageCache\com.unity.mathematics@981956d94fb6)
    com.unity.multiplayer.center@1.0.1 (location: D:\CodexWork\babel-dot-20260915\BenchmarkProject\Library\PackageCache\com.unity.multiplayer.center@b860850997d0)
    com.unity.test-framework@1.7.0 (location: D:\CodexWork\babel-dot-20260915\BenchmarkProject\Library\PackageCache\com.unity.test-framework@1405238725ab)
    com.unity.modules.accessibility@1.0.0 (location: D:\CodexWork\babel-dot-20260915\BenchmarkProject\Library\PackageCache\com.unity.modules.accessibility)
    com.unity.modules.adaptiveperformance@1.0.0 (location: D:\CodexWork\babel-dot-20260915\BenchmarkProject\Library\PackageCache\com.unity.modules.adaptiveperformance)
    com.unity.modules.ai@1.0.0 (location: D:\CodexWork\babel-dot-20260915\BenchmarkProject\Library\PackageCache\com.unity.modules.ai)
    com.unity.modules.androidjni@1.0.0 (location: D:\CodexWork\babel-dot-20260915\BenchmarkProject\Library\PackageCache\com.unity.modules.androidjni)
    com.unity.modules.animation@1.0.0 (location: D:\CodexWork\babel-dot-20260915\BenchmarkProject\Library\PackageCache\com.unity.modules.animation)
    com.unity.modules.assetbundle@1.0.0 (location: D:\CodexWork\babel-dot-20260915\BenchmarkProject\Library\PackageCache\com.unity.modules.assetbundle)
    com.unity.modules.audio@1.0.0 (location: D:\CodexWork\babel-dot-20260915\BenchmarkProject\Library\PackageCache\com.unity.modules.audio)
    com.unity.modules.cloth@1.0.0 (location: D:\CodexWork\babel-dot-20260915\BenchmarkProject\Library\PackageCache\com.unity.modules.cloth)
    com.unity.modules.director@1.0.0 (location: D:\CodexWork\babel-dot-20260915\BenchmarkProject\Library\PackageCache\com.unity.modules.director)
    com.unity.modules.imageconversion@1.0.0 (location: D:\CodexWork\babel-dot-20260915\BenchmarkProject\Library\PackageCache\com.unity.modules.imageconversion)
    com.unity.modules.imgui@1.0.0 (location: D:\CodexWork\babel-dot-20260915\BenchmarkProject\Library\PackageCache\com.unity.modules.imgui)
    com.unity.modules.jsonserialize@1.0.0 (location: D:\CodexWork\babel-dot-20260915\BenchmarkProject\Library\PackageCache\com.unity.modules.jsonserialize)
    com.unity.modules.particlesystem@1.0.0 (location: D:\CodexWork\babel-dot-20260915\BenchmarkProject\Library\PackageCache\com.unity.modules.particlesystem)
    com.unity.modules.physics@1.0.0 (location: D:\CodexWork\babel-dot-20260915\BenchmarkProject\Library\PackageCache\com.unity.modules.physics)
    com.unity.modules.physics2d@1.0.0 (location: D:\CodexWork\babel-dot-20260915\BenchmarkProject\Library\PackageCache\com.unity.modules.physics2d)
    com.unity.modules.physicscore2d@1.0.0 (location: D:\CodexWork\babel-dot-20260915\BenchmarkProject\Library\PackageCache\com.unity.modules.physicscore2d)
    com.unity.modules.screencapture@1.0.0 (location: D:\CodexWork\babel-dot-20260915\BenchmarkProject\Library\PackageCache\com.unity.modules.screencapture)
    com.unity.modules.terrain@1.0.0 (location: D:\CodexWork\babel-dot-20260915\BenchmarkProject\Library\PackageCache\com.unity.modules.terrain)
    com.unity.modules.terrainphysics@1.0.0 (location: D:\CodexWork\babel-dot-20260915\BenchmarkProject\Library\PackageCache\com.unity.modules.terrainphysics)
    com.unity.modules.tilemap@1.0.0 (location: D:\CodexWork\babel-dot-20260915\BenchmarkProject\Library\PackageCache\com.unity.modules.tilemap)
    com.unity.modules.ui@1.0.0 (location: D:\CodexWork\babel-dot-20260915\BenchmarkProject\Library\PackageCache\com.unity.modules.ui)
    com.unity.modules.uielements@1.0.0 (location: D:\CodexWork\babel-dot-20260915\BenchmarkProject\Library\PackageCache\com.unity.modules.uielements)
    com.unity.modules.umbra@1.0.0 (location: D:\CodexWork\babel-dot-20260915\BenchmarkProject\Library\PackageCache\com.unity.modules.umbra)
    com.unity.modules.unityanalytics@1.0.0 (location: D:\CodexWork\babel-dot-20260915\BenchmarkProject\Library\PackageCache\com.unity.modules.unityanalytics)
    com.unity.modules.unitywebrequest@1.0.0 (location: D:\CodexWork\babel-dot-20260915\BenchmarkProject\Library\PackageCache\com.unity.modules.unitywebrequest)
    com.unity.modules.unitywebrequestassetbundle@1.0.0 (location: D:\CodexWork\babel-dot-20260915\BenchmarkProject\Library\PackageCache\com.unity.modules.unitywebrequestassetbundle)
    com.unity.modules.unitywebrequestaudio@1.0.0 (location: D:\CodexWork\babel-dot-20260915\BenchmarkProject\Library\PackageCache\com.unity.modules.unitywebrequestaudio)
    com.unity.modules.unitywebrequesttexture@1.0.0 (location: D:\CodexWork\babel-dot-20260915\BenchmarkProject\Library\PackageCache\com.unity.modules.unitywebrequesttexture)
    com.unity.modules.unitywebrequestwww@1.0.0 (location: D:\CodexWork\babel-dot-20260915\BenchmarkProject\Library\PackageCache\com.unity.modules.unitywebrequestwww)
    com.unity.modules.vectorgraphics@1.0.0 (location: D:\CodexWork\babel-dot-20260915\BenchmarkProject\Library\PackageCache\com.unity.modules.vectorgraphics)
    com.unity.modules.vehicles@1.0.0 (location: D:\CodexWork\babel-dot-20260915\BenchmarkProject\Library\PackageCache\com.unity.modules.vehicles)
    com.unity.modules.video@1.0.0 (location: D:\CodexWork\babel-dot-20260915\BenchmarkProject\Library\PackageCache\com.unity.modules.video)
    com.unity.modules.wind@1.0.0 (location: D:\CodexWork\babel-dot-20260915\BenchmarkProject\Library\PackageCache\com.unity.modules.wind)
    com.unity.modules.xr@1.0.0 (location: D:\CodexWork\babel-dot-20260915\BenchmarkProject\Library\PackageCache\com.unity.modules.xr)
    com.unity.modules.subsystems@1.0.0 (location: D:\CodexWork\babel-dot-20260915\BenchmarkProject\Library\PackageCache\com.unity.modules.subsystems)
    com.unity.modules.hierarchycore@1.0.0 (location: D:\CodexWork\babel-dot-20260915\BenchmarkProject\Library\PackageCache\com.unity.modules.hierarchycore)
    com.unity.ext.nunit@2.1.0 (location: D:\CodexWork\babel-dot-20260915\BenchmarkProject\Library\PackageCache\com.unity.ext.nunit@44f7d31723bd)
  Local packages:
    com.yanagisawa.data-layout-calibrator@file:D:\CodexWork\babel-dot-20260915\Packages\com.yanagisawa.data-layout-calibrator (location: D:\CodexWork\babel-dot-20260915\Packages\com.yanagisawa.data-layout-calibrator)
[Subsystems] No new subsystems found in resolved package list.
[Package Manager] Done registering packages in 0.00 seconds
A meta data file (.meta) exists but its folder 'Assets/DataLayoutBenchmark' can't be found, and has been created. Empty directories cannot be stored in version control, so it's assumed that the meta data file is for an empty directory in version control. When moving or deleting folders outside of Unity, please ensure that the corresponding .meta file is moved or deleted along with it.
AcceleratorClientConnectionCallback - disconnected - :0
[API Updater] Processing imported assemblies took 91 ms (0/0 assembly(ies)).
Assembly Updater Post Process Assets time: 0.093232s
[ScriptCompilation] Requested script compilation because: Assembly Definition File(s) changed
[ScriptCompilation] Requested script compilation because: AssetDatabase observed changes in script compilation related files
info: Microsoft.Hosting.Lifetime[14]
      Now listening on: http://localhost:80
info: Microsoft.Hosting.Lifetime[0]
      Application started. Press Ctrl+C to shut down.
info: Microsoft.Hosting.Lifetime[0]
      Hosting environment: Production
info: Microsoft.Hosting.Lifetime[0]
      Content root path: D:\CodexWork\babel-dot-20260915\BenchmarkProject
info: Microsoft.AspNetCore.Hosting.Diagnostics[1]
      Request starting HTTP/2 POST http://ilpp/UnityILPP.PostProcessing/Ping - application/grpc -
info: Microsoft.AspNetCore.Routing.EndpointMiddleware[0]
      Executing endpoint 'gRPC - /UnityILPP.PostProcessing/Ping'
info: Microsoft.AspNetCore.Routing.EndpointMiddleware[1]
      Executed endpoint 'gRPC - /UnityILPP.PostProcessing/Ping'
info: Microsoft.AspNetCore.Hosting.Diagnostics[2]
      Request finished HTTP/2 POST http://ilpp/UnityILPP.PostProcessing/Ping - 200 - application/grpc 87.2628ms
Starting: C:\Program Files\Unity\Hub\Editor\6000.5.9f1\Editor\Data\Tools\BuildPipeline\bee_backend.exe --ipc --defer-dag-verification --dagfile="Library/Bee/1900b0aE.dag" --continue-on-failure --profile="Library/Bee/backend1.traceevents" ScriptAssemblies
WorkingDir: D:/CodexWork/babel-dot-20260915/BenchmarkProject
ExitCode: 4 Duration: 0s211ms
[             ] Require frontend run.  Library/Bee/1900b0aE.dag couldn't be loaded
DisplayProgressbar: Compiling Scripts
Starting: C:\Program Files\Unity\Hub\Editor\6000.5.9f1\Editor\Data\netcorerun\netcorerun.exe "C:\Program Files\Unity\Hub\Editor\6000.5.9f1\Editor\Data\Tools\BuildPipeline\ScriptCompilationBuildProgram.exe" "Library/Bee/1900b0aE.dag.json" "Library/Bee/1900b0aE-inputdata.json" "Library\Bee\buildprogram0.traceevents"
WorkingDir: D:/CodexWork/babel-dot-20260915/BenchmarkProject
ExitCode: 0 Duration: 0s580ms
Starting: C:\Program Files\Unity\Hub\Editor\6000.5.9f1\Editor\Data\Tools\BuildPipeline\bee_backend.exe --ipc --defer-dag-verification --dagfile="Library/Bee/1900b0aE.dag" --continue-on-failure --dagfilejson="Library\Bee\1900b0aE.dag.json" --profile="Library/Bee/backend2.traceevents" ScriptAssemblies
WorkingDir: D:/CodexWork/babel-dot-20260915/BenchmarkProject
info: Microsoft.AspNetCore.Hosting.Diagnostics[1]
      Request starting HTTP/2 POST http://ilpp/UnityILPP.PostProcessing/ConfigurePostProcessors - application/grpc -
info: Microsoft.AspNetCore.Routing.EndpointMiddleware[0]
      Executing endpoint 'gRPC - /UnityILPP.PostProcessing/ConfigurePostProcessors'
warn: Unity.ILPP.Runner.PostProcessingAssemblyLoadContext[0]
      Assembly system.runtime.interopservices.windowsruntime has duplicate hint path. Ignoring "C:\Program Files\Unity\Hub\Editor\6000.5.9f1\Editor\Data\UnityReferenceAssemblies\unity-4.8-api\Facades\System.Runtime.InteropServices.WindowsRuntime.dll" in favor of "C:\Program Files\Unity\Hub\Editor\6000.5.9f1\Editor\Data\NetStandard\Extensions\2.0.0\System.Runtime.InteropServices.WindowsRuntime.dll"
warn: Unity.ILPP.Runner.PostProcessingAssemblyLoadContext[0]
      Assembly system.componentmodel.composition has duplicate hint path. Ignoring "C:\Program Files\Unity\Hub\Editor\6000.5.9f1\Editor\Data\UnityReferenceAssemblies\unity-4.8-api\System.ComponentModel.Composition.dll" in favor of "C:\Program Files\Unity\Hub\Editor\6000.5.9f1\Editor\Data\NetStandard\compat\2.1.0\shims\netfx\System.ComponentModel.Composition.dll"
info: Unity.ILPP.Runner.PostProcessingAssemblyLoadContext[0]
      Resolved Unity.Burst.Cecil, Version=0.11.6.0, Culture=neutral, PublicKeyToken=50cebf1cceb9d05e with Library\PackageCache\com.unity.burst@2f3d916873ea\Unity.Burst.CodeGen\Unity.Burst.Cecil.dll
info: Unity.ILPP.Runner.PostProcessingAssemblyLoadContext[0]
      Resolved Mono.Cecil, Version=0.11.5.0, Culture=neutral, PublicKeyToken=50cebf1cceb9d05e with Library\PackageCache\com.unity.nuget.mono-cecil@ecb9724e46ff\Mono.Cecil.dll
info: Microsoft.AspNetCore.Routing.EndpointMiddleware[1]
      Executed endpoint 'gRPC - /UnityILPP.PostProcessing/ConfigurePostProcessors'
info: Microsoft.AspNetCore.Hosting.Diagnostics[2]
      Request finished HTTP/2 POST http://ilpp/UnityILPP.PostProcessing/ConfigurePostProcessors - 200 - application/grpc 64.5744ms
info: Microsoft.AspNetCore.Hosting.Diagnostics[1]
      Request starting HTTP/2 POST http://ilpp/UnityILPP.PostProcessing/PostProcessAssembly - application/grpc -
info: Microsoft.AspNetCore.Routing.EndpointMiddleware[0]
      Executing endpoint 'gRPC - /UnityILPP.PostProcessing/PostProcessAssembly'
info: Unity.ILPP.Runner.PostProcessingPipeline[0]
      Processing assembly Library/Bee/artifacts/1900b0aE.dag/Yanagisawa.DataLayoutCalibrator.dll, with 141 defines and 135 references
info: Unity.ILPP.Runner.PostProcessingPipeline[0]
      processors: Unity.Jobs.CodeGen.JobsILPostProcessor, zzzUnity.Burst.CodeGen.BurstILPostProcessor
info: Unity.ILPP.Runner.PostProcessingPipeline[0]
      running Unity.Jobs.CodeGen.JobsILPostProcessor
info: Unity.ILPP.Runner.PostProcessingPipeline[0]
      running zzzUnity.Burst.CodeGen.BurstILPostProcessor
info: Microsoft.AspNetCore.Hosting.Diagnostics[1]
      Request starting HTTP/2 POST http://ilpp/UnityILPP.PostProcessing/PostProcessAssembly - application/grpc -
info: Microsoft.AspNetCore.Hosting.Diagnostics[1]
      Request starting HTTP/2 POST http://ilpp/UnityILPP.PostProcessing/PostProcessAssembly - application/grpc -
info: Microsoft.AspNetCore.Routing.EndpointMiddleware[0]
      Executing endpoint 'gRPC - /UnityILPP.PostProcessing/PostProcessAssembly'
info: Microsoft.AspNetCore.Routing.EndpointMiddleware[0]
      Executing endpoint 'gRPC - /UnityILPP.PostProcessing/PostProcessAssembly'
info: Unity.ILPP.Runner.PostProcessingPipeline[0]
      Processing assembly Library/Bee/artifacts/1900b0aE.dag/Yanagisawa.DataLayoutCalibrator.Samples.AdditionalWorkloads.dll, with 141 defines and 286 references
info: Unity.ILPP.Runner.PostProcessingPipeline[0]
      Processing assembly Library/Bee/artifacts/1900b0aE.dag/Yanagisawa.DataLayoutCalibrator.Samples.ExternalWorkloads.dll, with 141 defines and 285 references
info: Unity.ILPP.Runner.PostProcessingPipeline[0]
      processors: Unity.Jobs.CodeGen.JobsILPostProcessor, zzzUnity.Burst.CodeGen.BurstILPostProcessor
info: Unity.ILPP.Runner.PostProcessingPipeline[0]
      processors: Unity.Jobs.CodeGen.JobsILPostProcessor, zzzUnity.Burst.CodeGen.BurstILPostProcessor
info: Unity.ILPP.Runner.PostProcessingPipeline[0]
      running Unity.Jobs.CodeGen.JobsILPostProcessor
info: Unity.ILPP.Runner.PostProcessingPipeline[0]
      running Unity.Jobs.CodeGen.JobsILPostProcessor
info: Unity.ILPP.Runner.PostProcessingAssemblyLoadContext[0]
      Resolved Unity.Collections, Version=0.0.0.0, Culture=neutral, PublicKeyToken=null with Library\Bee\artifacts\1900b0aE.dag\Unity.Collections.dll
info: Microsoft.AspNetCore.Hosting.Diagnostics[1]
      Request starting HTTP/2 POST http://ilpp/UnityILPP.PostProcessing/PostProcessAssembly - application/grpc -
info: Microsoft.AspNetCore.Hosting.Diagnostics[1]
      Request starting HTTP/2 POST http://ilpp/UnityILPP.PostProcessing/PostProcessAssembly - application/grpc -
info: Microsoft.AspNetCore.Routing.EndpointMiddleware[0]
      Executing endpoint 'gRPC - /UnityILPP.PostProcessing/PostProcessAssembly'
info: Microsoft.AspNetCore.Routing.EndpointMiddleware[0]
      Executing endpoint 'gRPC - /UnityILPP.PostProcessing/PostProcessAssembly'
info: Unity.ILPP.Runner.PostProcessingPipeline[0]
      Processing assembly Library/Bee/artifacts/1900b0aE.dag/Yanagisawa.DataLayoutCalibrator.Tests.Editor.dll, with 139 defines and 291 references
info: Unity.ILPP.Runner.PostProcessingPipeline[0]
      processors: Unity.Jobs.CodeGen.JobsILPostProcessor, zzzUnity.Burst.CodeGen.BurstILPostProcessor
info: Unity.ILPP.Runner.PostProcessingPipeline[0]
      Processing assembly Library/Bee/artifacts/1900b0aE.dag/Yanagisawa.DataLayoutCalibrator.Samples.TransformExport.dll, with 141 defines and 286 references
info: Unity.ILPP.Runner.PostProcessingPipeline[0]
      processors: Unity.Jobs.CodeGen.JobsILPostProcessor, zzzUnity.Burst.CodeGen.BurstILPostProcessor
info: Unity.ILPP.Runner.PostProcessingPipeline[0]
      running Unity.Jobs.CodeGen.JobsILPostProcessor
info: Unity.ILPP.Runner.PostProcessingPipeline[0]
      running Unity.Jobs.CodeGen.JobsILPostProcessor
info: Microsoft.AspNetCore.Hosting.Diagnostics[1]
      Request starting HTTP/2 POST http://ilpp/UnityILPP.PostProcessing/PostProcessAssembly - application/grpc -
info: Microsoft.AspNetCore.Hosting.Diagnostics[1]
      Request starting HTTP/2 POST http://ilpp/UnityILPP.PostProcessing/PostProcessAssembly - application/grpc -
info: Microsoft.AspNetCore.Routing.EndpointMiddleware[0]
      Executing endpoint 'gRPC - /UnityILPP.PostProcessing/PostProcessAssembly'
info: Microsoft.AspNetCore.Routing.EndpointMiddleware[0]
      Executing endpoint 'gRPC - /UnityILPP.PostProcessing/PostProcessAssembly'
info: Unity.ILPP.Runner.PostProcessingPipeline[0]
      Processing assembly Library/Bee/artifacts/1900b0aE.dag/Unity.PerformanceTesting.Editor.dll, with 140 defines and 289 references
info: Unity.ILPP.Runner.PostProcessingPipeline[0]
      Processing assembly Library/Bee/artifacts/1900b0aE.dag/Unity.Burst.dll, with 141 defines and 280 references
info: Unity.ILPP.Runner.PostProcessingPipeline[0]
      processors: Unity.Jobs.CodeGen.JobsILPostProcessor, zzzUnity.Burst.CodeGen.BurstILPostProcessor
info: Unity.ILPP.Runner.PostProcessingPipeline[0]
      processors: Unity.Jobs.CodeGen.JobsILPostProcessor, zzzUnity.Burst.CodeGen.BurstILPostProcessor
info: Unity.ILPP.Runner.PostProcessingPipeline[0]
      running Unity.Jobs.CodeGen.JobsILPostProcessor
info: Unity.ILPP.Runner.PostProcessingPipeline[0]
      running zzzUnity.Burst.CodeGen.BurstILPostProcessor
info: Unity.ILPP.Runner.PostProcessingPipeline[0]
      running Unity.Jobs.CodeGen.JobsILPostProcessor
info: Unity.ILPP.Runner.PostProcessingPipeline[0]
      running zzzUnity.Burst.CodeGen.BurstILPostProcessor
info: Unity.ILPP.Runner.PostProcessingAssemblyLoadContext[0]
      Resolved UnityEditor.CoreModule, Version=0.0.0.0, Culture=neutral, PublicKeyToken=null with C:\Program Files\Unity\Hub\Editor\6000.5.9f1\Editor\Data\Managed\UnityEngine\UnityEditor.CoreModule.dll
info: Unity.ILPP.Runner.PostProcessingAssemblyLoadContext[0]
      Resolved UnityEngine.CoreModule, Version=0.0.0.0, Culture=neutral, PublicKeyToken=null with C:\Program Files\Unity\Hub\Editor\6000.5.9f1\Editor\Data\Managed\UnityEngine\UnityEngine.CoreModule.dll
info: Unity.ILPP.Runner.PostProcessingAssemblyLoadContext[0]
      Resolved Unity.Scripting, Version=0.0.0.0, Culture=neutral, PublicKeyToken=null with C:\Program Files\Unity\Hub\Editor\6000.5.9f1\Editor\Data\Managed\UnityEngine\Unity.Scripting.dll
info: Unity.ILPP.Runner.PostProcessingPipeline[0]
      running zzzUnity.Burst.CodeGen.BurstILPostProcessor
info: Unity.ILPP.Runner.PostProcessingAssemblyLoadContext[0]
      Resolved Mono.Cecil.Rocks, Version=0.11.5.0, Culture=neutral, PublicKeyToken=50cebf1cceb9d05e with Library\PackageCache\com.unity.nuget.mono-cecil@ecb9724e46ff\Mono.Cecil.Rocks.dll
info: Microsoft.AspNetCore.Hosting.Diagnostics[1]
      Request starting HTTP/2 POST http://ilpp/UnityILPP.PostProcessing/PostProcessAssembly - application/grpc -
info: Microsoft.AspNetCore.Hosting.Diagnostics[1]
      Request starting HTTP/2 POST http://ilpp/UnityILPP.PostProcessing/PostProcessAssembly - application/grpc -
info: Microsoft.AspNetCore.Routing.EndpointMiddleware[0]
      Executing endpoint 'gRPC - /UnityILPP.PostProcessing/PostProcessAssembly'
info: Microsoft.AspNetCore.Routing.EndpointMiddleware[0]
      Executing endpoint 'gRPC - /UnityILPP.PostProcessing/PostProcessAssembly'
info: Unity.ILPP.Runner.PostProcessingPipeline[0]
      Processing assembly Library/Bee/artifacts/1900b0aE.dag/Unity.Multiplayer.Center.Editor.dll, with 139 defines and 292 references
info: Unity.ILPP.Runner.PostProcessingPipeline[0]
      Processing assembly Library/Bee/artifacts/1900b0aE.dag/Yanagisawa.DataLayoutCalibrator.Samples.TransformExport.Tests.Editor.dll, with 139 defines and 292 references
info: Unity.ILPP.Runner.PostProcessingPipeline[0]
      processors: Unity.Jobs.CodeGen.JobsILPostProcessor, zzzUnity.Burst.CodeGen.BurstILPostProcessor
info: Unity.ILPP.Runner.PostProcessingPipeline[0]
      processors: Unity.Jobs.CodeGen.JobsILPostProcessor, zzzUnity.Burst.CodeGen.BurstILPostProcessor
info: Unity.ILPP.Runner.PostProcessingPipeline[0]
      running Unity.Jobs.CodeGen.JobsILPostProcessor
info: Unity.ILPP.Runner.PostProcessingPipeline[0]
      running Unity.Jobs.CodeGen.JobsILPostProcessor
info: Unity.ILPP.Runner.PostProcessingPipeline[0]
      running zzzUnity.Burst.CodeGen.BurstILPostProcessor
info: Unity.ILPP.Runner.PostProcessingPipeline[0]
      running zzzUnity.Burst.CodeGen.BurstILPostProcessor
info: Microsoft.AspNetCore.Hosting.Diagnostics[1]
      Request starting HTTP/2 POST http://ilpp/UnityILPP.PostProcessing/PostProcessAssembly - application/grpc -
info: Microsoft.AspNetCore.Routing.EndpointMiddleware[0]
      Executing endpoint 'gRPC - /UnityILPP.PostProcessing/PostProcessAssembly'
info: Unity.ILPP.Runner.PostProcessingPipeline[0]
      Processing assembly Library/Bee/artifacts/1900b0aE.dag/Yanagisawa.DataLayoutCalibrator.Samples.ParticleIntegrate.Tests.Editor.dll, with 139 defines and 292 references
info: Unity.ILPP.Runner.PostProcessingPipeline[0]
      processors: Unity.Jobs.CodeGen.JobsILPostProcessor, zzzUnity.Burst.CodeGen.BurstILPostProcessor
info: Unity.ILPP.Runner.PostProcessingAssemblyLoadContext[0]
      Resolved Unity.Burst.Cecil.Rocks, Version=0.11.6.0, Culture=neutral, PublicKeyToken=50cebf1cceb9d05e with Library\PackageCache\com.unity.burst@2f3d916873ea\Unity.Burst.CodeGen\Unity.Burst.Cecil.Rocks.dll
info: Microsoft.AspNetCore.Routing.EndpointMiddleware[1]
      Executed endpoint 'gRPC - /UnityILPP.PostProcessing/PostProcessAssembly'
info: Microsoft.AspNetCore.Hosting.Diagnostics[2]
      Request finished HTTP/2 POST http://ilpp/UnityILPP.PostProcessing/PostProcessAssembly - 200 - application/grpc 347.3329ms
info: Unity.ILPP.Runner.PostProcessingPipeline[0]
      running Unity.Jobs.CodeGen.JobsILPostProcessor
info: Unity.ILPP.Runner.PostProcessingPipeline[0]
      running zzzUnity.Burst.CodeGen.BurstILPostProcessor
info: Unity.ILPP.Runner.PostProcessingPipeline[0]
      running zzzUnity.Burst.CodeGen.BurstILPostProcessor
info: Unity.ILPP.Runner.PostProcessingPipeline[0]
      running zzzUnity.Burst.CodeGen.BurstILPostProcessor
info: Microsoft.AspNetCore.Hosting.Diagnostics[1]
      Request starting HTTP/2 POST http://ilpp/UnityILPP.PostProcessing/PostProcessAssembly - application/grpc -
info: Microsoft.AspNetCore.Routing.EndpointMiddleware[0]
      Executing endpoint 'gRPC - /UnityILPP.PostProcessing/PostProcessAssembly'
info: Microsoft.AspNetCore.Hosting.Diagnostics[1]
      Request starting HTTP/2 POST http://ilpp/UnityILPP.PostProcessing/PostProcessAssembly - application/grpc -
info: Microsoft.AspNetCore.Routing.EndpointMiddleware[0]
      Executing endpoint 'gRPC - /UnityILPP.PostProcessing/PostProcessAssembly'
info: Microsoft.AspNetCore.Hosting.Diagnostics[1]
      Request starting HTTP/2 POST http://ilpp/UnityILPP.PostProcessing/PostProcessAssembly - application/grpc -
info: Microsoft.AspNetCore.Routing.EndpointMiddleware[0]
      Executing endpoint 'gRPC - /UnityILPP.PostProcessing/PostProcessAssembly'
info: Unity.ILPP.Runner.PostProcessingPipeline[0]
      Processing assembly Library/Bee/artifacts/1900b0aE.dag/Unity.PerformanceTesting.dll, with 142 defines and 279 references
info: Unity.ILPP.Runner.PostProcessingPipeline[0]
      processors: Unity.Jobs.CodeGen.JobsILPostProcessor, zzzUnity.Burst.CodeGen.BurstILPostProcessor
info: Unity.ILPP.Runner.PostProcessingPipeline[0]
      running zzzUnity.Burst.CodeGen.BurstILPostProcessor
info: Microsoft.AspNetCore.Routing.EndpointMiddleware[1]
      Executed endpoint 'gRPC - /UnityILPP.PostProcessing/PostProcessAssembly'
info: Microsoft.AspNetCore.Hosting.Diagnostics[2]
      Request finished HTTP/2 POST http://ilpp/UnityILPP.PostProcessing/PostProcessAssembly - 200 - application/grpc 301.9049ms
info: Unity.ILPP.Runner.PostProcessingPipeline[0]
      Processing assembly Library/Bee/artifacts/1900b0aE.dag/Yanagisawa.DataLayoutCalibrator.Benchmark.dll, with 141 defines and 290 references
info: Unity.ILPP.Runner.PostProcessingPipeline[0]
      processors: Unity.Jobs.CodeGen.JobsILPostProcessor, zzzUnity.Burst.CodeGen.BurstILPostProcessor
info: Unity.ILPP.Runner.PostProcessingPipeline[0]
      running Unity.Jobs.CodeGen.JobsILPostProcessor
info: Unity.ILPP.Runner.PostProcessingPipeline[0]
      running zzzUnity.Burst.CodeGen.BurstILPostProcessor
info: Microsoft.AspNetCore.Routing.EndpointMiddleware[1]
      Executed endpoint 'gRPC - /UnityILPP.PostProcessing/PostProcessAssembly'
info: Microsoft.AspNetCore.Routing.EndpointMiddleware[1]
      Executed endpoint 'gRPC - /UnityILPP.PostProcessing/PostProcessAssembly'
info: Microsoft.AspNetCore.Hosting.Diagnostics[2]
      Request finished HTTP/2 POST http://ilpp/UnityILPP.PostProcessing/PostProcessAssembly - 200 - application/grpc 426.6088ms
info: Microsoft.AspNetCore.Hosting.Diagnostics[2]
      Request finished HTTP/2 POST http://ilpp/UnityILPP.PostProcessing/PostProcessAssembly - 200 - application/grpc 426.5402ms
info: Microsoft.AspNetCore.Routing.EndpointMiddleware[1]
      Executed endpoint 'gRPC - /UnityILPP.PostProcessing/PostProcessAssembly'
info: Microsoft.AspNetCore.Hosting.Diagnostics[2]
      Request finished HTTP/2 POST http://ilpp/UnityILPP.PostProcessing/PostProcessAssembly - 200 - application/grpc 224.1838ms
info: Microsoft.AspNetCore.Routing.EndpointMiddleware[1]
      Executed endpoint 'gRPC - /UnityILPP.PostProcessing/PostProcessAssembly'
info: Unity.ILPP.Runner.PostProcessingPipeline[0]
      Processing assembly Library/Bee/artifacts/1900b0aE.dag/Unity.Mathematics.dll, with 141 defines and 282 references
info: Unity.ILPP.Runner.PostProcessingPipeline[0]
      processors: Unity.Jobs.CodeGen.JobsILPostProcessor, zzzUnity.Burst.CodeGen.BurstILPostProcessor
info: Microsoft.AspNetCore.Hosting.Diagnostics[2]
      Request finished HTTP/2 POST http://ilpp/UnityILPP.PostProcessing/PostProcessAssembly - 200 - application/grpc 379.6725ms
info: Unity.ILPP.Runner.PostProcessingPipeline[0]
      running Unity.Jobs.CodeGen.JobsILPostProcessor
info: Microsoft.AspNetCore.Routing.EndpointMiddleware[1]
      Executed endpoint 'gRPC - /UnityILPP.PostProcessing/PostProcessAssembly'
info: Microsoft.AspNetCore.Hosting.Diagnostics[2]
      Request finished HTTP/2 POST http://ilpp/UnityILPP.PostProcessing/PostProcessAssembly - 200 - application/grpc 176.8175ms
info: Unity.ILPP.Runner.PostProcessingPipeline[0]
      running Unity.Jobs.CodeGen.JobsILPostProcessor
info: Unity.ILPP.Runner.PostProcessingPipeline[0]
      running zzzUnity.Burst.CodeGen.BurstILPostProcessor
info: Microsoft.AspNetCore.Routing.EndpointMiddleware[1]
      Executed endpoint 'gRPC - /UnityILPP.PostProcessing/PostProcessAssembly'
info: Microsoft.AspNetCore.Hosting.Diagnostics[2]
      Request finished HTTP/2 POST http://ilpp/UnityILPP.PostProcessing/PostProcessAssembly - 200 - application/grpc 224.9532ms
info: Microsoft.AspNetCore.Routing.EndpointMiddleware[1]
      Executed endpoint 'gRPC - /UnityILPP.PostProcessing/PostProcessAssembly'
info: Microsoft.AspNetCore.Hosting.Diagnostics[2]
      Request finished HTTP/2 POST http://ilpp/UnityILPP.PostProcessing/PostProcessAssembly - 200 - application/grpc 381.3697ms
info: Microsoft.AspNetCore.Routing.EndpointMiddleware[1]
      Executed endpoint 'gRPC - /UnityILPP.PostProcessing/PostProcessAssembly'
info: Microsoft.AspNetCore.Hosting.Diagnostics[2]
      Request finished HTTP/2 POST http://ilpp/UnityILPP.PostProcessing/PostProcessAssembly - 200 - application/grpc 82.2105ms
info: Microsoft.AspNetCore.Routing.EndpointMiddleware[1]
      Executed endpoint 'gRPC - /UnityILPP.PostProcessing/PostProcessAssembly'
info: Microsoft.AspNetCore.Hosting.Diagnostics[2]
      Request finished HTTP/2 POST http://ilpp/UnityILPP.PostProcessing/PostProcessAssembly - 200 - application/grpc 104.9257ms
info: Microsoft.AspNetCore.Hosting.Diagnostics[1]
      Request starting HTTP/2 POST http://ilpp/UnityILPP.PostProcessing/PostProcessAssembly - application/grpc -
info: Microsoft.AspNetCore.Routing.EndpointMiddleware[0]
      Executing endpoint 'gRPC - /UnityILPP.PostProcessing/PostProcessAssembly'
info: Unity.ILPP.Runner.PostProcessingPipeline[0]
      Processing assembly Library/Bee/artifacts/1900b0aE.dag/Unity.Collections.Editor.dll, with 140 defines and 292 references
info: Unity.ILPP.Runner.PostProcessingPipeline[0]
      running zzzUnity.Burst.CodeGen.BurstILPostProcessor
info: Unity.ILPP.Runner.PostProcessingPipeline[0]
      processors: Unity.Jobs.CodeGen.JobsILPostProcessor, zzzUnity.Burst.CodeGen.BurstILPostProcessor
info: Microsoft.AspNetCore.Hosting.Diagnostics[1]
      Request starting HTTP/2 POST http://ilpp/UnityILPP.PostProcessing/PostProcessAssembly - application/grpc -
info: Microsoft.AspNetCore.Routing.EndpointMiddleware[0]
      Executing endpoint 'gRPC - /UnityILPP.PostProcessing/PostProcessAssembly'
info: Unity.ILPP.Runner.PostProcessingPipeline[0]
      Processing assembly Library/Bee/artifacts/1900b0aE.dag/Unity.Multiplayer.Center.Common.dll, with 141 defines and 282 references
info: Unity.ILPP.Runner.PostProcessingPipeline[0]
      processors: Unity.Jobs.CodeGen.JobsILPostProcessor, zzzUnity.Burst.CodeGen.BurstILPostProcessor
info: Unity.ILPP.Runner.PostProcessingPipeline[0]
      running Unity.Jobs.CodeGen.JobsILPostProcessor
info: Unity.ILPP.Runner.PostProcessingPipeline[0]
      running Unity.Jobs.CodeGen.JobsILPostProcessor
info: Unity.ILPP.Runner.PostProcessingPipeline[0]
      running zzzUnity.Burst.CodeGen.BurstILPostProcessor
info: Unity.ILPP.Runner.PostProcessingPipeline[0]
      running zzzUnity.Burst.CodeGen.BurstILPostProcessor
info: Microsoft.AspNetCore.Routing.EndpointMiddleware[1]
      Executed endpoint 'gRPC - /UnityILPP.PostProcessing/PostProcessAssembly'
info: Microsoft.AspNetCore.Routing.EndpointMiddleware[1]
      Executed endpoint 'gRPC - /UnityILPP.PostProcessing/PostProcessAssembly'
info: Microsoft.AspNetCore.Routing.EndpointMiddleware[1]
      Executed endpoint 'gRPC - /UnityILPP.PostProcessing/PostProcessAssembly'
info: Microsoft.AspNetCore.Routing.EndpointMiddleware[1]
      Executed endpoint 'gRPC - /UnityILPP.PostProcessing/PostProcessAssembly'
info: Microsoft.AspNetCore.Hosting.Diagnostics[2]
      Request finished HTTP/2 POST http://ilpp/UnityILPP.PostProcessing/PostProcessAssembly - 200 - application/grpc 87.9339ms
info: Microsoft.AspNetCore.Hosting.Diagnostics[2]
      Request finished HTTP/2 POST http://ilpp/UnityILPP.PostProcessing/PostProcessAssembly - 200 - application/grpc 56.5549ms
info: Microsoft.AspNetCore.Hosting.Diagnostics[2]
      Request finished HTTP/2 POST http://ilpp/UnityILPP.PostProcessing/PostProcessAssembly - 200 - application/grpc 200.0597ms
info: Microsoft.AspNetCore.Hosting.Diagnostics[2]
      Request finished HTTP/2 POST http://ilpp/UnityILPP.PostProcessing/PostProcessAssembly - 200 - application/grpc 425.5919ms
info: Microsoft.AspNetCore.Hosting.Diagnostics[1]
      Request starting HTTP/2 POST http://ilpp/UnityILPP.PostProcessing/PostProcessAssembly - application/grpc -
info: Microsoft.AspNetCore.Hosting.Diagnostics[1]
      Request starting HTTP/2 POST http://ilpp/UnityILPP.PostProcessing/PostProcessAssembly - application/grpc -
info: Microsoft.AspNetCore.Hosting.Diagnostics[1]
      Request starting HTTP/2 POST http://ilpp/UnityILPP.PostProcessing/PostProcessAssembly - application/grpc -
info: Microsoft.AspNetCore.Routing.EndpointMiddleware[0]
      Executing endpoint 'gRPC - /UnityILPP.PostProcessing/PostProcessAssembly'
info: Microsoft.AspNetCore.Routing.EndpointMiddleware[0]
      Executing endpoint 'gRPC - /UnityILPP.PostProcessing/PostProcessAssembly'
info: Microsoft.AspNetCore.Routing.EndpointMiddleware[0]
      Executing endpoint 'gRPC - /UnityILPP.PostProcessing/PostProcessAssembly'
info: Unity.ILPP.Runner.PostProcessingPipeline[0]
      Processing assembly Library/Bee/artifacts/1900b0aE.dag/Yanagisawa.DataLayoutCalibrator.Samples.AdditionalWorkloads.Tests.Editor.dll, with 139 defines and 292 references
info: Unity.ILPP.Runner.PostProcessingPipeline[0]
      Processing assembly Library/Bee/artifacts/1900b0aE.dag/Yanagisawa.DataLayoutCalibrator.Samples.ParticleIntegrate.dll, with 141 defines and 286 references
info: Unity.ILPP.Runner.PostProcessingPipeline[0]
      processors: Unity.Jobs.CodeGen.JobsILPostProcessor, zzzUnity.Burst.CodeGen.BurstILPostProcessor
info: Unity.ILPP.Runner.PostProcessingPipeline[0]
      processors: Unity.Jobs.CodeGen.JobsILPostProcessor, zzzUnity.Burst.CodeGen.BurstILPostProcessor
info: Unity.ILPP.Runner.PostProcessingPipeline[0]
      Processing assembly Library/Bee/artifacts/1900b0aE.dag/Unity.Collections.dll, with 143 defines and 284 references
info: Unity.ILPP.Runner.PostProcessingPipeline[0]
      processors: Unity.Jobs.CodeGen.JobsILPostProcessor, zzzUnity.Burst.CodeGen.BurstILPostProcessor
info: Unity.ILPP.Runner.PostProcessingPipeline[0]
      running Unity.Jobs.CodeGen.JobsILPostProcessor
info: Unity.ILPP.Runner.PostProcessingPipeline[0]
      running Unity.Jobs.CodeGen.JobsILPostProcessor
info: Unity.ILPP.Runner.PostProcessingPipeline[0]
      running Unity.Jobs.CodeGen.JobsILPostProcessor
info: Unity.ILPP.Runner.PostProcessingPipeline[0]
      running zzzUnity.Burst.CodeGen.BurstILPostProcessor
info: Microsoft.AspNetCore.Hosting.Diagnostics[1]
      Request starting HTTP/2 POST http://ilpp/UnityILPP.PostProcessing/PostProcessAssembly - application/grpc -
info: Microsoft.AspNetCore.Routing.EndpointMiddleware[0]
      Executing endpoint 'gRPC - /UnityILPP.PostProcessing/PostProcessAssembly'
info: Unity.ILPP.Runner.PostProcessingPipeline[0]
      Processing assembly Library/Bee/artifacts/1900b0aE.dag/Yanagisawa.DataLayoutCalibrator.Benchmark.Editor.dll, with 139 defines and 295 references
info: Unity.ILPP.Runner.PostProcessingPipeline[0]
      processors: Unity.Jobs.CodeGen.JobsILPostProcessor, zzzUnity.Burst.CodeGen.BurstILPostProcessor
info: Unity.ILPP.Runner.PostProcessingPipeline[0]
      running Unity.Jobs.CodeGen.JobsILPostProcessor
info: Unity.ILPP.Runner.PostProcessingPipeline[0]
      running zzzUnity.Burst.CodeGen.BurstILPostProcessor
info: Unity.ILPP.Runner.PostProcessingPipeline[0]
      running zzzUnity.Burst.CodeGen.BurstILPostProcessor
info: Microsoft.AspNetCore.Routing.EndpointMiddleware[1]
      Executed endpoint 'gRPC - /UnityILPP.PostProcessing/PostProcessAssembly'
info: Microsoft.AspNetCore.Routing.EndpointMiddleware[1]
      Executed endpoint 'gRPC - /UnityILPP.PostProcessing/PostProcessAssembly'
info: Microsoft.AspNetCore.Routing.EndpointMiddleware[1]
      Executed endpoint 'gRPC - /UnityILPP.PostProcessing/PostProcessAssembly'
info: Microsoft.AspNetCore.Hosting.Diagnostics[2]
      Request finished HTTP/2 POST http://ilpp/UnityILPP.PostProcessing/PostProcessAssembly - 200 - application/grpc 125.4100ms
info: Microsoft.AspNetCore.Hosting.Diagnostics[2]
      Request finished HTTP/2 POST http://ilpp/UnityILPP.PostProcessing/PostProcessAssembly - 200 - application/grpc 93.6850ms
info: Microsoft.AspNetCore.Hosting.Diagnostics[2]
      Request finished HTTP/2 POST http://ilpp/UnityILPP.PostProcessing/PostProcessAssembly - 200 - application/grpc 125.4446ms
info: Unity.ILPP.Runner.PostProcessingPipeline[0]
      running zzzUnity.Burst.CodeGen.BurstILPostProcessor
info: Microsoft.AspNetCore.Routing.EndpointMiddleware[1]
      Executed endpoint 'gRPC - /UnityILPP.PostProcessing/PostProcessAssembly'
info: Microsoft.AspNetCore.Hosting.Diagnostics[2]
      Request finished HTTP/2 POST http://ilpp/UnityILPP.PostProcessing/PostProcessAssembly - 200 - application/grpc 250.3861ms
info: Microsoft.AspNetCore.Hosting.Diagnostics[1]
      Request starting HTTP/2 POST http://ilpp/UnityILPP.PostProcessing/PostProcessAssembly - application/grpc -
info: Microsoft.AspNetCore.Routing.EndpointMiddleware[0]
      Executing endpoint 'gRPC - /UnityILPP.PostProcessing/PostProcessAssembly'
info: Unity.ILPP.Runner.PostProcessingPipeline[0]
      Processing assembly Library/Bee/artifacts/1900b0aE.dag/Unity.Burst.Editor.dll, with 139 defines and 292 references
info: Unity.ILPP.Runner.PostProcessingPipeline[0]
      processors: Unity.Jobs.CodeGen.JobsILPostProcessor, zzzUnity.Burst.CodeGen.BurstILPostProcessor
info: Unity.ILPP.Runner.PostProcessingPipeline[0]
      running Unity.Jobs.CodeGen.JobsILPostProcessor
info: Unity.ILPP.Runner.PostProcessingPipeline[0]
      running zzzUnity.Burst.CodeGen.BurstILPostProcessor
info: Microsoft.AspNetCore.Routing.EndpointMiddleware[1]
      Executed endpoint 'gRPC - /UnityILPP.PostProcessing/PostProcessAssembly'
info: Microsoft.AspNetCore.Hosting.Diagnostics[2]
      Request finished HTTP/2 POST http://ilpp/UnityILPP.PostProcessing/PostProcessAssembly - 200 - application/grpc 34.8476ms
ExitCode: 0 Duration: 8s843ms
Finished compiling graph: 402 nodes, 5064 flattened edges (4564 ToBuild, 48 ToUse), maximum node priority 184
[  1/399    0s] WriteText Library/Bee/artifacts/1900b0aE.dag/Unity.Burst.rsp2
[  2/399    0s] WriteText Library/Bee/artifacts/1900b0aE.dag/Unity.Burst.UnityAdditionalFile.txt
[  3/399    0s] WriteText Library/Bee/artifacts/1900b0aE.dag/Unity.Mathematics.UnityAdditionalFile.txt
[  4/399    0s] WriteText Library/Bee/artifacts/1900b0aE.dag/Unity.Mathematics.rsp2
[  5/399    0s] MovedFromExtractor Library/Bee/artifacts/mvdfrm/UnityEngine.StreamingModule.dll_F86BB9E0A1814A8C.mvfrm
[  6/399    0s] MovedFromExtractor Library/Bee/artifacts/mvdfrm/UnityEngine.SubstanceModule.dll_D516CE29ECD4489A.mvfrm
[  7/399    0s] MovedFromExtractor Library/Bee/artifacts/mvdfrm/UnityEngine.TerrainPhysicsModule.dll_84FA0DD94E75DF3C.mvfrm
[  8/399    0s] MovedFromExtractor Library/Bee/artifacts/mvdfrm/UnityEngine.TilemapModule.dll_0C0BBE227AACDD88.mvfrm
[  9/399    0s] MovedFromExtractor Library/Bee/artifacts/mvdfrm/UnityEngine.SpriteShapeModule.dll_F6CDA84D1D6D7846.mvfrm
[ 10/399    0s] MovedFromExtractor Library/Bee/artifacts/mvdfrm/UnityEngine.ShaderVariantAnalyticsModule.dll_7FEB0DD8EAF41B90.mvfrm
[ 11/399    0s] MovedFromExtractor Library/Bee/artifacts/mvdfrm/UnityEngine.ScriptingModule.dll_5AF82556D1814201.mvfrm
[ 12/399    0s] MovedFromExtractor Library/Bee/artifacts/mvdfrm/UnityEngine.TLSModule.dll_C9065AFBB3FF3825.mvfrm
[ 13/399    0s] MovedFromExtractor Library/Bee/artifacts/mvdfrm/UnityEngine.U2DRuntimeModule.dll_2615453E44C4449B.mvfrm
[ 14/399    0s] MovedFromExtractor Library/Bee/artifacts/mvdfrm/UnityEngine.TerrainModule.dll_6D0F56A162EFFC7F.mvfrm
[ 15/399    0s] MovedFromExtractor Library/Bee/artifacts/mvdfrm/UnityEngine.SharedInternalsModule.dll_365E1BD6B7EDAE2B.mvfrm
[ 16/399    0s] MovedFromExtractor Library/Bee/artifacts/mvdfrm/UnityEngine.ScreenCaptureModule.dll_ACD6500D7D602B94.mvfrm
[ 17/399    0s] MovedFromExtractor Library/Bee/artifacts/mvdfrm/UnityEngine.RuntimeInitializeOnLoadManagerInitializerModule.dll_69B5526CE28A41AC.mvfrm
[ 18/399    0s] MovedFromExtractor Library/Bee/artifacts/mvdfrm/UnityEngine.SubsystemsModule.dll_5538F4777468CE8E.mvfrm
[ 19/399    0s] MovedFromExtractor Library/Bee/artifacts/mvdfrm/UnityEngine.PropertiesModule.dll_2E9A5AC3F79CB53D.mvfrm
[ 20/399    0s] MovedFromExtractor Library/Bee/artifacts/mvdfrm/UnityEngine.TextCoreFontEngineModule.dll_B52F48B6CD5FB147.mvfrm
[ 21/399    0s] MovedFromExtractor Library/Bee/artifacts/mvdfrm/UnityEngine.TextCoreTextEngineModule.dll_FD177F285CE36A65.mvfrm
[ 22/399    0s] MovedFromExtractor Library/Bee/artifacts/mvdfrm/UnityEngine.SpriteMaskModule.dll_EA8B8E15A620E67B.mvfrm
[ 23/399    0s] MovedFromExtractor Library/Bee/artifacts/mvdfrm/UnityEngine.TextRenderingModule.dll_D615C2183497AB89.mvfrm
[ 24/399    0s] MovedFromExtractor Library/Bee/artifacts/mvdfrm/UnityEngine.RenderAs2DModule.dll_6FD21D49D6F6FF74.mvfrm
[ 25/399    0s] MovedFromExtractor Library/Bee/artifacts/mvdfrm/UnityEngine.PhysicsModule.dll_52C8DB328D31B391.mvfrm
[ 26/399    0s] MovedFromExtractor Library/Bee/artifacts/mvdfrm/UnityEngine.PhysicsBackendPhysXModule.dll_72BF568CB1488F33.mvfrm
[ 27/399    0s] MovedFromExtractor Library/Bee/artifacts/mvdfrm/UnityEngine.ParticleSystemModule.dll_847F65063532E4AF.mvfrm
[ 28/399    0s] MovedFromExtractor Library/Bee/artifacts/mvdfrm/UnityEngine.Physics2DModule.dll_907CBC80F2F68AE3.mvfrm
[ 29/399    0s] MovedFromExtractor Library/Bee/artifacts/mvdfrm/UnityEngine.MathematicsModule.dll_028128CBDC433770.mvfrm
[ 30/399    0s] MovedFromExtractor Library/Bee/artifacts/mvdfrm/UnityEngine.PerformanceReportingModule.dll_86D9C43A1077B7A8.mvfrm
[ 31/399    0s] MovedFromExtractor Library/Bee/artifacts/mvdfrm/UnityEngine.MultiplayerModule.dll_5D14977F2092CDB4.mvfrm
[ 32/399    0s] MovedFromExtractor Library/Bee/artifacts/mvdfrm/UnityEngine.InputModule.dll_87C58A4683589564.mvfrm
[ 33/399    0s] MovedFromExtractor Library/Bee/artifacts/mvdfrm/UnityEngine.LocalizationModule.dll_E63638CEF4AA6233.mvfrm
[ 34/399    0s] MovedFromExtractor Library/Bee/artifacts/mvdfrm/UnityEngine.InputLegacyModule.dll_6EB19610FFBCF62D.mvfrm
[ 35/399    0s] MovedFromExtractor Library/Bee/artifacts/mvdfrm/UnityEngine.IdentifiersModule.dll_B5F602E82A440E54.mvfrm
[ 36/399    0s] MovedFromExtractor Library/Bee/artifacts/mvdfrm/UnityEngine.PhysicsCore2DModule.dll_209AF0F7C85D9392.mvfrm
[ 37/399    0s] MovedFromExtractor Library/Bee/artifacts/mvdfrm/UnityEngine.InsightsModule.dll_DDABEA35C93E49C5.mvfrm
[ 38/399    0s] MovedFromExtractor Library/Bee/artifacts/mvdfrm/UnityEngine.InputForUIModule.dll_0411759EE4D1EDBD.mvfrm
[ 39/399    0s] MovedFromExtractor Library/Bee/artifacts/mvdfrm/UnityEngine.MarshallingModule.dll_85D519874BF36D8E.mvfrm
[ 40/399    0s] MovedFromExtractor Library/Bee/artifacts/mvdfrm/UnityEngine.JSONSerializeModule.dll_92EEA28868F3FF32.mvfrm
[ 41/399    0s] MovedFromExtractor Library/Bee/artifacts/mvdfrm/UnityEngine.ImageConversionModule.dll_B24CDD0140BFB2DB.mvfrm
[ 42/399    0s] MovedFromExtractor Library/Bee/artifacts/mvdfrm/UnityEngine.IMGUIModule.dll_59AF61FCD35204A1.mvfrm
[ 43/399    0s] MovedFromExtractor Library/Bee/artifacts/mvdfrm/UnityEngine.HotReloadModule.dll_C51F8A962D2CAED0.mvfrm
[ 44/399    0s] MovedFromExtractor Library/Bee/artifacts/mvdfrm/UnityEngine.HierarchyCoreModule.dll_A9F1B626D865F79E.mvfrm
[ 45/399    0s] MovedFromExtractor Library/Bee/artifacts/mvdfrm/UnityEngine.DirectorModule.dll_43E521A53EC0FA46.mvfrm
[ 46/399    0s] MovedFromExtractor Library/Bee/artifacts/mvdfrm/UnityEngine.DSPGraphModule.dll_4936830EB121CB67.mvfrm
[ 47/399    0s] MovedFromExtractor Library/Bee/artifacts/mvdfrm/UnityEngine.GIModule.dll_6D4C57D0BEC9D96C.mvfrm
[ 48/399    0s] MovedFromExtractor Library/Bee/artifacts/mvdfrm/UnityEngine.GameCenterModule.dll_015F1B8584B15101.mvfrm
[ 49/399    0s] MovedFromExtractor Library/Bee/artifacts/mvdfrm/UnityEngine.GridModule.dll_B506BE7249028FE0.mvfrm
[ 50/399    0s] MovedFromExtractor Library/Bee/artifacts/mvdfrm/UnityEngine.ClusterRendererModule.dll_465ADF50BE9AFAE7.mvfrm
[ 51/399    0s] MovedFromExtractor Library/Bee/artifacts/mvdfrm/UnityEngine.CrashReportingModule.dll_316D1BB9C7215921.mvfrm
[ 52/399    0s] MovedFromExtractor Library/Bee/artifacts/mvdfrm/UnityEngine.ContentLoadModule.dll_7682D433364DE829.mvfrm
[ 53/399    0s] MovedFromExtractor Library/Bee/artifacts/mvdfrm/UnityEngine.CoreModule.dll_D795A28430ADF9E9.mvfrm
[ 54/399    0s] MovedFromExtractor Library/Bee/artifacts/mvdfrm/UnityEngine.ClothModule.dll_88381F90E73D4FA4.mvfrm
[ 55/399    0s] MovedFromExtractor Library/Bee/artifacts/mvdfrm/UnityEngine.GraphicsStateCollectionSerializerModule.dll_7710D874067DF2D0.mvfrm
[ 56/399    0s] MovedFromExtractor Library/Bee/artifacts/mvdfrm/UnityEngine.ClusterInputModule.dll_A7E96E7C5D2E6F3A.mvfrm
[ 57/399    0s] MovedFromExtractor Library/Bee/artifacts/mvdfrm/UnityEngine.AnimationModule.dll_43D6CC9051F9934E.mvfrm
[ 58/399    0s] MovedFromExtractor Library/Bee/artifacts/mvdfrm/UnityEngine.AudioModule.dll_214FC2960D2070C0.mvfrm
[ 59/399    0s] MovedFromExtractor Library/Bee/artifacts/mvdfrm/UnityEngine.AssetBundleModule.dll_DD6C7AF267CB403C.mvfrm
[ 60/399    0s] MovedFromExtractor Library/Bee/artifacts/mvdfrm/UnityEngine.AndroidJNIModule.dll_D711D16ABE706010.mvfrm
[ 61/399    0s] MovedFromExtractor Library/Bee/artifacts/mvdfrm/UnityEngine.AccessibilityModule.dll_32D7194C69B89EA8.mvfrm
[ 62/399    0s] MovedFromExtractor Library/Bee/artifacts/mvdfrm/UnityEngine.AdaptivePerformanceModule.dll_98AB6EFFCE8C4C74.mvfrm
[ 63/399    0s] MovedFromExtractor Library/Bee/artifacts/mvdfrm/UnityEngine.ARModule.dll_8E82D3C68038501B.mvfrm
[ 64/399    0s] MovedFromExtractor Library/Bee/artifacts/mvdfrm/UnityEngine.AIModule.dll_D5100EC3231AF152.mvfrm
[ 65/399    0s] MovedFromExtractor Library/Bee/artifacts/mvdfrm/UnityEditor.VFXModule.dll_3DC351171ABC938D.mvfrm
[ 66/399    0s] MovedFromExtractor Library/Bee/artifacts/mvdfrm/UnityEditor.dll_1C0823CA43819E77.mvfrm
[ 67/399    0s] MovedFromExtractor Library/Bee/artifacts/mvdfrm/UnityEditor.VectorGraphicsModule.dll_60A2399FAB4CC6ED.mvfrm
[ 68/399    0s] MovedFromExtractor Library/Bee/artifacts/mvdfrm/UnityEditor.UIToolkitAuthoringModule.dll_6A2661F0D8E8763C.mvfrm
[ 69/399    0s] MovedFromExtractor Library/Bee/artifacts/mvdfrm/UnityEditor.VideoModule.dll_802C8A9C9E355BC0.mvfrm
[ 70/399    0s] MovedFromExtractor Library/Bee/artifacts/mvdfrm/UnityEditor.UmbraModule.dll_D5F7B24A68C9EB8E.mvfrm
[ 71/399    0s] MovedFromExtractor Library/Bee/artifacts/mvdfrm/UnityEditor.XRModule.dll_17A604EB3ED99609.mvfrm
[ 72/399    0s] MovedFromExtractor Library/Bee/artifacts/mvdfrm/UnityEditor.UIElementsModule.dll_58C8E8977550F13A.mvfrm
[ 73/399    0s] MovedFromExtractor Library/Bee/artifacts/mvdfrm/UnityEditor.UIElementsSamplesModule.dll_569401689735E1D3.mvfrm
[ 74/399    0s] MovedFromExtractor Library/Bee/artifacts/mvdfrm/UnityEditor.UIBuilderModule.dll_C9D9FD83EA5537DC.mvfrm
[ 75/399    0s] MovedFromExtractor Library/Bee/artifacts/mvdfrm/UnityEditor.UnityConnectModule.dll_284CF966ABA69C74.mvfrm
[ 76/399    0s] MovedFromExtractor Library/Bee/artifacts/mvdfrm/UnityEditor.UIAutomationModule.dll_DDB3DAE12336801A.mvfrm
[ 77/399    0s] MovedFromExtractor Library/Bee/artifacts/mvdfrm/UnityEditor.U2DModule.dll_699BFBFA5058F3EC.mvfrm
[ 78/399    0s] MovedFromExtractor Library/Bee/artifacts/mvdfrm/UnityEditor.TreeModule.dll_1220C440106E23FD.mvfrm
[ 79/399    0s] MovedFromExtractor Library/Bee/artifacts/mvdfrm/UnityEditor.TextRenderingModule.dll_49D4CFF0BB9F2864.mvfrm
[ 80/399    0s] MovedFromExtractor Library/Bee/artifacts/mvdfrm/UnityEditor.TilemapModule.dll_19910578159DF643.mvfrm
[ 81/399    0s] MovedFromExtractor Library/Bee/artifacts/mvdfrm/UnityEditor.TextCoreTextEngineModule.dll_7EB803D549E5AB9A.mvfrm
[ 82/399    0s] MovedFromExtractor Library/Bee/artifacts/mvdfrm/UnityEditor.TextCoreFontEngineModule.dll_36CFCD63BA61F27C.mvfrm
[ 83/399    0s] MovedFromExtractor Library/Bee/artifacts/mvdfrm/UnityEditor.SubstanceModule.dll_1F30DD41075496B5.mvfrm
[ 84/399    0s] MovedFromExtractor Library/Bee/artifacts/mvdfrm/UnityEditor.TerrainModule.dll_7A949DF6FDE1153A.mvfrm
[ 85/399    0s] MovedFromExtractor Library/Bee/artifacts/mvdfrm/UnityEditor.ShaderBuildSettingsModule.dll_E04220F266462AB1.mvfrm
[ 86/399    0s] MovedFromExtractor Library/Bee/artifacts/mvdfrm/UnityEditor.SpriteMaskModule.dll_E9DD20CDA3DCCD30.mvfrm
[ 87/399    0s] MovedFromExtractor Library/Bee/artifacts/mvdfrm/UnityEditor.SpriteShapeModule.dll_F107D8BE0B3367C1.mvfrm
[ 88/399    0s] MovedFromExtractor Library/Bee/artifacts/mvdfrm/UnityEditor.ShaderCompilationModule.dll_626263E07A39D6A3.mvfrm
[ 89/399    0s] MovedFromExtractor Library/Bee/artifacts/mvdfrm/UnityEditor.SafeModeModule.dll_48CE5F24BAF622BF.mvfrm
[ 90/399    0s] MovedFromExtractor Library/Bee/artifacts/mvdfrm/UnityEditor.PropertiesModule.dll_2DEBED7BF5589BF2.mvfrm
[ 91/399    0s] MovedFromExtractor Library/Bee/artifacts/mvdfrm/UnityEditor.SceneTemplateModule.dll_0031ADB56942770B.mvfrm
[ 92/399    0s] MovedFromExtractor Library/Bee/artifacts/mvdfrm/UnityEditor.ShaderFoundryModule.dll_3F117DF88BF1F399.mvfrm
[ 93/399    0s] MovedFromExtractor Library/Bee/artifacts/mvdfrm/UnityEditor.SketchUpModule.dll_30E344750627BED6.mvfrm
[ 94/399    0s] MovedFromExtractor Library/Bee/artifacts/mvdfrm/UnityEditor.SceneViewModule.dll_B401336F6CBF8BB6.mvfrm
[ 95/399    0s] MovedFromExtractor Library/Bee/artifacts/mvdfrm/UnityEditor.QuickSearchModule.dll_9983480105648B4A.mvfrm
[ 96/399    0s] MovedFromExtractor Library/Bee/artifacts/mvdfrm/UnityEditor.PresetsUIModule.dll_30B7894979F516AD.mvfrm
[ 97/399    0s] MovedFromExtractor Library/Bee/artifacts/mvdfrm/UnityEditor.PlayModeModule.dll_8EC250DE59BF3226.mvfrm
[ 98/399    0s] MovedFromExtractor Library/Bee/artifacts/mvdfrm/UnityEditor.ProjectAuditorModule.dll_140FADD06DDF1604.mvfrm
[ 99/399    0s] MovedFromExtractor Library/Bee/artifacts/mvdfrm/UnityEditor.PhysicsModule.dll_604E22882822CC4C.mvfrm
[100/399    0s] MovedFromExtractor Library/Bee/artifacts/mvdfrm/UnityEditor.Physics2DModule.dll_DA96CB980D76D8FE.mvfrm
[101/399    0s] MovedFromExtractor Library/Bee/artifacts/mvdfrm/UnityEditor.PhysicsCore2DModule.dll_9459FED04F65106D.mvfrm
[102/399    0s] MovedFromExtractor Library/Bee/artifacts/mvdfrm/UnityEditor.MediaModule.dll_26E31FC359EFC8A9.mvfrm
[103/399    0s] MovedFromExtractor Library/Bee/artifacts/mvdfrm/UnityEditor.MultiplayerModule.dll_574EC7F00E58BD2F.mvfrm
[104/399    0s] MovedFromExtractor Library/Bee/artifacts/mvdfrm/UnityEditor.MathematicsModule.dll_FCBB593CCA0926EB.mvfrm
[105/399    0s] MovedFromExtractor Library/Bee/artifacts/mvdfrm/UnityEditor.GridAndSnapModule.dll_182CAD752FF24BE0.mvfrm
[106/399    0s] MovedFromExtractor Library/Bee/artifacts/mvdfrm/UnityEngine.UnityWebRequestWWWModule.dll_C7D9C4844CA326D1.mvfrm
[107/399    0s] MovedFromExtractor Library/Bee/artifacts/mvdfrm/UnityEditor.GraphicsStateCollectionSerializerModule.dll_6E1D0B84397EA96B.mvfrm
[108/399    0s] MovedFromExtractor Library/Bee/artifacts/mvdfrm/UnityEditor.GridModule.dll_91E5EB1FA0FD24B5.mvfrm
[109/399    0s] MovedFromExtractor Library/Bee/artifacts/mvdfrm/UnityEditor.HierarchyModule.dll_62C55743357BFD6A.mvfrm
[110/399    0s] MovedFromExtractor Library/Bee/artifacts/mvdfrm/UnityEditor.GIModule.dll_2EDDC641534CA5A1.mvfrm
[111/399    0s] MovedFromExtractor Library/Bee/artifacts/mvdfrm/UnityEditor.LightingModule.dll_42D5D6A10DE1EBEB.mvfrm
[112/399    0s] MovedFromExtractor Library/Bee/artifacts/mvdfrm/UnityEditor.GraphViewModule.dll_75515067779CBEA8.mvfrm
[113/399    0s] MovedFromExtractor Library/Bee/artifacts/mvdfrm/UnityEditor.EditorToolbarModule.dll_DC923CF76A55CCD3.mvfrm
[114/399    0s] MovedFromExtractor Library/Bee/artifacts/mvdfrm/UnityEditor.EmbreeModule.dll_B119A315C5D95AC7.mvfrm
[115/399    0s] MovedFromExtractor Library/Bee/artifacts/mvdfrm/UnityEditor.GenericRemoteModule.dll_3C977D0052644482.mvfrm
[116/399    0s] MovedFromExtractor Library/Bee/artifacts/mvdfrm/UnityEditor.GraphToolkitModule.dll_48EFD09B7771E5DF.mvfrm
[117/399    0s] MovedFromExtractor Library/Bee/artifacts/mvdfrm/UnityEditor.DeviceSimulatorModule.dll_40AE1CDF4EDFED63.mvfrm
[118/399    0s] MovedFromExtractor Library/Bee/artifacts/mvdfrm/UnityEditor.DiagnosticsModule.dll_0E73C6F3AC8D8EF1.mvfrm
[119/399    0s] MovedFromExtractor Library/Bee/artifacts/mvdfrm/UnityEditor.CoreBusinessMetricsModule.dll_5806D3C3B98E2869.mvfrm
[120/399    0s] MovedFromExtractor Library/Bee/artifacts/mvdfrm/UnityEditor.ContentLoadModule.dll_70BD04A42413D7A4.mvfrm
[121/399    0s] MovedFromExtractor Library/Bee/artifacts/mvdfrm/UnityEditor.ClothModule.dll_C20B632CB5C01EFF.mvfrm
[122/399    0s] MovedFromExtractor Library/Bee/artifacts/mvdfrm/UnityEditor.BuildProfileModule.dll_2D12EBF086C2B75A.mvfrm
[123/399    0s] MovedFromExtractor Library/Bee/artifacts/mvdfrm/UnityEditor.CoreModule.dll_B474CF3188A88EBE.mvfrm
[124/399    0s] MovedFromExtractor Library/Bee/artifacts/mvdfrm/UnityEditor.AccessibilityModule.dll_A6962724F0C01B83.mvfrm
[125/399    0s] MovedFromExtractor Library/Bee/artifacts/mvdfrm/UnityEditor.AssetComplianceModule.dll_79892CCDC99BD190.mvfrm
[126/399    0s] MovedFromExtractor Library/Bee/artifacts/mvdfrm/UnityEditor.AdaptivePerformanceModule.dll_D81BDA499346F96F.mvfrm
[127/399    0s] MovedFromExtractor Library/Bee/artifacts/mvdfrm/UnityEngine.XRModule.dll_5614967AAA56C9D4.mvfrm
[128/399    0s] MovedFromExtractor Library/Bee/artifacts/mvdfrm/UnityEditor.AIModule.dll_96A17D33B79DBD87.mvfrm
[129/399    0s] MovedFromExtractor Library/Bee/artifacts/mvdfrm/UnityEngine.VirtualTexturingModule.dll_E460F111E1B08B47.mvfrm
[130/399    0s] MovedFromExtractor Library/Bee/artifacts/mvdfrm/Unity.Scripting.dll_70FF689A7A2209E3.mvfrm
[131/399    0s] MovedFromExtractor Library/Bee/artifacts/mvdfrm/UnityEngine.WindModule.dll_4DE47DACC1E47852.mvfrm
[132/399    0s] MovedFromExtractor Library/Bee/artifacts/mvdfrm/UnityEngine.VehiclesModule.dll_BBA81B24B8EAC9E1.mvfrm
[133/399    0s] MovedFromExtractor Library/Bee/artifacts/mvdfrm/UnityEngine.VectorGraphicsModule.dll_1BC69B3AC7395AF8.mvfrm
[134/399    0s] MovedFromExtractor Library/Bee/artifacts/mvdfrm/UnityEngine.VideoModule.dll_46594700CFB28C65.mvfrm
[135/399    0s] WriteText Library/Bee/artifacts/1900b0aE.dag/Unity.Burst.dll.mvfrm.rsp
[136/399    0s] WriteText Library/Bee/artifacts/1900b0aE.dag/Unity.Mathematics.dll.mvfrm.rsp
[137/399    0s] WriteText Library/Bee/artifacts/1900b0aE.dag/Unity.Burst.rsp
[138/399    0s] MovedFromExtractor Library/Bee/artifacts/mvdfrm/UnityEngine.dll_4EAC6AA2A1F52B5C.mvfrm
[139/399    0s] WriteText Library/Bee/artifacts/1900b0aE.dag/Unity.Mathematics.rsp
[140/399    0s] WriteText Library/Bee/artifacts/1900b0aE.dag/Unity.Collections.UnityAdditionalFile.txt
[141/399    0s] MovedFromExtractor Library/Bee/artifacts/mvdfrm/UnityEngine.VFXModule.dll_49E4F36A8A6CA192.mvfrm
[142/399    0s] WriteText Library/Bee/artifacts/1900b0aE.dag/Unity.Collections.rsp2
[143/399    0s] WriteText Library/Bee/artifacts/1900b0aE.dag/UnityEngine.TestRunner.UnityAdditionalFile.txt
[144/399    0s] WriteText Library/Bee/artifacts/1900b0aE.dag/UnityEngine.TestRunner.rsp2
[145/399    0s] WriteText Library/Bee/artifacts/1900b0aE.dag/Unity.Collections.dll.mvfrm.rsp
[146/399    0s] WriteText Library/Bee/artifacts/1900b0aE.dag/Unity.Collections.rsp
[147/399    0s] WriteText Library/Bee/artifacts/1900b0aE.dag/UnityEngine.TestRunner.dll.mvfrm.rsp
[148/399    0s] WriteText Library/Bee/artifacts/1900b0aE.dag/UnityEngine.TestRunner.rsp
[149/399    0s] WriteText Library/Bee/artifacts/1900b0aE.dag/Unity.Collections.CodeGen.rsp2
[150/399    0s] WriteText Library/Bee/artifacts/1900b0aE.dag/Unity.Burst.CodeGen.rsp2
[151/399    0s] WriteText Library/Bee/artifacts/1900b0aE.dag/Unity.Burst.CodeGen.UnityAdditionalFile.txt
[152/399    0s] WriteText Library/Bee/artifacts/1900b0aE.dag/Unity.Collections.CodeGen.UnityAdditionalFile.txt
[153/399    0s] MovedFromExtractor Library/Bee/artifacts/mvdfrm/UnityEditor.QuickInstallModule.dll_0BF23A2FC849258D.mvfrm
[154/399    0s] MovedFromExtractor Library/Bee/artifacts/mvdfrm/UnityEngine.UnityWebRequestAudioModule.dll_FED6181896E28240.mvfrm
[155/399    0s] WriteText Library/Bee/artifacts/1900b0aE.dag/UnityEditor.TestRunner.UnityAdditionalFile.txt
[156/399    0s] WriteText Library/Bee/artifacts/1900b0aE.dag/UnityEditor.TestRunner.rsp2
[157/399    0s] WriteText Library/Bee/artifacts/1900b0aE.dag/Yanagisawa.DataLayoutCalibrator.UnityAdditionalFile.txt
[158/399    0s] WriteText Library/Bee/artifacts/1900b0aE.dag/Yanagisawa.DataLayoutCalibrator.rsp2
[159/399    0s] MovedFromExtractor Library/Bee/artifacts/mvdfrm/UnityEngine.UnityCurlModule.dll_76F36DC1C20D853B.mvfrm
[160/399    0s] MovedFromExtractor Library/Bee/artifacts/mvdfrm/UnityEngine.UnityAnalyticsModule.dll_A41ED5CFE15A36AB.mvfrm
[161/399    0s] MovedFromExtractor Library/Bee/artifacts/mvdfrm/UnityEngine.UnityWebRequestModule.dll_C3EBE4AB4BB44D5A.mvfrm
[162/399    0s] MovedFromExtractor Library/Bee/artifacts/mvdfrm/UnityEngine.UnityWebRequestAssetBundleModule.dll_B9D79518F8AAE1BC.mvfrm
[163/399    0s] WriteText Library/Bee/artifacts/1900b0aE.dag/Unity.Burst.CodeGen.dll.mvfrm.rsp
[164/399    0s] WriteText Library/Bee/artifacts/1900b0aE.dag/Unity.Collections.CodeGen.dll.mvfrm.rsp
[165/399    0s] WriteText Library/Bee/artifacts/1900b0aE.dag/Unity.Burst.CodeGen.rsp
[166/399    0s] WriteText Library/Bee/artifacts/1900b0aE.dag/Unity.Collections.CodeGen.rsp
[167/399    0s] WriteText Library/Bee/artifacts/1900b0aE.dag/UnityEditor.TestRunner.dll.mvfrm.rsp
[168/399    0s] WriteText Library/Bee/artifacts/1900b0aE.dag/UnityEditor.TestRunner.rsp
[169/399    0s] MovedFromExtractor Library/Bee/artifacts/mvdfrm/UnityEngine.UnityWebRequestTextureModule.dll_BF30F0283F27E015.mvfrm
[170/399    0s] WriteText Library/Bee/artifacts/1900b0aE.dag/Yanagisawa.DataLayoutCalibrator.dll.mvfrm.rsp
[171/399    0s] WriteText Library/Bee/artifacts/1900b0aE.dag/Yanagisawa.DataLayoutCalibrator.rsp
[172/399    0s] WriteText Library/Bee/artifacts/1900b0aE.dag/Yanagisawa.DataLayoutCalibrator.Samples.ParticleIntegrate.UnityAdditionalFile.txt
[173/399    0s] WriteResponseFile Library/Bee/artifacts/rsp/4747638433968585886.rsp
[174/399    0s] WriteText Library/Bee/artifacts/1900b0aE.dag/Yanagisawa.DataLayoutCalibrator.Samples.ParticleIntegrate.rsp2
[175/399    0s] WriteText Library/Bee/artifacts/1900b0aE.dag/Yanagisawa.DataLayoutCalibrator.Samples.TransformExport.UnityAdditionalFile.txt
[176/399    0s] WriteText Library/Bee/artifacts/1900b0aE.dag/Yanagisawa.DataLayoutCalibrator.Samples.TransformExport.rsp2
[177/399    0s] WriteText Library/Bee/artifacts/1900b0aE.dag/Yanagisawa.DataLayoutCalibrator.Samples.AdditionalWorkloads.UnityAdditionalFile.txt
[178/399    0s] WriteText Library/Bee/artifacts/1900b0aE.dag/Yanagisawa.DataLayoutCalibrator.Samples.AdditionalWorkloads.rsp2
[179/399    0s] WriteText Library/Bee/artifacts/1900b0aE.dag/Yanagisawa.DataLayoutCalibrator.Samples.ParticleIntegrate.dll.mvfrm.rsp
[180/399    0s] WriteText Library/Bee/artifacts/1900b0aE.dag/Unity.PerformanceTesting.rsp2
[181/399    0s] WriteText Library/Bee/artifacts/1900b0aE.dag/Unity.PerformanceTesting.UnityAdditionalFile.txt
[182/399    0s] WriteText Library/Bee/artifacts/1900b0aE.dag/Unity.Multiplayer.Center.Common.rsp2
[183/399    0s] WriteText Library/Bee/artifacts/1900b0aE.dag/Unity.Multiplayer.Center.Common.UnityAdditionalFile.txt
[184/399    0s] WriteText Library/Bee/artifacts/1900b0aE.dag/Yanagisawa.DataLayoutCalibrator.Samples.AdditionalWorkloads.dll.mvfrm.rsp
[185/399    0s] WriteText Library/Bee/artifacts/1900b0aE.dag/Yanagisawa.DataLayoutCalibrator.Samples.ExternalWorkloads.UnityAdditionalFile.txt
[186/399    0s] WriteText Library/Bee/artifacts/1900b0aE.dag/Yanagisawa.DataLayoutCalibrator.Samples.TransformExport.dll.mvfrm.rsp
[187/399    0s] MovedFromExtractor Library/Bee/artifacts/mvdfrm/UnityEngine.UnityConsentModule.dll_E75214A1B339336F.mvfrm
[188/399    0s] WriteText Library/Bee/artifacts/1900b0aE.dag/Yanagisawa.DataLayoutCalibrator.Samples.ExternalWorkloads.rsp2
[189/399    0s] WriteText Library/Bee/artifacts/1900b0aE.dag/Unity.PerformanceTesting.dll.mvfrm.rsp
[190/399    0s] WriteText Library/Bee/artifacts/1900b0aE.dag/Yanagisawa.DataLayoutCalibrator.Samples.ParticleIntegrate.rsp
[191/399    0s] WriteText Library/Bee/artifacts/1900b0aE.dag/Unity.Multiplayer.Center.Common.dll.mvfrm.rsp
[192/399    0s] WriteText Library/Bee/artifacts/1900b0aE.dag/Yanagisawa.DataLayoutCalibrator.Samples.TransformExport.rsp
[193/399    0s] WriteText Library/Bee/artifacts/1900b0aE.dag/Yanagisawa.DataLayoutCalibrator.Samples.AdditionalWorkloads.rsp
[194/399    0s] WriteText Library/Bee/artifacts/1900b0aE.dag/Unity.Multiplayer.Center.Common.rsp
[195/399    0s] WriteText Library/Bee/artifacts/1900b0aE.dag/Yanagisawa.DataLayoutCalibrator.Samples.ExternalWorkloads.dll.mvfrm.rsp
[196/399    0s] WriteText Library/Bee/artifacts/1900b0aE.dag/Unity.PerformanceTesting.rsp
[197/399    0s] WriteText Library/Bee/artifacts/1900b0aE.dag/Yanagisawa.DataLayoutCalibrator.Benchmark.rsp2
[198/399    0s] WriteText Library/Bee/artifacts/1900b0aE.dag/Yanagisawa.DataLayoutCalibrator.Samples.ExternalWorkloads.rsp
[199/399    0s] WriteText Library/Bee/artifacts/1900b0aE.dag/Yanagisawa.DataLayoutCalibrator.Benchmark.UnityAdditionalFile.txt
[200/399    0s] WriteText Library/Bee/artifacts/1900b0aE.dag/Yanagisawa.DataLayoutCalibrator.Benchmark.dll.mvfrm.rsp
[201/399    0s] WriteText Library/Bee/artifacts/1900b0aE.dag/Yanagisawa.DataLayoutCalibrator.Benchmark.rsp
[202/399    0s] WriteText Library/Bee/artifacts/1900b0aE.dag/Yanagisawa.DataLayoutCalibrator.Benchmark.Editor.dll.mvfrm.rsp
[203/399    0s] WriteText Library/Bee/artifacts/1900b0aE.dag/Unity.PerformanceTesting.Editor.dll.mvfrm.rsp
[204/399    0s] WriteText Library/Bee/artifacts/1900b0aE.dag/Unity.Burst.Editor.dll.mvfrm.rsp
[205/399    0s] WriteText Library/Bee/artifacts/1900b0aE.dag/Unity.Collections.Editor.dll.mvfrm.rsp
[206/399    0s] WriteText Library/Bee/artifacts/1900b0aE.dag/Yanagisawa.DataLayoutCalibrator.Samples.TransformExport.Tests.Editor.dll.mvfrm.rsp
[207/399    0s] WriteText Library/Bee/artifacts/1900b0aE.dag/Yanagisawa.DataLayoutCalibrator.Tests.Editor.dll.mvfrm.rsp
[208/399    0s] WriteText Library/Bee/artifacts/1900b0aE.dag/Yanagisawa.DataLayoutCalibrator.Samples.AdditionalWorkloads.Tests.Editor.dll.mvfrm.rsp
[209/399    0s] WriteText Library/Bee/artifacts/1900b0aE.dag/Yanagisawa.DataLayoutCalibrator.Samples.ParticleIntegrate.Tests.Editor.dll.mvfrm.rsp
[210/399    0s] WriteText Library/Bee/artifacts/1900b0aE.dag/Unity.PerformanceTesting.Editor.UnityAdditionalFile.txt
[211/399    0s] WriteText Library/Bee/artifacts/1900b0aE.dag/Unity.Multiplayer.Center.Editor.dll.mvfrm.rsp
[212/399    0s] WriteText Library/Bee/artifacts/1900b0aE.dag/Yanagisawa.DataLayoutCalibrator.Samples.AdditionalWorkloads.Tests.Editor.UnityAdditionalFile.txt
[213/399    0s] WriteText Library/Bee/artifacts/1900b0aE.dag/Yanagisawa.DataLayoutCalibrator.Samples.ParticleIntegrate.Tests.Editor.rsp2
[214/399    0s] WriteText Library/Bee/artifacts/1900b0aE.dag/Yanagisawa.DataLayoutCalibrator.Samples.AdditionalWorkloads.Tests.Editor.rsp2
[215/399    0s] WriteText Library/Bee/artifacts/1900b0aE.dag/Unity.Multiplayer.Center.Editor.UnityAdditionalFile.txt
[216/399    0s] WriteText Library/Bee/artifacts/1900b0aE.dag/Unity.Burst.Editor.rsp2
[217/399    0s] WriteText Library/Bee/artifacts/1900b0aE.dag/Yanagisawa.DataLayoutCalibrator.Samples.ParticleIntegrate.Tests.Editor.UnityAdditionalFile.txt
[218/399    0s] WriteText Library/Bee/artifacts/1900b0aE.dag/Unity.Burst.Editor.UnityAdditionalFile.txt
[219/399    0s] MovedFromExtractor Library/Bee/artifacts/mvdfrm/UnityEngine.UnityConnectModule.dll_15AC7D75A62E9D1F.mvfrm
[220/399    0s] WriteText Library/Bee/artifacts/1900b0aE.dag/Unity.Collections.Editor.UnityAdditionalFile.txt
[221/399    0s] WriteText Library/Bee/artifacts/1900b0aE.dag/Unity.Multiplayer.Center.Editor.rsp2
[222/399    0s] WriteText Library/Bee/artifacts/1900b0aE.dag/Yanagisawa.DataLayoutCalibrator.Samples.TransformExport.Tests.Editor.UnityAdditionalFile.txt
[223/399    0s] WriteText Library/Bee/artifacts/1900b0aE.dag/Yanagisawa.DataLayoutCalibrator.Samples.TransformExport.Tests.Editor.rsp2
[224/399    0s] WriteText Library/Bee/artifacts/1900b0aE.dag/Unity.PerformanceTesting.Editor.rsp2
[225/399    0s] WriteText Library/Bee/artifacts/1900b0aE.dag/Yanagisawa.DataLayoutCalibrator.Benchmark.Editor.rsp2
[226/399    0s] WriteText Library/Bee/artifacts/1900b0aE.dag/Yanagisawa.DataLayoutCalibrator.Tests.Editor.UnityAdditionalFile.txt
[227/399    0s] WriteText Library/Bee/artifacts/1900b0aE.dag/Yanagisawa.DataLayoutCalibrator.Benchmark.Editor.UnityAdditionalFile.txt
[228/399    0s] WriteText Library/Bee/artifacts/1900b0aE.dag/Yanagisawa.DataLayoutCalibrator.Tests.Editor.rsp2
[229/399    0s] WriteText Library/Bee/artifacts/1900b0aE.dag/Unity.Collections.Editor.rsp2
[230/399    0s] WriteText Library/Bee/artifacts/1900b0aE.dag/Yanagisawa.DataLayoutCalibrator.Samples.ParticleIntegrate.Tests.Editor.rsp
[231/399    0s] WriteText Library/Bee/artifacts/1900b0aE.dag/Yanagisawa.DataLayoutCalibrator.Samples.TransformExport.Tests.Editor.rsp
[232/399    0s] WriteText Library/Bee/artifacts/1900b0aE.dag/Yanagisawa.DataLayoutCalibrator.Samples.AdditionalWorkloads.Tests.Editor.rsp
[233/399    0s] WriteText Library/Bee/artifacts/1900b0aE.dag/Yanagisawa.DataLayoutCalibrator.Tests.Editor.rsp
[234/399    0s] WriteText Library/Bee/artifacts/1900b0aE.dag/Unity.Multiplayer.Center.Editor.rsp
[235/399    0s] WriteText Library/Bee/artifacts/1900b0aE.dag/Unity.PerformanceTesting.Editor.rsp
[236/399    0s] WriteText Library/Bee/artifacts/1900b0aE.dag/Unity.Burst.Editor.rsp
[237/399    0s] WriteText Library/Bee/artifacts/1900b0aE.dag/Unity.Collections.Editor.rsp
[238/399    0s] WriteText Library/Bee/artifacts/1900b0aE.dag/Yanagisawa.DataLayoutCalibrator.Benchmark.Editor.rsp
[239/399    0s] WriteResponseFile Library/Bee/artifacts/rsp/13909235412005675431.rsp
[240/399    0s] WriteResponseFile Library/Bee/artifacts/rsp/2157608619508796868.rsp
[241/399    0s] WriteResponseFile Library/Bee/artifacts/rsp/11091894886958349808.rsp
[242/399    0s] WriteResponseFile Library/Bee/artifacts/rsp/13354563574836277378.rsp
[243/399    0s] WriteResponseFile Library/Bee/artifacts/rsp/8273759446914337924.rsp
[244/399    0s] WriteResponseFile Library/Bee/artifacts/rsp/7896431116894364725.rsp
[245/399    0s] WriteResponseFile Library/Bee/artifacts/rsp/14412142427250152426.rsp
[246/399    0s] WriteResponseFile Library/Bee/artifacts/rsp/10142702499866438521.rsp
[247/399    0s] WriteResponseFile Library/Bee/artifacts/rsp/5916180605834378387.rsp
[248/399    0s] WriteResponseFile Library/Bee/artifacts/rsp/1418726328684876121.rsp
[249/399    0s] WriteResponseFile Library/Bee/artifacts/rsp/8985129010274591923.rsp
[250/399    0s] WriteResponseFile Library/Bee/artifacts/rsp/13986889954699054386.rsp
[251/399    0s] WriteResponseFile Library/Bee/artifacts/rsp/11983448555424698632.rsp
[252/399    0s] MovedFromExtractor Library/Bee/artifacts/mvdfrm/UnityEngine.UnityAnalyticsCommonModule.dll_2218817E2A605606.mvfrm
[253/399    0s] WriteResponseFile Library/Bee/artifacts/rsp/6349597926445502166.rsp
[254/399    0s] WriteResponseFile Library/Bee/artifacts/rsp/4898448832051868398.rsp
[255/399    0s] WriteResponseFile Library/Bee/artifacts/rsp/12248871281822510316.rsp
[256/399    0s] WriteResponseFile Library/Bee/artifacts/rsp/29261204413134899.rsp
[257/399    0s] WriteResponseFile Library/Bee/artifacts/rsp/6262281476893245489.rsp
[258/399    0s] WriteResponseFile Library/Bee/artifacts/rsp/10831531723267835799.rsp
[259/399    0s] WriteResponseFile Library/Bee/artifacts/rsp/12900333509587573630.rsp
[260/399    0s] MovedFromExtractor Library/Bee/artifacts/mvdfrm/UnityEngine.UIModule.dll_D083ACF07F61F6FE.mvfrm
[261/399    0s] MovedFromExtractor Library/Bee/artifacts/mvdfrm/UnityEditor.WindowsStandalone.Extensions.dll_E686E7A8526F9CC2.mvfrm
[262/399    0s] MovedFromExtractor Library/Bee/artifacts/mvdfrm/UnityEditor.Graphs.dll_E8286160EA7EDAF0.mvfrm
[263/399    0s] MovedFromExtractor Library/Bee/artifacts/mvdfrm/Unity.Collections.LowLevel.ILSupport.dll_0DA839304028E421.mvfrm
[264/399    0s] MovedFromExtractor Library/Bee/artifacts/mvdfrm/UnityEngine.UmbraModule.dll_9C246EAE9A471C33.mvfrm
[265/399    0s] MovedFromExtractor Library/Bee/artifacts/mvdfrm/UnityEngine.UIElementsModule.dll_597755DF77950A85.mvfrm
[266/399    0s] MovedFromExtractor Library/Bee/artifacts/mvdfrm/UnityEngine.HierarchyModule.dll_18AB482C1AFBAF4F.mvfrm
[267/399    0s] MovedFromExtractor Library/Bee/artifacts/mvdfrm/Unity.Burst.Unsafe.dll_367F88A078579676.mvfrm
[268/399    0s] MovedFromExtractor Library/Bee/artifacts/mvdfrm/UnityEngine.AMDModule.dll_CA7697968CCEBCD2.mvfrm
[269/399    0s] MovedFromExtractor Library/Bee/artifacts/mvdfrm/UnityEngine.NVIDIAModule.dll_092ABAFD23767575.mvfrm
[270/399    0s] MovedFromExtractor Library/Bee/artifacts/mvdfrm/Unity.Burst.Cecil.Mdb.dll_6FD61030478D2B8A.mvfrm
[271/399    0s] MovedFromExtractor Library/Bee/artifacts/mvdfrm/Unity.Burst.Cecil.Pdb.dll_8728889FC6422D0D.mvfrm
[272/399    0s] MovedFromExtractor Library/Bee/artifacts/mvdfrm/Unity.Burst.Cecil.Rocks.dll_B7B051B9044B80CD.mvfrm
[273/399    0s] MovedFromExtractor Library/Bee/artifacts/mvdfrm/Unity.Burst.Cecil.dll_D730C687224B8D0D.mvfrm
[274/399    0s] MovedFromExtractor Library/Bee/artifacts/mvdfrm/Unity.CompilationPipeline.Common.dll_7A314F6FF162DFAC.mvfrm
[275/399    0s] MovedFromExtractor-Combine Library/Bee/artifacts/1900b0aE.dag/Yanagisawa.DataLayoutCalibrator.dll.mvfrm
[276/399    0s] MovedFromExtractor-Combine Library/Bee/artifacts/1900b0aE.dag/Unity.Mathematics.dll.mvfrm
[277/399    0s] MovedFromExtractor-Combine Library/Bee/artifacts/1900b0aE.dag/Unity.Multiplayer.Center.Common.dll.mvfrm
[278/399    0s] MovedFromExtractor-Combine Library/Bee/artifacts/1900b0aE.dag/Unity.Burst.dll.mvfrm
[279/399    0s] MovedFromExtractor-Combine Library/Bee/artifacts/1900b0aE.dag/UnityEngine.TestRunner.dll.mvfrm
[           0s] Csc Library/Bee/artifacts/1900b0aE.dag/Unity.Mathematics.dll (+2 others) [CacheMiss 8f7acc54741291a360a4fee1e147a36900000000000000000000000000000006]
[           0s] Csc Library/Bee/artifacts/1900b0aE.dag/UnityEngine.TestRunner.dll (+2 others) [CacheMiss 7d9ad3ebc075999f038315d5e45259ff00000000000000000000000000000006]
[           0s] Csc Library/Bee/artifacts/1900b0aE.dag/Unity.Multiplayer.Center.Common.dll (+2 others) [CacheMiss 21024a1d16689b355b5ab7fac5b67e8a00000000000000000000000000000006]
[           0s] Csc Library/Bee/artifacts/1900b0aE.dag/Unity.Burst.dll (+2 others) [CacheMiss 2d97036950c062939d8706a3db74cd9900000000000000000000000000000006]
[           0s] Csc Library/Bee/artifacts/1900b0aE.dag/Yanagisawa.DataLayoutCalibrator.dll (+2 others) [CacheMiss 272dc88017f54e995eb177d7b45e647b00000000000000000000000000000006]
[280/399    1s] Csc Library/Bee/artifacts/1900b0aE.dag/Unity.Mathematics.dll (+2 others)
[281/399    1s] Csc Library/Bee/artifacts/1900b0aE.dag/Unity.Multiplayer.Center.Common.dll (+2 others)
[           0s] Csc Library/Bee/artifacts/1900b0aE.dag/Unity.Mathematics.dll (+2 others) [CacheWrite 8f7acc54741291a360a4fee1e147a36900000000000000000000000000000006]
[           0s] Csc Library/Bee/artifacts/1900b0aE.dag/Unity.Multiplayer.Center.Common.dll (+2 others) [CacheWrite 21024a1d16689b355b5ab7fac5b67e8a00000000000000000000000000000006]
[282/399    0s] MovedFromExtractor Library/Bee/artifacts/mvdfrm/Unity.Multiplayer.Center.Common.ref.dll_EE36537354EA42C8.mvfrm
[283/399    0s] MovedFromExtractor Library/Bee/artifacts/mvdfrm/Unity.Mathematics.ref.dll_E8EFDB1B8D5C174E.mvfrm
[284/399    1s] Csc Library/Bee/artifacts/1900b0aE.dag/Yanagisawa.DataLayoutCalibrator.dll (+2 others)
[           0s] Csc Library/Bee/artifacts/1900b0aE.dag/Yanagisawa.DataLayoutCalibrator.dll (+2 others) [CacheWrite 272dc88017f54e995eb177d7b45e647b00000000000000000000000000000006]
[285/399    1s] Csc Library/Bee/artifacts/1900b0aE.dag/UnityEngine.TestRunner.dll (+2 others)
[           0s] Csc Library/Bee/artifacts/1900b0aE.dag/UnityEngine.TestRunner.dll (+2 others) [CacheWrite 7d9ad3ebc075999f038315d5e45259ff00000000000000000000000000000006]
[286/399    0s] CopyFiles Library/ScriptAssemblies/UnityEngine.TestRunner.pdb
[287/399    0s] CopyFiles Library/ScriptAssemblies/UnityEngine.TestRunner.dll
[288/399    0s] MovedFromExtractor Library/Bee/artifacts/mvdfrm/UnityEngine.TestRunner.ref.dll_E55D0F7C63F01D9E.mvfrm
[289/399    0s] MovedFromExtractor-Combine Library/Bee/artifacts/1900b0aE.dag/Unity.PerformanceTesting.dll.mvfrm
[290/399    0s] MovedFromExtractor-Combine Library/Bee/artifacts/1900b0aE.dag/UnityEditor.TestRunner.dll.mvfrm
[291/399    2s] Csc Library/Bee/artifacts/1900b0aE.dag/Unity.Burst.dll (+2 others)
[           0s] Csc Library/Bee/artifacts/1900b0aE.dag/Unity.PerformanceTesting.dll (+2 others) [CacheMiss 156a6a8c28d2d433ada0591a830e5bc800000000000000000000000000000006]
[           0s] Csc Library/Bee/artifacts/1900b0aE.dag/UnityEditor.TestRunner.dll (+2 others) [CacheMiss 4483760d67be29e6bd7026f55fdab63100000000000000000000000000000006]
[           0s] Csc Library/Bee/artifacts/1900b0aE.dag/Unity.Burst.dll (+2 others) [CacheWrite 2d97036950c062939d8706a3db74cd9900000000000000000000000000000006]
[292/399    0s] MovedFromExtractor Library/Bee/artifacts/mvdfrm/Unity.Burst.ref.dll_F30DFA20C0DD1968.mvfrm
[293/399    0s] Csc Library/Bee/artifacts/1900b0aE.dag/Unity.PerformanceTesting.dll (+2 others)
[294/399    0s] MovedFromExtractor-Combine Library/Bee/artifacts/1900b0aE.dag/Unity.Burst.CodeGen.dll.mvfrm
[295/399    0s] MovedFromExtractor-Combine Library/Bee/artifacts/1900b0aE.dag/Unity.Collections.dll.mvfrm
[           0s] Csc Library/Bee/artifacts/1900b0aE.dag/Unity.PerformanceTesting.dll (+2 others) [CacheWrite 156a6a8c28d2d433ada0591a830e5bc800000000000000000000000000000006]
[           0s] Csc Library/Bee/artifacts/1900b0aE.dag/Unity.Burst.CodeGen.dll (+2 others) [CacheMiss fc4f9a243d99f9a8647b29704079b44300000000000000000000000000000006]
[           0s] Csc Library/Bee/artifacts/1900b0aE.dag/Unity.Collections.dll (+2 others) [CacheMiss 3154e1a968560375d3e33d72a7bfdb8d00000000000000000000000000000006]
[296/399    0s] MovedFromExtractor Library/Bee/artifacts/mvdfrm/Unity.PerformanceTesting.ref.dll_F99DC928B1D72E5E.mvfrm
[297/399    0s] Csc Library/Bee/artifacts/1900b0aE.dag/UnityEditor.TestRunner.dll (+2 others)
[298/399    0s] Csc Library/Bee/artifacts/1900b0aE.dag/Unity.Burst.CodeGen.dll (+2 others)
[           0s] Csc Library/Bee/artifacts/1900b0aE.dag/Unity.Burst.CodeGen.dll (+2 others) [CacheWrite fc4f9a243d99f9a8647b29704079b44300000000000000000000000000000006]
[           0s] Csc Library/Bee/artifacts/1900b0aE.dag/UnityEditor.TestRunner.dll (+2 others) [CacheWrite 4483760d67be29e6bd7026f55fdab63100000000000000000000000000000006]
[299/399    0s] CopyFiles Library/ScriptAssemblies/Unity.Burst.CodeGen.pdb
[300/399    0s] CopyFiles Library/ScriptAssemblies/UnityEditor.TestRunner.pdb
[301/399    0s] MovedFromExtractor Library/Bee/artifacts/mvdfrm/UnityEditor.TestRunner.ref.dll_193EC4CE382CBFB3.mvfrm
[302/399    0s] CopyFiles Library/ScriptAssemblies/Unity.Burst.CodeGen.dll
[303/399    0s] CopyFiles Library/ScriptAssemblies/UnityEditor.TestRunner.dll
[304/399    0s] MovedFromExtractor-Combine Library/Bee/artifacts/1900b0aE.dag/Yanagisawa.DataLayoutCalibrator.Benchmark.Editor.dll.mvfrm
[305/399    0s] MovedFromExtractor-Combine Library/Bee/artifacts/1900b0aE.dag/Unity.PerformanceTesting.Editor.dll.mvfrm
[306/399    0s] MovedFromExtractor-Combine Library/Bee/artifacts/1900b0aE.dag/Unity.Burst.Editor.dll.mvfrm
[307/399    0s] MovedFromExtractor-Combine Library/Bee/artifacts/1900b0aE.dag/Unity.Multiplayer.Center.Editor.dll.mvfrm
[           0s] Csc Library/Bee/artifacts/1900b0aE.dag/Unity.Multiplayer.Center.Editor.dll (+2 others) [CacheMiss 7d56544b306b444449e17c08a523319100000000000000000000000000000006]
[           0s] Csc Library/Bee/artifacts/1900b0aE.dag/Unity.Burst.Editor.dll (+2 others) [CacheMiss f7b436ca014fd5833413b045ba3b494200000000000000000000000000000006]
[           0s] Csc Library/Bee/artifacts/1900b0aE.dag/Unity.PerformanceTesting.Editor.dll (+2 others) [CacheMiss 07d72f873a23d664760a1cdcc42b690100000000000000000000000000000006]
[308/399    0s] Csc Library/Bee/artifacts/1900b0aE.dag/Unity.Multiplayer.Center.Editor.dll (+2 others)
[309/399    0s] Csc Library/Bee/artifacts/1900b0aE.dag/Unity.PerformanceTesting.Editor.dll (+2 others)
[           0s] Csc Library/Bee/artifacts/1900b0aE.dag/Unity.PerformanceTesting.Editor.dll (+2 others) [CacheWrite 07d72f873a23d664760a1cdcc42b690100000000000000000000000000000006]
[           0s] Csc Library/Bee/artifacts/1900b0aE.dag/Unity.Multiplayer.Center.Editor.dll (+2 others) [CacheWrite 7d56544b306b444449e17c08a523319100000000000000000000000000000006]
[310/399    1s] Csc Library/Bee/artifacts/1900b0aE.dag/Unity.Collections.dll (+2 others)
[           0s] Csc Library/Bee/artifacts/1900b0aE.dag/Unity.Collections.dll (+2 others) [CacheWrite 3154e1a968560375d3e33d72a7bfdb8d00000000000000000000000000000006]
[311/399    0s] MovedFromExtractor Library/Bee/artifacts/mvdfrm/Unity.Collections.ref.dll_656D7410E7809ECD.mvfrm
[312/399    0s] MovedFromExtractor-Combine Library/Bee/artifacts/1900b0aE.dag/Yanagisawa.DataLayoutCalibrator.Benchmark.dll.mvfrm
[313/399    0s] MovedFromExtractor-Combine Library/Bee/artifacts/1900b0aE.dag/Yanagisawa.DataLayoutCalibrator.Tests.Editor.dll.mvfrm
[314/399    0s] MovedFromExtractor-Combine Library/Bee/artifacts/1900b0aE.dag/Yanagisawa.DataLayoutCalibrator.Samples.ExternalWorkloads.dll.mvfrm
[315/399    0s] MovedFromExtractor-Combine Library/Bee/artifacts/1900b0aE.dag/Yanagisawa.DataLayoutCalibrator.Samples.TransformExport.Tests.Editor.dll.mvfrm
[316/399    0s] MovedFromExtractor-Combine Library/Bee/artifacts/1900b0aE.dag/Yanagisawa.DataLayoutCalibrator.Samples.AdditionalWorkloads.Tests.Editor.dll.mvfrm
[317/399    0s] MovedFromExtractor-Combine Library/Bee/artifacts/1900b0aE.dag/Unity.Collections.CodeGen.dll.mvfrm
[318/399    0s] MovedFromExtractor-Combine Library/Bee/artifacts/1900b0aE.dag/Unity.Collections.Editor.dll.mvfrm
[319/399    0s] MovedFromExtractor-Combine Library/Bee/artifacts/1900b0aE.dag/Yanagisawa.DataLayoutCalibrator.Samples.TransformExport.dll.mvfrm
[320/399    0s] MovedFromExtractor-Combine Library/Bee/artifacts/1900b0aE.dag/Yanagisawa.DataLayoutCalibrator.Samples.AdditionalWorkloads.dll.mvfrm
[321/399    0s] MovedFromExtractor-Combine Library/Bee/artifacts/1900b0aE.dag/Yanagisawa.DataLayoutCalibrator.Samples.ParticleIntegrate.dll.mvfrm
[322/399    0s] MovedFromExtractor-Combine Library/Bee/artifacts/1900b0aE.dag/Yanagisawa.DataLayoutCalibrator.Samples.ParticleIntegrate.Tests.Editor.dll.mvfrm
[           0s] Csc Library/Bee/artifacts/1900b0aE.dag/Yanagisawa.DataLayoutCalibrator.Samples.ExternalWorkloads.dll (+2 others) [CacheMiss 4c43d671b2d7488f238158250666a49600000000000000000000000000000006]
[           0s] Csc Library/Bee/artifacts/1900b0aE.dag/Yanagisawa.DataLayoutCalibrator.Tests.Editor.dll (+2 others) [CacheMiss a430f67a54620f09f3e382be84c4f53d00000000000000000000000000000006]
[           0s] Csc Library/Bee/artifacts/1900b0aE.dag/Unity.Collections.CodeGen.dll (+2 others) [CacheMiss 87294e5493783ceb0c112ca203b7d9eb00000000000000000000000000000006]
[           0s] Csc Library/Bee/artifacts/1900b0aE.dag/Unity.Collections.Editor.dll (+2 others) [CacheMiss 9033a6e4400ae657c90d5ac9c6aa8bbe00000000000000000000000000000006]
[           0s] Csc Library/Bee/artifacts/1900b0aE.dag/Yanagisawa.DataLayoutCalibrator.Samples.TransformExport.dll (+2 others) [CacheMiss 91ee9beed74a85b15fcc125af59f373000000000000000000000000000000006]
[           0s] Csc Library/Bee/artifacts/1900b0aE.dag/Yanagisawa.DataLayoutCalibrator.Samples.ParticleIntegrate.dll (+2 others) [CacheMiss 6ce6d966895d2b617b8479f2e715df1400000000000000000000000000000006]
[           0s] Csc Library/Bee/artifacts/1900b0aE.dag/Yanagisawa.DataLayoutCalibrator.Samples.AdditionalWorkloads.dll (+2 others) [CacheMiss 3b2009015b64a387cce85318e08ad74300000000000000000000000000000006]
[323/399    0s] Csc Library/Bee/artifacts/1900b0aE.dag/Unity.Collections.Editor.dll (+2 others)
[324/399    0s] Csc Library/Bee/artifacts/1900b0aE.dag/Yanagisawa.DataLayoutCalibrator.Samples.ExternalWorkloads.dll (+2 others)
[325/399    0s] Csc Library/Bee/artifacts/1900b0aE.dag/Unity.Collections.CodeGen.dll (+2 others)
[326/399    0s] Csc Library/Bee/artifacts/1900b0aE.dag/Yanagisawa.DataLayoutCalibrator.Samples.TransformExport.dll (+2 others)
[           0s] Csc Library/Bee/artifacts/1900b0aE.dag/Unity.Collections.Editor.dll (+2 others) [CacheWrite 9033a6e4400ae657c90d5ac9c6aa8bbe00000000000000000000000000000006]
[           0s] Csc Library/Bee/artifacts/1900b0aE.dag/Yanagisawa.DataLayoutCalibrator.Samples.ExternalWorkloads.dll (+2 others) [CacheWrite 4c43d671b2d7488f238158250666a49600000000000000000000000000000006]
[           0s] Csc Library/Bee/artifacts/1900b0aE.dag/Yanagisawa.DataLayoutCalibrator.Samples.TransformExport.dll (+2 others) [CacheWrite 91ee9beed74a85b15fcc125af59f373000000000000000000000000000000006]
[           0s] Csc Library/Bee/artifacts/1900b0aE.dag/Unity.Collections.CodeGen.dll (+2 others) [CacheWrite 87294e5493783ceb0c112ca203b7d9eb00000000000000000000000000000006]
[327/399    0s] CopyFiles Library/ScriptAssemblies/Unity.Collections.CodeGen.pdb
[328/399    0s] CopyFiles Library/ScriptAssemblies/Unity.Collections.CodeGen.dll
[329/399    0s] Csc Library/Bee/artifacts/1900b0aE.dag/Yanagisawa.DataLayoutCalibrator.Samples.AdditionalWorkloads.dll (+2 others)
[330/399    0s] Csc Library/Bee/artifacts/1900b0aE.dag/Yanagisawa.DataLayoutCalibrator.Tests.Editor.dll (+2 others)
[331/399    0s] Csc Library/Bee/artifacts/1900b0aE.dag/Yanagisawa.DataLayoutCalibrator.Samples.ParticleIntegrate.dll (+2 others)
[           0s] Csc Library/Bee/artifacts/1900b0aE.dag/Yanagisawa.DataLayoutCalibrator.Samples.TransformExport.Tests.Editor.dll (+2 others) [CacheMiss fb3798b476b19a6cbdde33716e0797cf00000000000000000000000000000006]
[           0s] Csc Library/Bee/artifacts/1900b0aE.dag/Yanagisawa.DataLayoutCalibrator.Tests.Editor.dll (+2 others) [CacheWrite a430f67a54620f09f3e382be84c4f53d00000000000000000000000000000006]
[           0s] Csc Library/Bee/artifacts/1900b0aE.dag/Yanagisawa.DataLayoutCalibrator.Samples.AdditionalWorkloads.dll (+2 others) [CacheWrite 3b2009015b64a387cce85318e08ad74300000000000000000000000000000006]
[           0s] Csc Library/Bee/artifacts/1900b0aE.dag/Yanagisawa.DataLayoutCalibrator.Samples.ParticleIntegrate.dll (+2 others) [CacheWrite 6ce6d966895d2b617b8479f2e715df1400000000000000000000000000000006]
[           0s] Csc Library/Bee/artifacts/1900b0aE.dag/Yanagisawa.DataLayoutCalibrator.Samples.AdditionalWorkloads.Tests.Editor.dll (+2 others) [CacheMiss 744436d33b8cfed2c3bc1d38fa3baaeb00000000000000000000000000000006]
[           0s] Csc Library/Bee/artifacts/1900b0aE.dag/Yanagisawa.DataLayoutCalibrator.Samples.ParticleIntegrate.Tests.Editor.dll (+2 others) [CacheMiss 9a90b51ec4c5c4f68aa3819c65e93bcf00000000000000000000000000000006]
[332/399    0s] ILPP-Configuration Library/ilpp-configuration.nevergeneratedoutput
[333/399    0s] Csc Library/Bee/artifacts/1900b0aE.dag/Yanagisawa.DataLayoutCalibrator.Samples.TransformExport.Tests.Editor.dll (+2 others)
[           0s] Csc Library/Bee/artifacts/1900b0aE.dag/Yanagisawa.DataLayoutCalibrator.Samples.TransformExport.Tests.Editor.dll (+2 others) [CacheWrite fb3798b476b19a6cbdde33716e0797cf00000000000000000000000000000006]
[334/399    0s] Csc Library/Bee/artifacts/1900b0aE.dag/Yanagisawa.DataLayoutCalibrator.Samples.AdditionalWorkloads.Tests.Editor.dll (+2 others)
[335/399    0s] Csc Library/Bee/artifacts/1900b0aE.dag/Yanagisawa.DataLayoutCalibrator.Benchmark.dll (+2 others)
[336/399    0s] Csc Library/Bee/artifacts/1900b0aE.dag/Yanagisawa.DataLayoutCalibrator.Samples.ParticleIntegrate.Tests.Editor.dll (+2 others)
[           0s] Csc Library/Bee/artifacts/1900b0aE.dag/Yanagisawa.DataLayoutCalibrator.Samples.AdditionalWorkloads.Tests.Editor.dll (+2 others) [CacheWrite 744436d33b8cfed2c3bc1d38fa3baaeb00000000000000000000000000000006]
[           0s] Csc Library/Bee/artifacts/1900b0aE.dag/Yanagisawa.DataLayoutCalibrator.Samples.ParticleIntegrate.Tests.Editor.dll (+2 others) [CacheWrite 9a90b51ec4c5c4f68aa3819c65e93bcf00000000000000000000000000000006]
[337/399    2s] Csc Library/Bee/artifacts/1900b0aE.dag/Unity.Burst.Editor.dll (+2 others)
[338/399    0s] ILPostProcess Library/Bee/artifacts/1900b0aE.dag/post-processed/Yanagisawa.DataLayoutCalibrator.dll (+pdb)
Processing assembly Library/Bee/artifacts/1900b0aE.dag/Yanagisawa.DataLayoutCalibrator.dll, with 141 defines and 135 references

processors: Unity.Jobs.CodeGen.JobsILPostProcessor, zzzUnity.Burst.CodeGen.BurstILPostProcessor

running Unity.Jobs.CodeGen.JobsILPostProcessor

running zzzUnity.Burst.CodeGen.BurstILPostProcessor
[339/399    0s] Csc Library/Bee/artifacts/1900b0aE.dag/Yanagisawa.DataLayoutCalibrator.Benchmark.Editor.dll (+2 others)
[340/399    0s] ILPostProcess Library/Bee/artifacts/1900b0aE.dag/post-processed/Yanagisawa.DataLayoutCalibrator.Tests.Editor.dll (+pdb)
Processing assembly Library/Bee/artifacts/1900b0aE.dag/Yanagisawa.DataLayoutCalibrator.Tests.Editor.dll, with 139 defines and 291 references

processors: Unity.Jobs.CodeGen.JobsILPostProcessor, zzzUnity.Burst.CodeGen.BurstILPostProcessor

running Unity.Jobs.CodeGen.JobsILPostProcessor

running zzzUnity.Burst.CodeGen.BurstILPostProcessor
[341/399    0s] ILPostProcess Library/Bee/artifacts/1900b0aE.dag/post-processed/Yanagisawa.DataLayoutCalibrator.Samples.ParticleIntegrate.Tests.Editor.dll (+pdb)
Processing assembly Library/Bee/artifacts/1900b0aE.dag/Yanagisawa.DataLayoutCalibrator.Samples.ParticleIntegrate.Tests.Editor.dll, with 139 defines and 292 references

processors: Unity.Jobs.CodeGen.JobsILPostProcessor, zzzUnity.Burst.CodeGen.BurstILPostProcessor

running Unity.Jobs.CodeGen.JobsILPostProcessor

running zzzUnity.Burst.CodeGen.BurstILPostProcessor
[342/399    0s] ILPostProcess Library/Bee/artifacts/1900b0aE.dag/post-processed/Yanagisawa.DataLayoutCalibrator.Samples.ExternalWorkloads.dll (+pdb)
Processing assembly Library/Bee/artifacts/1900b0aE.dag/Yanagisawa.DataLayoutCalibrator.Samples.ExternalWorkloads.dll, with 141 defines and 285 references

processors: Unity.Jobs.CodeGen.JobsILPostProcessor, zzzUnity.Burst.CodeGen.BurstILPostProcessor

running Unity.Jobs.CodeGen.JobsILPostProcessor

running zzzUnity.Burst.CodeGen.BurstILPostProcessor
[343/399    0s] ILPostProcess Library/Bee/artifacts/1900b0aE.dag/post-processed/Yanagisawa.DataLayoutCalibrator.Samples.AdditionalWorkloads.dll (+pdb)
Processing assembly Library/Bee/artifacts/1900b0aE.dag/Yanagisawa.DataLayoutCalibrator.Samples.AdditionalWorkloads.dll, with 141 defines and 286 references

processors: Unity.Jobs.CodeGen.JobsILPostProcessor, zzzUnity.Burst.CodeGen.BurstILPostProcessor

running Unity.Jobs.CodeGen.JobsILPostProcessor

running zzzUnity.Burst.CodeGen.BurstILPostProcessor
[344/399    0s] ILPostProcess Library/Bee/artifacts/1900b0aE.dag/post-processed/Unity.PerformanceTesting.Editor.dll (+pdb)
Processing assembly Library/Bee/artifacts/1900b0aE.dag/Unity.PerformanceTesting.Editor.dll, with 140 defines and 289 references

processors: Unity.Jobs.CodeGen.JobsILPostProcessor, zzzUnity.Burst.CodeGen.BurstILPostProcessor

running Unity.Jobs.CodeGen.JobsILPostProcessor

running zzzUnity.Burst.CodeGen.BurstILPostProcessor
[345/399    0s] ILPostProcess Library/Bee/artifacts/1900b0aE.dag/post-processed/Yanagisawa.DataLayoutCalibrator.Samples.TransformExport.dll (+pdb)
Processing assembly Library/Bee/artifacts/1900b0aE.dag/Yanagisawa.DataLayoutCalibrator.Samples.TransformExport.dll, with 141 defines and 286 references

processors: Unity.Jobs.CodeGen.JobsILPostProcessor, zzzUnity.Burst.CodeGen.BurstILPostProcessor

running Unity.Jobs.CodeGen.JobsILPostProcessor

running zzzUnity.Burst.CodeGen.BurstILPostProcessor
[346/399    0s] ILPostProcess Library/Bee/artifacts/1900b0aE.dag/post-processed/Unity.Multiplayer.Center.Editor.dll (+pdb)
Processing assembly Library/Bee/artifacts/1900b0aE.dag/Unity.Multiplayer.Center.Editor.dll, with 139 defines and 292 references

processors: Unity.Jobs.CodeGen.JobsILPostProcessor, zzzUnity.Burst.CodeGen.BurstILPostProcessor

running Unity.Jobs.CodeGen.JobsILPostProcessor

running zzzUnity.Burst.CodeGen.BurstILPostProcessor
[347/399    0s] ILPostProcess Library/Bee/artifacts/1900b0aE.dag/post-processed/Yanagisawa.DataLayoutCalibrator.Samples.TransformExport.Tests.Editor.dll (+pdb)
Processing assembly Library/Bee/artifacts/1900b0aE.dag/Yanagisawa.DataLayoutCalibrator.Samples.TransformExport.Tests.Editor.dll, with 139 defines and 292 references

processors: Unity.Jobs.CodeGen.JobsILPostProcessor, zzzUnity.Burst.CodeGen.BurstILPostProcessor

running Unity.Jobs.CodeGen.JobsILPostProcessor

running zzzUnity.Burst.CodeGen.BurstILPostProcessor
[348/399    0s] ILPostProcess Library/Bee/artifacts/1900b0aE.dag/post-processed/Unity.Mathematics.dll (+pdb)
Processing assembly Library/Bee/artifacts/1900b0aE.dag/Unity.Mathematics.dll, with 141 defines and 282 references

processors: Unity.Jobs.CodeGen.JobsILPostProcessor, zzzUnity.Burst.CodeGen.BurstILPostProcessor

running Unity.Jobs.CodeGen.JobsILPostProcessor

running zzzUnity.Burst.CodeGen.BurstILPostProcessor
[349/399    0s] ILPostProcess Library/Bee/artifacts/1900b0aE.dag/post-processed/Unity.PerformanceTesting.dll (+pdb)
Processing assembly Library/Bee/artifacts/1900b0aE.dag/Unity.PerformanceTesting.dll, with 142 defines and 279 references

processors: Unity.Jobs.CodeGen.JobsILPostProcessor, zzzUnity.Burst.CodeGen.BurstILPostProcessor

running Unity.Jobs.CodeGen.JobsILPostProcessor

running zzzUnity.Burst.CodeGen.BurstILPostProcessor
[350/399    0s] CopyFiles Library/ScriptAssemblies/Yanagisawa.DataLayoutCalibrator.dll
[351/399    0s] CopyFiles Library/ScriptAssemblies/Yanagisawa.DataLayoutCalibrator.Tests.Editor.pdb
[352/399    0s] CopyFiles Library/ScriptAssemblies/Unity.PerformanceTesting.Editor.pdb
[353/399    0s] CopyFiles Library/ScriptAssemblies/Unity.Multiplayer.Center.Editor.pdb
[354/399    0s] CopyFiles Library/ScriptAssemblies/Unity.PerformanceTesting.pdb
[355/399    0s] CopyFiles Library/ScriptAssemblies/Yanagisawa.DataLayoutCalibrator.Samples.TransformExport.Tests.Editor.pdb
[356/399    0s] CopyFiles Library/ScriptAssemblies/Yanagisawa.DataLayoutCalibrator.Samples.ParticleIntegrate.Tests.Editor.pdb
[357/399    0s] CopyFiles Library/ScriptAssemblies/Unity.Mathematics.pdb
[358/399    0s] CopyFiles Library/ScriptAssemblies/Yanagisawa.DataLayoutCalibrator.Samples.TransformExport.pdb
[359/399    0s] CopyFiles Library/ScriptAssemblies/Yanagisawa.DataLayoutCalibrator.Samples.ExternalWorkloads.pdb
[360/399    0s] CopyFiles Library/ScriptAssemblies/Yanagisawa.DataLayoutCalibrator.Samples.AdditionalWorkloads.pdb
[361/399    0s] CopyFiles Library/ScriptAssemblies/Yanagisawa.DataLayoutCalibrator.pdb
[362/399    0s] ILPostProcess Library/Bee/artifacts/1900b0aE.dag/post-processed/Unity.Multiplayer.Center.Common.dll (+pdb)
Processing assembly Library/Bee/artifacts/1900b0aE.dag/Unity.Multiplayer.Center.Common.dll, with 141 defines and 282 references

processors: Unity.Jobs.CodeGen.JobsILPostProcessor, zzzUnity.Burst.CodeGen.BurstILPostProcessor

running Unity.Jobs.CodeGen.JobsILPostProcessor

running zzzUnity.Burst.CodeGen.BurstILPostProcessor
[363/399    0s] ILPostProcess Library/Bee/artifacts/1900b0aE.dag/post-processed/Unity.Burst.dll (+pdb)
Processing assembly Library/Bee/artifacts/1900b0aE.dag/Unity.Burst.dll, with 141 defines and 280 references

processors: Unity.Jobs.CodeGen.JobsILPostProcessor, zzzUnity.Burst.CodeGen.BurstILPostProcessor

running Unity.Jobs.CodeGen.JobsILPostProcessor

running zzzUnity.Burst.CodeGen.BurstILPostProcessor
[364/399    0s] ILPostProcess Library/Bee/artifacts/1900b0aE.dag/post-processed/Unity.Collections.Editor.dll (+pdb)
Processing assembly Library/Bee/artifacts/1900b0aE.dag/Unity.Collections.Editor.dll, with 140 defines and 292 references

processors: Unity.Jobs.CodeGen.JobsILPostProcessor, zzzUnity.Burst.CodeGen.BurstILPostProcessor

running Unity.Jobs.CodeGen.JobsILPostProcessor

running zzzUnity.Burst.CodeGen.BurstILPostProcessor
[365/399    0s] ILPostProcess Library/Bee/artifacts/1900b0aE.dag/post-processed/Yanagisawa.DataLayoutCalibrator.Benchmark.dll (+pdb)
Processing assembly Library/Bee/artifacts/1900b0aE.dag/Yanagisawa.DataLayoutCalibrator.Benchmark.dll, with 141 defines and 290 references

processors: Unity.Jobs.CodeGen.JobsILPostProcessor, zzzUnity.Burst.CodeGen.BurstILPostProcessor

running Unity.Jobs.CodeGen.JobsILPostProcessor

running zzzUnity.Burst.CodeGen.BurstILPostProcessor
[366/399    0s] CopyFiles Library/ScriptAssemblies/Unity.Multiplayer.Center.Common.pdb
[367/399    0s] CopyFiles Library/ScriptAssemblies/Unity.Burst.pdb
[368/399    0s] CopyFiles Library/ScriptAssemblies/Unity.Collections.Editor.pdb
[369/399    0s] CopyFiles Library/ScriptAssemblies/Yanagisawa.DataLayoutCalibrator.Benchmark.pdb
[370/399    0s] CopyFiles Library/ScriptAssemblies/Yanagisawa.DataLayoutCalibrator.Samples.ExternalWorkloads.dll
[371/399    0s] CopyFiles Library/ScriptAssemblies/Yanagisawa.DataLayoutCalibrator.Tests.Editor.dll
[372/399    0s] CopyFiles Library/ScriptAssemblies/Yanagisawa.DataLayoutCalibrator.Samples.AdditionalWorkloads.dll
[373/399    0s] CopyFiles Library/ScriptAssemblies/Yanagisawa.DataLayoutCalibrator.Samples.TransformExport.dll
[374/399    0s] CopyFiles Library/ScriptAssemblies/Yanagisawa.DataLayoutCalibrator.Samples.ParticleIntegrate.Tests.Editor.dll
[375/399    0s] CopyFiles Library/ScriptAssemblies/Yanagisawa.DataLayoutCalibrator.Samples.TransformExport.Tests.Editor.dll
[376/399    1s] ILPostProcess Library/Bee/artifacts/1900b0aE.dag/post-processed/Yanagisawa.DataLayoutCalibrator.Samples.AdditionalWorkloads.Tests.Editor.dll (+pdb)
Processing assembly Library/Bee/artifacts/1900b0aE.dag/Yanagisawa.DataLayoutCalibrator.Samples.AdditionalWorkloads.Tests.Editor.dll, with 139 defines and 292 references

processors: Unity.Jobs.CodeGen.JobsILPostProcessor, zzzUnity.Burst.CodeGen.BurstILPostProcessor

running Unity.Jobs.CodeGen.JobsILPostProcessor

running zzzUnity.Burst.CodeGen.BurstILPostProcessor
[377/399    0s] ILPostProcess Library/Bee/artifacts/1900b0aE.dag/post-processed/Yanagisawa.DataLayoutCalibrator.Benchmark.Editor.dll (+pdb)
Processing assembly Library/Bee/artifacts/1900b0aE.dag/Yanagisawa.DataLayoutCalibrator.Benchmark.Editor.dll, with 139 defines and 295 references

processors: Unity.Jobs.CodeGen.JobsILPostProcessor, zzzUnity.Burst.CodeGen.BurstILPostProcessor

running Unity.Jobs.CodeGen.JobsILPostProcessor

running zzzUnity.Burst.CodeGen.BurstILPostProcessor
[378/399    1s] ILPostProcess Library/Bee/artifacts/1900b0aE.dag/post-processed/Yanagisawa.DataLayoutCalibrator.Samples.ParticleIntegrate.dll (+pdb)
Processing assembly Library/Bee/artifacts/1900b0aE.dag/Yanagisawa.DataLayoutCalibrator.Samples.ParticleIntegrate.dll, with 141 defines and 286 references

processors: Unity.Jobs.CodeGen.JobsILPostProcessor, zzzUnity.Burst.CodeGen.BurstILPostProcessor

running Unity.Jobs.CodeGen.JobsILPostProcessor

running zzzUnity.Burst.CodeGen.BurstILPostProcessor
[379/399    0s] CopyFiles Library/ScriptAssemblies/Unity.PerformanceTesting.dll
[380/399    0s] CopyFiles Library/ScriptAssemblies/Yanagisawa.DataLayoutCalibrator.Samples.ParticleIntegrate.pdb
[381/399    0s] CopyFiles Library/ScriptAssemblies/Yanagisawa.DataLayoutCalibrator.Benchmark.Editor.pdb
[382/399    0s] CopyFiles Library/ScriptAssemblies/Yanagisawa.DataLayoutCalibrator.Samples.AdditionalWorkloads.Tests.Editor.pdb
[383/399    0s] CopyFiles Library/ScriptAssemblies/Unity.Multiplayer.Center.Editor.dll
[384/399    0s] CopyFiles Library/ScriptAssemblies/Unity.Mathematics.dll
[385/399    0s] CopyFiles Library/ScriptAssemblies/Unity.PerformanceTesting.Editor.dll
[386/399    0s] CopyFiles Library/ScriptAssemblies/Unity.Multiplayer.Center.Common.dll
[387/399    0s] CopyFiles Library/ScriptAssemblies/Yanagisawa.DataLayoutCalibrator.Benchmark.dll
[388/399    0s] CopyFiles Library/ScriptAssemblies/Yanagisawa.DataLayoutCalibrator.Samples.AdditionalWorkloads.Tests.Editor.dll
[389/399    0s] CopyFiles Library/ScriptAssemblies/Yanagisawa.DataLayoutCalibrator.Samples.ParticleIntegrate.dll
[           0s] Csc Library/Bee/artifacts/1900b0aE.dag/Unity.Burst.Editor.dll (+2 others) [CacheWrite f7b436ca014fd5833413b045ba3b494200000000000000000000000000000006]
[390/399    1s] ILPostProcess Library/Bee/artifacts/1900b0aE.dag/post-processed/Unity.Collections.dll (+pdb)
Processing assembly Library/Bee/artifacts/1900b0aE.dag/Unity.Collections.dll, with 143 defines and 284 references

processors: Unity.Jobs.CodeGen.JobsILPostProcessor, zzzUnity.Burst.CodeGen.BurstILPostProcessor

running Unity.Jobs.CodeGen.JobsILPostProcessor

running zzzUnity.Burst.CodeGen.BurstILPostProcessor
[391/399    0s] CopyFiles Library/ScriptAssemblies/Unity.Burst.dll
[392/399    0s] CopyFiles Library/ScriptAssemblies/Unity.Collections.Editor.dll
[393/399    0s] CopyFiles Library/ScriptAssemblies/Yanagisawa.DataLayoutCalibrator.Benchmark.Editor.dll
[394/399    0s] CopyFiles Library/ScriptAssemblies/Unity.Collections.pdb
[395/399    0s] ILPostProcess Library/Bee/artifacts/1900b0aE.dag/post-processed/Unity.Burst.Editor.dll (+pdb)
Processing assembly Library/Bee/artifacts/1900b0aE.dag/Unity.Burst.Editor.dll, with 139 defines and 292 references

processors: Unity.Jobs.CodeGen.JobsILPostProcessor, zzzUnity.Burst.CodeGen.BurstILPostProcessor

running Unity.Jobs.CodeGen.JobsILPostProcessor

running zzzUnity.Burst.CodeGen.BurstILPostProcessor
[396/399    0s] CopyFiles Library/ScriptAssemblies/Unity.Burst.Editor.pdb
[397/399    0s] CopyFiles Library/ScriptAssemblies/Unity.Collections.dll
[398/399    0s] CopyFiles Library/ScriptAssemblies/Unity.Burst.Editor.dll
*** Tundra build success (8.82 seconds), 398 items updated, 399 evaluated
AssetDatabase: script compilation time: 14.188036s
Begin MonoManager ReloadAssembly
Importing 'GUID: 00000000000000001000000000000000 - Path: Assets' with importer (DefaultImporter)
Imported 'GUID: 00000000000000001000000000000000' -> (Import Result ID: 'd4b99c274a2bfd195a0fab07a219813d') in 0.012 seconds [static dependencies only]. Details - ImportResultOutputID=931399766a3d35f20ee4474945b75a67 DependenciesID=b70de132a7282aafa7414a97dcffc9e1 StaticDependenciesID=f5f353ad10b41c84dbd766055d9989c6 
Importing 'GUID: 00000000000000002000000000000000 - Path: ProjectSettings/InputManager.asset' with importer (LibraryAssetImporter)
Imported 'GUID: 00000000000000002000000000000000' -> (Import Result ID: '45032be8569916cb65c996925f1ba147') in 0.002 seconds [static dependencies only]. Details - ImportResultOutputID=0290babc70dea6fa2c98f564a251f1f8 DependenciesID=3ea13ae02a79b8dcf5a35505bf79e80c StaticDependenciesID=8bc64289529315e850faaa44a5a7374e 
Importing 'GUID: 00000000000000003000000000000000 - Path: ProjectSettings/TagManager.asset' with importer (LibraryAssetImporter)
Imported 'GUID: 00000000000000003000000000000000' -> (Import Result ID: 'ba1b27934fdb96e3ce5d3bdb304c38c5') in 0.001 seconds [static dependencies only]. Details - ImportResultOutputID=fd6696bcbef029973bb12ace65e33982 DependenciesID=bef2dac826f4d9d5bd1b7ef5c02385c1 StaticDependenciesID=5d36d30b8e528413e1d955f3a6779130 
Importing 'GUID: 00000000000000004000000000000000 - Path: ProjectSettings/ProjectSettings.asset' with importer (LibraryAssetImporter)
Imported 'GUID: 00000000000000004000000000000000' -> (Import Result ID: '6cacb6970ec7532922f6f19b15364e88') in 0.001 seconds [static dependencies only]. Details - ImportResultOutputID=276a810dac73e1f29404d5e5f692e214 DependenciesID=beb500a6eda5dc7e15315816bf6df433 StaticDependenciesID=ccbdc85d08c394f175b2df7552f5ff8e 
Importing 'GUID: 00000000000000006000000000000000 - Path: ProjectSettings/AudioManager.asset' with importer (LibraryAssetImporter)
Imported 'GUID: 00000000000000006000000000000000' -> (Import Result ID: '6ad7773512085a1e27e25df8b4903a52') in 0.000 seconds [static dependencies only]. Details - ImportResultOutputID=acca44841ee8003c72d524064efb6e35 DependenciesID=bb6209e7343875ac3a5060bf115c8c36 StaticDependenciesID=0ab9b3d7f24c5af4621c2909c5fdbe49 
Importing 'GUID: 00000000000000007000000000000000 - Path: ProjectSettings/TimeManager.asset' with importer (LibraryAssetImporter)
Imported 'GUID: 00000000000000007000000000000000' -> (Import Result ID: 'a7b05c8612f0a13a6c0d5c5956137829') in 0.000 seconds [static dependencies only]. Details - ImportResultOutputID=bcbe57e6eed4f14d697ceae3e9a4ee48 DependenciesID=42d898252bc60d9e3b956750a02e1e62 StaticDependenciesID=1459fc136864da15cb4f00319cb42e92 
Importing 'GUID: 00000000000000008000000000000000 - Path: ProjectSettings/DynamicsManager.asset' with importer (LibraryAssetImporter)
Imported 'GUID: 00000000000000008000000000000000' -> (Import Result ID: '56b6966d18122b5ef72bd320798f3862') in 0.000 seconds [static dependencies only]. Details - ImportResultOutputID=af765d07e318cf68f695edacf91778bd DependenciesID=5bbb4a4d35e73039a3cc7ccfe2eebbe0 StaticDependenciesID=eb2175ead9ea752d301527d21b0dc103 
Importing 'GUID: 00000000000000009000000000000000 - Path: ProjectSettings/QualitySettings.asset' with importer (LibraryAssetImporter)
Imported 'GUID: 00000000000000009000000000000000' -> (Import Result ID: 'f132cd32e8d08a0b705fa255e52702cc') in 0.000 seconds [static dependencies only]. Details - ImportResultOutputID=7b12711da11c94ad897442b4820d3f7b DependenciesID=7d885647e6a3dfd123a4d2828d2dd86b StaticDependenciesID=77af1d5f7eebacc50589ee4c7ef17fec 
Importing 'GUID: 0000000000000000b000000000000000 - Path: ProjectSettings/EditorBuildSettings.asset' with importer (LibraryAssetImporter)
Imported 'GUID: 0000000000000000b000000000000000' -> (Import Result ID: 'db9587f6e00bba6a91ac929c35b4cfc7') in 0.000 seconds [static dependencies only]. Details - ImportResultOutputID=4647dd083cfc32cebcd7526e8846440c DependenciesID=81acded7920257294823eb0d09b592e0 StaticDependenciesID=9d1182a2265181c12f01ae4a4329d69e 
Importing 'GUID: 0000000000000000c000000000000000 - Path: ProjectSettings/EditorSettings.asset' with importer (LibraryAssetImporter)
Imported 'GUID: 0000000000000000c000000000000000' -> (Import Result ID: 'a4f5fd94a283d2966a146c5dbf75b620') in 0.000 seconds [static dependencies only]. Details - ImportResultOutputID=fc08cc28cef36a03227c22ef67b54535 DependenciesID=5a5ae7705cad11a2b64a5af94b5ee09c StaticDependenciesID=2786f08c2416ee5d9a36c6da4ef44448 
Importing 'GUID: 00000000000000004100000000000000 - Path: ProjectSettings/NavMeshAreas.asset' with importer (LibraryAssetImporter)
Imported 'GUID: 00000000000000004100000000000000' -> (Import Result ID: '4f09b335331606526092153c617feb23') in 0.000 seconds [static dependencies only]. Details - ImportResultOutputID=90afd57cd2fd79df9534381ff5673272 DependenciesID=ddc1a51c5b8c338523393a6a822e88a2 StaticDependenciesID=2992f86d484ab07b045285c9b00597b2 
Importing 'GUID: 00000000000000005100000000000000 - Path: ProjectSettings/Physics2DSettings.asset' with importer (LibraryAssetImporter)
Imported 'GUID: 00000000000000005100000000000000' -> (Import Result ID: '52505acd81af06e53455bf4f84ab5dcc') in 0.000 seconds [static dependencies only]. Details - ImportResultOutputID=51a8098361d5b0c1ab07bfc06e51f152 DependenciesID=c891a6ce28cf29e83649184743f950bb StaticDependenciesID=6b2969880e95a330e78683c9d2460ce8 
Importing 'GUID: 00000000000000006100000000000000 - Path: ProjectSettings/GraphicsSettings.asset' with importer (LibraryAssetImporter)
Imported 'GUID: 00000000000000006100000000000000' -> (Import Result ID: '6f37fa0c10617cf825a2edd6d39757c4') in 0.000 seconds [static dependencies only]. Details - ImportResultOutputID=f9600466f06a676b7a4f639f6629ea48 DependenciesID=a0da878ab215a42a44068b10b195b03c StaticDependenciesID=4d8ab68181d87fd248a606456bae67d9 
Importing 'GUID: 00000000000000007100000000000000 - Path: ProjectSettings/ClusterInputManager.asset' with importer (LibraryAssetImporter)
Imported 'GUID: 00000000000000007100000000000000' -> (Import Result ID: 'fa34f992a25fe160c8e79ed97737c6e1') in 0.000 seconds [static dependencies only]. Details - ImportResultOutputID=8ce0cedd10b8cd8471ed9838bfc872ed DependenciesID=10399e64a96b54dec80d32c113b19592 StaticDependenciesID=71ccd970ad3ca52ec0635967e47b24c2 
Importing 'GUID: 0000000000000000a100000000000000 - Path: ProjectSettings/UnityConnectSettings.asset' with importer (LibraryAssetImporter)
Imported 'GUID: 0000000000000000a100000000000000' -> (Import Result ID: '06daccbf355c502172cf03750074d8c2') in 0.000 seconds [static dependencies only]. Details - ImportResultOutputID=1989c27f310e62ee2c72d63f16a698d0 DependenciesID=c955a29b2625df585a920dce38150194 StaticDependenciesID=60675f425f460234564a764ffd2e6263 
Importing 'GUID: 0000000000000000b100000000000000 - Path: ProjectSettings/PresetManager.asset' with importer (LibraryAssetImporter)
Imported 'GUID: 0000000000000000b100000000000000' -> (Import Result ID: 'a2ea5fff6b675178db921a808a64a3c9') in 0.001 seconds [static dependencies only]. Details - ImportResultOutputID=d271a469f14af9d29dbd89abc966f7ef DependenciesID=f4dcc3d37434f73c0bd6b4df3acf0a96 StaticDependenciesID=c24faacacc55bc0836190581ceff7553 
Importing 'GUID: 0000000000000000c100000000000000 - Path: ProjectSettings/VFXManager.asset' with importer (LibraryAssetImporter)
Imported 'GUID: 0000000000000000c100000000000000' -> (Import Result ID: '41edb9db788ad85b260143278e659079') in 0.000 seconds [static dependencies only]. Details - ImportResultOutputID=d5b1cc1b236d3087c4a5fc9e9cb18618 DependenciesID=fa99348cf191e751503741591389439a StaticDependenciesID=c83ce3f3045ec37dc23848345cd88808 
Importing 'GUID: 0000000000000000d100000000000000 - Path: ProjectSettings/VersionControlSettings.asset' with importer (LibraryAssetImporter)
Imported 'GUID: 0000000000000000d100000000000000' -> (Import Result ID: '4d50e4eb7d3683dbf9d4bca5322b9dd6') in 0.000 seconds [static dependencies only]. Details - ImportResultOutputID=0a19189542c4b1aa9afad4d76b36cbef DependenciesID=de738cc9522d42bcdd5921eceb6d5019 StaticDependenciesID=499983c2937f6f7adaaa4516b312ed3c 
Importing 'GUID: 0000000000000000f100000000000000 - Path: ProjectSettings/MemorySettings.asset' with importer (LibraryAssetImporter)
Imported 'GUID: 0000000000000000f100000000000000' -> (Import Result ID: '5514553cb02cac39dfa13e28aee44040') in 0.000 seconds [static dependencies only]. Details - ImportResultOutputID=078c9215d0d3f7dcc6c2ea9c2e21e93e DependenciesID=054b18e73de1530fb0ea7486ae32abd7 StaticDependenciesID=eee342a0ff5fe33ebf85b49272a3e355 
Importing 'GUID: 00000000000000000200000000000000 - Path: ProjectSettings/MultiplayerManager.asset' with importer (LibraryAssetImporter)
Imported 'GUID: 00000000000000000200000000000000' -> (Import Result ID: '88bb1aae4a4d04eb869cafb36babbcfb') in 0.000 seconds [static dependencies only]. Details - ImportResultOutputID=cc8bc420ff0fb13a9534be625b324364 DependenciesID=ced8cb70474ad1ed11a11a441a1758a7 StaticDependenciesID=ebab9f9da56d4fc4f8cc679d77a7b00a 
Importing 'GUID: 00000000000000001200000000000000 - Path: ProjectSettings/PhysicsCoreProjectSettings2D.asset' with importer (LibraryAssetImporter)
Imported 'GUID: 00000000000000001200000000000000' -> (Import Result ID: '739b9bc8b0bd35443d62350224601af0') in 0.000 seconds [static dependencies only]. Details - ImportResultOutputID=07b8874da21d0d67c4347d012422ba62 DependenciesID=ed34aa1597041227cabc7751589d2ba9 StaticDependenciesID=d29c100fb367a0e739d692ed07bb8dbf 
Importing 'GUID: 00000000000000002300000000000000 - Path: Library/BuildInstructions' with importer (DefaultImporter)
Imported 'GUID: 00000000000000002300000000000000' -> (Import Result ID: 'd414f514f549833c39aae7152c59aeb3') in 0.002 seconds [static dependencies only]. Details - ImportResultOutputID=d2da4dbe7433590953d90148eb4e1f22 DependenciesID=f91b153018f3a82b66ea2319cf957f42 StaticDependenciesID=ef352f98b66d8f5b312774c3ee71f599 
Importing 'GUID: 90ed072269172012fcebb3cd57b5a869 - Path: Packages/com.unity.nuget.mono-cecil' with importer (DefaultImporter)
Imported 'GUID: 90ed072269172012fcebb3cd57b5a869' -> (Import Result ID: '04d3a9a6878464c8e1ca178dcc0173dc') in 0.001 seconds [static dependencies only]. Details - ImportResultOutputID=fdd368df404a96e0d0fd70b52c583e34 DependenciesID=84795bf0756bea08a34deede9861851f StaticDependenciesID=9b111511747b5f407d4cea06eaef16ad 
Importing 'GUID: c060426bfd6e82575228df6656368eaa - Path: Packages/com.unity.modules.imgui' with importer (DefaultImporter)
Imported 'GUID: c060426bfd6e82575228df6656368eaa' -> (Import Result ID: 'cf02847ceec7d2872cfd3abefa14549b') in 0.001 seconds [static dependencies only]. Details - ImportResultOutputID=dcc23da4b16b268ee6e83200b7ebb805 DependenciesID=2086ddccde2e6fbd24cff6207f712388 StaticDependenciesID=dcfbfa33c460c8bce2fbeaa89284fa4b 
Importing 'GUID: 1158e311a3101950348dcecb1bebc42d - Path: Packages/com.unity.modules.animation' with importer (DefaultImporter)
Imported 'GUID: 1158e311a3101950348dcecb1bebc42d' -> (Import Result ID: 'e37b81a46bcef9cbe7d6da2c7722799c') in 0.001 seconds [static dependencies only]. Details - ImportResultOutputID=7f760e80e4376f4e2af6163c51483957 DependenciesID=33f806035b03395b7cd71586c052efa7 StaticDependenciesID=d58e4e925b4477ec3fc56266dda92cb7 
Importing 'GUID: 515638b803bef8599dbd6d5c8bdaa53e - Path: Packages/com.unity.modules.xr' with importer (DefaultImporter)
Imported 'GUID: 515638b803bef8599dbd6d5c8bdaa53e' -> (Import Result ID: 'f58d699fd78b48df6f7b684ee0fec26b') in 0.001 seconds [static dependencies only]. Details - ImportResultOutputID=4287b6c9de175897d57f5d0f89be5f52 DependenciesID=70fc0679b0d07239c2400ea969970978 StaticDependenciesID=14dc3a32c9be63acfb43cbd973f867b9 
Importing 'GUID: c12b354ff0fe5a348b17bb612cb9740f - Path: Assets/DataLayoutCalibrator' with importer (DefaultImporter)
Imported 'GUID: c12b354ff0fe5a348b17bb612cb9740f' -> (Import Result ID: '4306d9d768fbe11ed05cf66e5b9e8c76') in 0.001 seconds [static dependencies only]. Details - ImportResultOutputID=dad5a46981a2b032f4b0d8a628d76314 DependenciesID=728c6fdea89fb14aabdf7faa67913351 StaticDependenciesID=05f49abf254bb81210dd3f456f88d8b3 
Importing 'GUID: b219c86ce508e478367c0a46e1aa9fe4 - Path: Packages/com.unity.modules.assetbundle' with importer (DefaultImporter)
Imported 'GUID: b219c86ce508e478367c0a46e1aa9fe4' -> (Import Result ID: 'e407681b1bca06d4ee80ffd67027d990') in 0.002 seconds [static dependencies only]. Details - ImportResultOutputID=89494b4b6b631d330268aeb9dacd9e16 DependenciesID=49321cd40391b47dca923c46a0b51cd4 StaticDependenciesID=f0921b01574508825a731309420aac3e 
Importing 'GUID: 63719ece21da43029c6ae2febcc1ca1f - Path: Assets/Plugins' with importer (DefaultImporter)
Imported 'GUID: 63719ece21da43029c6ae2febcc1ca1f' -> (Import Result ID: 'c8be50c9dc5f76c5b7df807ef47abf3b') in 0.001 seconds [static dependencies only]. Details - ImportResultOutputID=4ead14b06f5c925f70f42a6754e0123b DependenciesID=1c2855578e31a765247c8ddce1489b86 StaticDependenciesID=37ddf43b311f076aeb0b3c893a119876 
Importing 'GUID: 93963ca519b768cbd41ce8514a1fa148 - Path: Packages/com.unity.test-framework.performance' with importer (DefaultImporter)
Imported 'GUID: 93963ca519b768cbd41ce8514a1fa148' -> (Import Result ID: '09d8249fd0d36ab80b1f204c1b6e5cb8') in 0.001 seconds [static dependencies only]. Details - ImportResultOutputID=7f819014b7331bd83ac74adea0166179 DependenciesID=e25d5dbc220f89206fc975a64bfa4c40 StaticDependenciesID=4df12bde8f8b5a4c27aafda5beacbff7 
Importing 'GUID: 04c6898809c37620ac863cc2a5d7c4d0 - Path: Packages/com.unity.modules.vectorgraphics' with importer (DefaultImporter)
Imported 'GUID: 04c6898809c37620ac863cc2a5d7c4d0' -> (Import Result ID: '7bdc20d0b18267a5e9124ff29a87609f') in 0.001 seconds [static dependencies only]. Details - ImportResultOutputID=3855432a71b0a738524e2b907e4a06f1 DependenciesID=c7668d1b1f42ace2a16d41bf0365eaac StaticDependenciesID=db47898b496856ae70e47157d5480627 
Importing 'GUID: 5469ef0820152a4ae45d400fdc4626e4 - Path: Packages/com.unity.modules.screencapture' with importer (DefaultImporter)
Imported 'GUID: 5469ef0820152a4ae45d400fdc4626e4' -> (Import Result ID: '1e9d2faeef0c157dc048cd69028c8f55') in 0.001 seconds [static dependencies only]. Details - ImportResultOutputID=883c2ddc1cc8ab47552769d7d10ec20e DependenciesID=e8d1b1ac77d92bb2a277bde4b7864921 StaticDependenciesID=2d36e1f7d4053f2b93ff7495a5c1dde9 
Importing 'GUID: c4df1124e2787ee0c8d1a911de17ee73 - Path: Packages/com.unity.modules.cloth' with importer (DefaultImporter)
Imported 'GUID: c4df1124e2787ee0c8d1a911de17ee73' -> (Import Result ID: 'f703972abcd8febed3f7f9df75e5b803') in 0.001 seconds [static dependencies only]. Details - ImportResultOutputID=02c3e07e14f3716325ca51811cb4ad59 DependenciesID=2a5f4431052ca721706216f2f8a6ee32 StaticDependenciesID=b75deedee1f8f832d07395b027bce037 
Importing 'GUID: 850c54ee0b9e1aa740b1c67792eb1f26 - Path: Packages/com.unity.modules.imageconversion' with importer (DefaultImporter)
Imported 'GUID: 850c54ee0b9e1aa740b1c67792eb1f26' -> (Import Result ID: '2973994bee36aa97d9443168268f47e9') in 0.001 seconds [static dependencies only]. Details - ImportResultOutputID=5e29084e34474b819d3f42b6f87fa2f1 DependenciesID=d080164e34df1d295815550b352c546e StaticDependenciesID=ead3b0fca67d215d683803a221eebd27 
Importing 'GUID: 95f85adeda79e994f011eb2152cf4fc9 - Path: Packages/com.unity.modules.terrainphysics' with importer (DefaultImporter)
Imported 'GUID: 95f85adeda79e994f011eb2152cf4fc9' -> (Import Result ID: '6b3d168146bf8e99412fa9e0055a7282') in 0.001 seconds [static dependencies only]. Details - ImportResultOutputID=066c7237bacce3d1fed9fa88ce895dc2 DependenciesID=e017dd36d9f1bed8083509adb3604cab StaticDependenciesID=d0d45621b6c1d9f84f4da190cee09523 
Importing 'GUID: c522a644a29fcab2eaf63298c118a65b - Path: Packages/com.unity.modules.unitywebrequest' with importer (DefaultImporter)
Imported 'GUID: c522a644a29fcab2eaf63298c118a65b' -> (Import Result ID: '6f13bdefcd37409ac301686699b63ea3') in 0.001 seconds [static dependencies only]. Details - ImportResultOutputID=bd84e5c0828c0c958fda12361a6931c4 DependenciesID=b06d11930b7a96881eb3a24d68d1c685 StaticDependenciesID=7c352e29047f83b2302c120040a82237 
Importing 'GUID: d5f0b0adc6826e9dd3b72e292e8438be - Path: Packages/com.unity.modules.unitywebrequestassetbundle' with importer (DefaultImporter)
Imported 'GUID: d5f0b0adc6826e9dd3b72e292e8438be' -> (Import Result ID: 'ccae98511501a3691a4f28c9305395d0') in 0.001 seconds [static dependencies only]. Details - ImportResultOutputID=28545450f0f8fe7184e75065d2eaebce DependenciesID=40d41d9cefabd5f5eb8b5cfd4ef24fd9 StaticDependenciesID=d6e47b92f5e066bd6d04c17b2d205096 
Importing 'GUID: 56b94a5b6990c879bb0f057719d1064b - Path: Packages/com.unity.modules.subsystems' with importer (DefaultImporter)
Imported 'GUID: 56b94a5b6990c879bb0f057719d1064b' -> (Import Result ID: '529ebfa03ce4541f897f33e6f5074f1d') in 0.001 seconds [static dependencies only]. Details - ImportResultOutputID=0e619aa1d83b61217ae2e97dfc45d4e9 DependenciesID=925e5732c1c98f399754db5bb23eb76d StaticDependenciesID=6c3bc4fc02fdaa9feb3eece9fe8a9cec 
Importing 'GUID: d6c6a000a805f00649b36b542e8426c2 - Path: Packages/com.unity.modules.unityanalytics' with importer (DefaultImporter)
Imported 'GUID: d6c6a000a805f00649b36b542e8426c2' -> (Import Result ID: '1c0e803e42edb58e775fdf8c1ada7c9a') in 0.001 seconds [static dependencies only]. Details - ImportResultOutputID=bf660bcbf114683b66648691531e6d07 DependenciesID=89197de4bd5cc31d5c7bae3fe24cbcde StaticDependenciesID=3a4a7534c9788a0496ca97804124d881 
Importing 'GUID: d6db7caf2e852b75ebb9c6098418179c - Path: Packages/com.unity.modules.physics' with importer (DefaultImporter)
Imported 'GUID: d6db7caf2e852b75ebb9c6098418179c' -> (Import Result ID: '17efe42b4d253215f7ce1c4062aa0c38') in 0.001 seconds [static dependencies only]. Details - ImportResultOutputID=ca9e398e0fe23d8852b03b4ef733b883 DependenciesID=e2c39f0a5de8ad2594cb338b7658e6b8 StaticDependenciesID=c62fb84fdcd1e94d00277c1c40c3739f 
Importing 'GUID: f6d216d2189395c4bb8c42afae62beb8 - Path: Assets/DataLayoutBenchmark' with importer (DefaultImporter)
Imported 'GUID: f6d216d2189395c4bb8c42afae62beb8' -> (Import Result ID: '29290f37194b9a931cfc066bd198c463') in 0.001 seconds [static dependencies only]. Details - ImportResultOutputID=c71da0fbad509bae188d5d7c8f338930 DependenciesID=0ef3039a15a0e2b18f718969a86097c2 StaticDependenciesID=e96832d66cda3ab4b1fd883c39780671 
Importing 'GUID: 27ccf2e7998bcf90fe094d654b44d9c0 - Path: Packages/com.unity.collections' with importer (DefaultImporter)
Imported 'GUID: 27ccf2e7998bcf90fe094d654b44d9c0' -> (Import Result ID: '8fdc2a2864becb11e4e73bbd87599732') in 0.001 seconds [static dependencies only]. Details - ImportResultOutputID=e8b7164ff67d517c9f463bece5df5421 DependenciesID=9c7678371b1f7c0c86532c8b92e001f3 StaticDependenciesID=cb6976d422abd16d268f7ed84819624e 
Importing 'GUID: 376c84ea405e0f2b80562c23bb977216 - Path: Packages/com.unity.modules.physics2d' with importer (DefaultImporter)
Imported 'GUID: 376c84ea405e0f2b80562c23bb977216' -> (Import Result ID: 'e16f02c29d3dea367ecb900153c73915') in 0.001 seconds [static dependencies only]. Details - ImportResultOutputID=3c523e0fa92287aeca10533038c4ad8c DependenciesID=6bb4f8083248eac4b0dc6f99b652bbce StaticDependenciesID=f9ac984a12928ed37980ddae896e5092 
Importing 'GUID: b77b1ad9c05af0412725856c6c53b037 - Path: Packages/com.unity.modules.wind' with importer (DefaultImporter)
Imported 'GUID: b77b1ad9c05af0412725856c6c53b037' -> (Import Result ID: '694b941601afae996ece1a250d52d92b') in 0.001 seconds [static dependencies only]. Details - ImportResultOutputID=20914c3eb4d4a40f977811ac372be123 DependenciesID=d21b8e17cfb8e89fe6ce6b17ce9c8244 StaticDependenciesID=46ac7d1af46c22898a1232f313b934ef 
Importing 'GUID: 2808ba6bccb2478ec9c7209d8bf1f3cc - Path: Packages/com.unity.modules.uielements' with importer (DefaultImporter)
Imported 'GUID: 2808ba6bccb2478ec9c7209d8bf1f3cc' -> (Import Result ID: '5e5dfe08c6a00c900cfe4fcfce3b78a1') in 0.002 seconds [static dependencies only]. Details - ImportResultOutputID=43ac9c1bd0c2e88ddb17cc3ac3d457f4 DependenciesID=6331dea1aa9bb31237c64de3af52db43 StaticDependenciesID=59202ada8d9ed2d8790f39d1af247fa9 
Importing 'GUID: 38e3a8976f0b9c586b6dfbcef4e4066c - Path: Packages/com.unity.modules.unitywebrequestaudio' with importer (DefaultImporter)
Imported 'GUID: 38e3a8976f0b9c586b6dfbcef4e4066c' -> (Import Result ID: 'c54f3cdcd0a0a53c728a8f6a4bf8e805') in 0.001 seconds [static dependencies only]. Details - ImportResultOutputID=fa5586dfb87647a6c685707600b86782 DependenciesID=d3b8e77c9c0813b337d35585e0cd8dac StaticDependenciesID=48a2720e21e8eb8eca255939c5f3eb1d 
Importing 'GUID: 48b10b41f58d5b49717f376cda59eeb8 - Path: Packages/com.unity.modules.particlesystem' with importer (DefaultImporter)
Imported 'GUID: 48b10b41f58d5b49717f376cda59eeb8' -> (Import Result ID: '2ca99f43dcc60f64cbde6b09dd836276') in 0.001 seconds [static dependencies only]. Details - ImportResultOutputID=bbc465d3d6faacd80c5d2d6b9e298635 DependenciesID=c5895581a6d08af4451e2d20e825f0d5 StaticDependenciesID=81558f2015053653d61c0994543e82b3 
Importing 'GUID: 783ee1c8fd4414848db1be97aacf44fb - Path: Packages/com.unity.modules.accessibility' with importer (DefaultImporter)
Imported 'GUID: 783ee1c8fd4414848db1be97aacf44fb' -> (Import Result ID: '22792940adc4c731e445dc78eb9fe3fd') in 0.001 seconds [static dependencies only]. Details - ImportResultOutputID=9ceb99a21b9f1e61183206a57a741925 DependenciesID=c59f06feebd4b2d44b2d489c588f040a StaticDependenciesID=0c3b582cc644fab2b6544ebc50675bbc 
Importing 'GUID: 09e28640d754a611467eebfb261ed749 - Path: Packages/com.unity.modules.tilemap' with importer (DefaultImporter)
Imported 'GUID: 09e28640d754a611467eebfb261ed749' -> (Import Result ID: '56df1fb7932ed758e22709161024465f') in 0.002 seconds [static dependencies only]. Details - ImportResultOutputID=84462fd97657c416dad9f0a01ba73192 DependenciesID=09aca3cc367571eb90d49da11da39372 StaticDependenciesID=f2c3c73202e22cf06daeb9dd58ae6eae 
Importing 'GUID: 39728903e57c60021f80449a8bbc0096 - Path: Packages/com.unity.modules.ui' with importer (DefaultImporter)
Imported 'GUID: 39728903e57c60021f80449a8bbc0096' -> (Import Result ID: 'aafd74a4e55e642d1ea0f795f6444b28') in 0.001 seconds [static dependencies only]. Details - ImportResultOutputID=d7a4a57fb3c24edd8687328a72cff587 DependenciesID=5ad4483b2dacaca3bc3cdbfd4283033a StaticDependenciesID=6f9d30d0da8c720154437b2dbfc538a9 
Importing 'GUID: 995c08a3305ff9f0dab5e86f340bd9a7 - Path: Packages/com.unity.modules.androidjni' with importer (DefaultImporter)
Imported 'GUID: 995c08a3305ff9f0dab5e86f340bd9a7' -> (Import Result ID: '701f2d40c085a88e5be25bb90837fc1e') in 0.001 seconds [static dependencies only]. Details - ImportResultOutputID=30c3e7dc197ceabd471c943bc8eba608 DependenciesID=425c20ce60374642a724cdff7fd24253 StaticDependenciesID=ad97d0fc3477242b18c560757f4d1e58 
Importing 'GUID: b975297a992381c1f3257d0e96892c8a - Path: Packages/com.unity.modules.adaptiveperformance' with importer (DefaultImporter)
Imported 'GUID: b975297a992381c1f3257d0e96892c8a' -> (Import Result ID: 'a2e6bef6ef548c7d281ffe438d4bf9e6') in 0.002 seconds [static dependencies only]. Details - ImportResultOutputID=7f7b3e23eb4697a89925ff793958e5e5 DependenciesID=704994437ad72b75b63f683e3e2c8b77 StaticDependenciesID=7c76e8507c36e23af3851bdc0b54b4ca 
Importing 'GUID: e9a46d0940097b5c2c483622a7effc59 - Path: Packages/com.unity.multiplayer.center' with importer (DefaultImporter)
Imported 'GUID: e9a46d0940097b5c2c483622a7effc59' -> (Import Result ID: 'f7ec3aed5a8d9d5c70e3654fc2a88a73') in 0.001 seconds [static dependencies only]. Details - ImportResultOutputID=f3046c93bbe9d773216fbea661ffa254 DependenciesID=54b960739866031de6bdfbe96a52d173 StaticDependenciesID=b2e1c9948d369bc0141389d8e41ae6ea 
Importing 'GUID: 2bb5377ae6a39364d0c2a610edfec0ac - Path: Packages/com.unity.ext.nunit' with importer (DefaultImporter)
Imported 'GUID: 2bb5377ae6a39364d0c2a610edfec0ac' -> (Import Result ID: '8c62662617f956d7ff66f193def322cf') in 0.001 seconds [static dependencies only]. Details - ImportResultOutputID=c78767a63990891a4478a565ac517aa7 DependenciesID=d0f7a8b8bdbfd142f3fa95540dcdcc49 StaticDependenciesID=8a52a7bd722f7aa823e5c5c73d314c1d 
Importing 'GUID: 6b81377a4453ba7362eb3322f9bcc6c6 - Path: Packages/com.unity.modules.hierarchycore' with importer (DefaultImporter)
Imported 'GUID: 6b81377a4453ba7362eb3322f9bcc6c6' -> (Import Result ID: 'd64e3c92d05cb8ab57cf9c34e8c0ee27') in 0.001 seconds [static dependencies only]. Details - ImportResultOutputID=75a6fa83ac96f5339da373cd4f5c6e37 DependenciesID=6193b8beab5ea5a327f9266eedb6d024 StaticDependenciesID=ffdda4d53d222e5716e68e647a732ae5 
Importing 'GUID: 1cf2469083ffa484da4d78dd70d708e8 - Path: Packages/com.unity.modules.vehicles' with importer (DefaultImporter)
Imported 'GUID: 1cf2469083ffa484da4d78dd70d708e8' -> (Import Result ID: '2e9fd9e9a5feffab1804123071ae561d') in 0.001 seconds [static dependencies only]. Details - ImportResultOutputID=62c710cd8c5682c589eec3677adcbda2 DependenciesID=e94622adfb7f30fcccb41278fb8cae22 StaticDependenciesID=1bd9500d6d7a6d96ac8ece40c813da97 
Importing 'GUID: 9c7c268fa6492449654839df69f2a2f4 - Path: Packages/com.unity.modules.umbra' with importer (DefaultImporter)
Imported 'GUID: 9c7c268fa6492449654839df69f2a2f4' -> (Import Result ID: 'c7c253ce33f96826bbf020e0df6ad6fb') in 0.001 seconds [static dependencies only]. Details - ImportResultOutputID=bf70ea01e70089eaf818b9fb19bb1807 DependenciesID=c796db5b8e8e1a9c947b5787f1a433df StaticDependenciesID=4ba5eab75bdc6e2df485b4ad7729e499 
Importing 'GUID: dcc8c6e92b172a65719af5ddf47dd968 - Path: Packages/com.unity.modules.unitywebrequestwww' with importer (DefaultImporter)
Imported 'GUID: dcc8c6e92b172a65719af5ddf47dd968' -> (Import Result ID: 'a3ca17c250abe56342bc7797897bf6a5') in 0.001 seconds [static dependencies only]. Details - ImportResultOutputID=1475fc509da6d933479c8ee5d6c4eeff DependenciesID=1ec5b0b7427f7eeba4f1c41dd9bc4cfe StaticDependenciesID=00265576cf1e789283eaa13f6ba70983 
Importing 'GUID: fc3a810351931f5e6183e16b9beb5563 - Path: Packages/com.unity.modules.jsonserialize' with importer (DefaultImporter)
Imported 'GUID: fc3a810351931f5e6183e16b9beb5563' -> (Import Result ID: 'f04351d90ee6b1c15aa201371d89b674') in 0.001 seconds [static dependencies only]. Details - ImportResultOutputID=65186f4186bf0f33d3946d1d6d75958c DependenciesID=fbc4bd1e3869dc653079edeac718e537 StaticDependenciesID=c1a4d4946c0840cd0516fcb984a36b78 
Importing 'GUID: 2d142b475fbfb8cf12ba3a795194300a - Path: Packages/com.unity.modules.director' with importer (DefaultImporter)
Imported 'GUID: 2d142b475fbfb8cf12ba3a795194300a' -> (Import Result ID: 'f82206d58857516a2f7d10df0de25ca9') in 0.001 seconds [static dependencies only]. Details - ImportResultOutputID=ba08ff1508e195419df3d8b0ff8d3bd4 DependenciesID=cb7a2942f5dee664122b699c70fb1a1e StaticDependenciesID=e5174e6782a309cc2e662ba686aba5d3 
Importing 'GUID: 2db9b03aaf3d8754fea6aa2648512f8c - Path: Packages/com.unity.burst' with importer (DefaultImporter)
Imported 'GUID: 2db9b03aaf3d8754fea6aa2648512f8c' -> (Import Result ID: 'e1e4430b6ff19a87e32ceb08c0ea546a') in 0.001 seconds [static dependencies only]. Details - ImportResultOutputID=838a2c5e30d11a59bfd9f8e149c78914 DependenciesID=4dff2c7c6b8ba1e092adeeab71caffa7 StaticDependenciesID=b9d809ddc9ebee9192bf3e5faeec32c4 
Importing 'GUID: 2d6ba5cbe47e6ad3c87474c56174d4e0 - Path: Packages/com.unity.modules.audio' with importer (DefaultImporter)
Imported 'GUID: 2d6ba5cbe47e6ad3c87474c56174d4e0' -> (Import Result ID: '3234866a3fa377a9f9a0ce8dd981be90') in 0.001 seconds [static dependencies only]. Details - ImportResultOutputID=8643a11ddcb415e1ae77356bdcd0e31f DependenciesID=3297e30e726f0a1e5ba9c81d00653637 StaticDependenciesID=0c545176e25f7b531d70d9899c8b8ef9 
Importing 'GUID: 2d1dfb1cdea582286af13aba75d9842d - Path: Packages/com.yanagisawa.data-layout-calibrator' with importer (DefaultImporter)
Imported 'GUID: 2d1dfb1cdea582286af13aba75d9842d' -> (Import Result ID: '600a492764d4274837eb1f4321cd5a5d') in 0.001 seconds [static dependencies only]. Details - ImportResultOutputID=febc40bc94190e63a436f10dff452c85 DependenciesID=3d161299ab947a0123119857e00b7f2a StaticDependenciesID=98f5a65c3e16c5e8cfd52afdae63b81d 
Importing 'GUID: 5d9964ab255daca9bcbdcd3c7faebbb8 - Path: Packages/com.unity.mathematics' with importer (DefaultImporter)
Imported 'GUID: 5d9964ab255daca9bcbdcd3c7faebbb8' -> (Import Result ID: '42d1153da2d9e8272383735828d35547') in 0.001 seconds [static dependencies only]. Details - ImportResultOutputID=7c7744c990c4cec6e6d42fe0fd4f15db DependenciesID=4c0fd61bdb2fa45619119fc994f50da7 StaticDependenciesID=b17292678a51dc56ef42d15012d9faf0 
Importing 'GUID: ede0462698a4a5643aa9872c074acd38 - Path: Packages/com.unity.modules.video' with importer (DefaultImporter)
Imported 'GUID: ede0462698a4a5643aa9872c074acd38' -> (Import Result ID: '4a9e59f79bcbaddc73d6ed9b1cb022ad') in 0.002 seconds [static dependencies only]. Details - ImportResultOutputID=f060305cf9a7601b6327f110dec53cf0 DependenciesID=2eb252c728b0513f8a06cb80138758c9 StaticDependenciesID=9adc8e4bff2d24a6cd335db28a76c689 
Importing 'GUID: fd871a8be47119612f7c254e96a822b7 - Path: Packages/com.unity.modules.ai' with importer (DefaultImporter)
Imported 'GUID: fd871a8be47119612f7c254e96a822b7' -> (Import Result ID: '9a8589b3beb3a049c84630a73f6ad835') in 0.001 seconds [static dependencies only]. Details - ImportResultOutputID=0bf4624736b8f9ba8d25427695ddd8c6 DependenciesID=00785bf0aee44637bb0bb65f025524ad StaticDependenciesID=025eb2cbf874ac313592e4ff09b996f2 
Importing 'GUID: 5e22a8d6e557a1b3cae09054b0b5f9d8 - Path: Packages/com.unity.modules.physicscore2d' with importer (DefaultImporter)
Imported 'GUID: 5e22a8d6e557a1b3cae09054b0b5f9d8' -> (Import Result ID: 'e0e8f312b2fe13782c9caa272b2c9c39') in 0.001 seconds [static dependencies only]. Details - ImportResultOutputID=8aeec98806d48c587b06189bc919a668 DependenciesID=32fd957f9eeccda095201a26672be198 StaticDependenciesID=7ff60e0e23b48986f2028c36c5321a4f 
Importing 'GUID: 6e1c8b97ec8aa0464e92506ffe099558 - Path: Packages/com.unity.modules.terrain' with importer (DefaultImporter)
Imported 'GUID: 6e1c8b97ec8aa0464e92506ffe099558' -> (Import Result ID: 'e2b6838e2ec31f4ed09302d8afc94b5d') in 0.001 seconds [static dependencies only]. Details - ImportResultOutputID=81f0943dd12638364c9481b7c44326f7 DependenciesID=86c234645905e553a0c1d2c0171e06cb StaticDependenciesID=dfd1b763e9befbb4d593a41aecf32557 
Importing 'GUID: de8323a5bcf412c073222f94612bf110 - Path: Packages/com.unity.test-framework' with importer (DefaultImporter)
Imported 'GUID: de8323a5bcf412c073222f94612bf110' -> (Import Result ID: '48d3b6efa4f10e841f69c19d2f7bb56a') in 0.002 seconds [static dependencies only]. Details - ImportResultOutputID=f584d7db1bbf3e504de6955be1b4dff6 DependenciesID=3c87b03bb9577daeb7da38cfd4c94c2f StaticDependenciesID=dce829fe3ce3842e179d775e4f9850e5 
Importing 'GUID: 6f1c7ebc8ac78cb951be24c238cbd3ba - Path: Packages/com.unity.modules.unitywebrequesttexture' with importer (DefaultImporter)
Imported 'GUID: 6f1c7ebc8ac78cb951be24c238cbd3ba' -> (Import Result ID: 'dc5a6902bac92eaeb7da79a7ee7c0445') in 0.002 seconds [static dependencies only]. Details - ImportResultOutputID=f756e1201c1cee903471ba41f17534ce DependenciesID=9c3425c6cf7e4c1387cd8661023d2522 StaticDependenciesID=baf7643e8208e171f7d2f4245768752b 
Importing 'GUID: 0025085fa936303aa05b328e44651f9c - Path: Packages/com.unity.burst/Unity.Burst.CodeGen' with importer (DefaultImporter)
Imported 'GUID: 0025085fa936303aa05b328e44651f9c' -> (Import Result ID: 'a9783187c83d4bb3b29102b350b8a2d9') in 0.001 seconds [static dependencies only]. Details - ImportResultOutputID=4ae115ab2aa3b7a157509604d87d2d16 DependenciesID=2008c68f9d9594bdaed0dd3c4abfb337 StaticDependenciesID=153ecdf1a88d8d090964a4a1180728aa 
Importing 'GUID: 00a9bcd29d03e5043aad0c9a7e6185f3 - Path: Packages/com.unity.collections/Unity.Collections.BurstCompatibilityGen' with importer (DefaultImporter)
Imported 'GUID: 00a9bcd29d03e5043aad0c9a7e6185f3' -> (Import Result ID: '92d16c3fbf2fa3692f27669e44f75dc1') in 0.001 seconds [static dependencies only]. Details - ImportResultOutputID=eb41ff3236e02d89198e10b0cbdcb33c DependenciesID=3ee04e208753e37fd371c6e07f63505c StaticDependenciesID=e9f5a2aca98728f7698eb08bde5d6841 
Importing 'GUID: b0cc14a1035a4804bb8d8563811a1787 - Path: Assets/DataLayoutCalibrator/Generated' with importer (DefaultImporter)
Imported 'GUID: b0cc14a1035a4804bb8d8563811a1787' -> (Import Result ID: 'ad0fbea3868b1c76c9ce829f7194f6c4') in 0.001 seconds [static dependencies only]. Details - ImportResultOutputID=25bdde35f99d1e47f401de9c2c4a69e8 DependenciesID=2f9740f3de9b9051afa8e85806a8a2d3 StaticDependenciesID=74c279e7785d768c203a3e0943fa3e09 
Importing 'GUID: d1e9e4c1f536d9246ac795d9abc62342 - Path: Packages/com.unity.collections/Unity.Collections.Editor' with importer (DefaultImporter)
Imported 'GUID: d1e9e4c1f536d9246ac795d9abc62342' -> (Import Result ID: '05f948c54d541ff1678ae469db615b62') in 0.001 seconds [static dependencies only]. Details - ImportResultOutputID=1cca4de8da11640577d088eaa92ef9a1 DependenciesID=9faa0fc7f53036856cafad7c8ec14795 StaticDependenciesID=a027e1e6062483c4b4fed85a5f3346d2 
Importing 'GUID: e1700f0d2aa03c568eaedb3efe6720f0 - Path: Packages/com.unity.burst/Runtime' with importer (DefaultImporter)
Imported 'GUID: e1700f0d2aa03c568eaedb3efe6720f0' -> (Import Result ID: '8f7b609a104ae948f9e626323de10b08') in 0.001 seconds [static dependencies only]. Details - ImportResultOutputID=7812c54eae00c302e7581bbf8f019166 DependenciesID=f1b22de24db8245bb92d749cb98e3fb6 StaticDependenciesID=90e2a9cdb9e3d70609e302eeb5753cce 
Importing 'GUID: 72aad6ae0dafb492cbf852432441bb38 - Path: Packages/com.unity.multiplayer.center/Editor' with importer (DefaultImporter)
Imported 'GUID: 72aad6ae0dafb492cbf852432441bb38' -> (Import Result ID: 'd544db8e635d7b45b55c750ef4a1709d') in 0.001 seconds [static dependencies only]. Details - ImportResultOutputID=fd813adfe6f53e0e5a3fd1bde50dd9b3 DependenciesID=bda332fa8d13046d94ce23fbe4e373fe StaticDependenciesID=2e5ad470682bc241fa1aea1ca4f583a5 
Importing 'GUID: f247964bd405431fbd31840f97bef608 - Path: Packages/com.unity.multiplayer.center/Common' with importer (DefaultImporter)
Imported 'GUID: f247964bd405431fbd31840f97bef608' -> (Import Result ID: '109c822527fb283013d9061a8493a91d') in 0.002 seconds [static dependencies only]. Details - ImportResultOutputID=758923f3b917a744e934a49667168e4f DependenciesID=bd38b39f570e1522dd16e75ac8e0cc4e StaticDependenciesID=ffea94c4ea4c461cb0813b37eb337d4c 
Importing 'GUID: 6353acf8df7d746d98d65f640d39ea47 - Path: Packages/com.unity.collections/Unity.Collections.LowLevel.ILSupport' with importer (DefaultImporter)
Imported 'GUID: 6353acf8df7d746d98d65f640d39ea47' -> (Import Result ID: 'f56c9d26d24670c6ae8d5c3fd6eab651') in 0.001 seconds [static dependencies only]. Details - ImportResultOutputID=921982f18c2f4d04a3ea6a717385a370 DependenciesID=2ba1ac8ce9164b6a22ad54c9a051f660 StaticDependenciesID=a67abf165ae23514c74375579175f008 
Importing 'GUID: c32cd07d0cb7eb9408f55ae3d41f7fd5 - Path: Packages/com.yanagisawa.data-layout-calibrator/Runtime' with importer (DefaultImporter)
Imported 'GUID: c32cd07d0cb7eb9408f55ae3d41f7fd5' -> (Import Result ID: '31ebf7bad6399677de9059adce23f5a0') in 0.000 seconds [static dependencies only]. Details - ImportResultOutputID=e4f19b3d711dc5393271c240658ff516 DependenciesID=506c8e3228394fc6811947a27ee11e0e StaticDependenciesID=5afec2e590ca9ec533d8460c32f3876e 
Importing 'GUID: d3c61e5b741145c58b625a955f92683c - Path: Packages/com.yanagisawa.data-layout-calibrator/SourceGenerators' with importer (DefaultImporter)
Imported 'GUID: d3c61e5b741145c58b625a955f92683c' -> (Import Result ID: '99e74b2d32944d02d39ed518f27e44f1') in 0.002 seconds [static dependencies only]. Details - ImportResultOutputID=218f61132d852c313412bf37efb30b85 DependenciesID=5695a10f972bf41976f1a1a0d3e3f835 StaticDependenciesID=d5431850451e675c4884cced12f2dac7 
Importing 'GUID: 04270704ae4dc994cb99e586b2ddf5e0 - Path: Packages/com.unity.mathematics/Unity.Mathematics' with importer (DefaultImporter)
Imported 'GUID: 04270704ae4dc994cb99e586b2ddf5e0' -> (Import Result ID: 'ce24d1252391a212f8537e4f77806bd7') in 0.001 seconds [static dependencies only]. Details - ImportResultOutputID=1ac1f880dc5e74e3bb94e0085c2e61c2 DependenciesID=821e38798adeef27d6fae3f778abbcd4 StaticDependenciesID=7f236d747120555285ff2d72280134a8 
Importing 'GUID: 64eb865185e099a4489b7b81fd1ff280 - Path: Packages/com.yanagisawa.data-layout-calibrator/Samples' with importer (DefaultImporter)
Imported 'GUID: 64eb865185e099a4489b7b81fd1ff280' -> (Import Result ID: 'd518c3f374d2f88e4c88a6a2b7b4fd66') in 0.001 seconds [static dependencies only]. Details - ImportResultOutputID=9cbeea614ad6abc5a51ef52ce4c45b64 DependenciesID=4553c71a4131698dcc26a56c065a3917 StaticDependenciesID=df77d5ad7e7d446b5a4a33421e1d29fd 
Importing 'GUID: 84cdada7fb464b39a03c3988a665c81a - Path: Assets/Plugins/x86_64' with importer (DefaultImporter)
Imported 'GUID: 84cdada7fb464b39a03c3988a665c81a' -> (Import Result ID: 'cf079efe692070b803ce7a98d584a529') in 0.001 seconds [static dependencies only]. Details - ImportResultOutputID=a1d491a3686683e5b7f8534f9ed061b2 DependenciesID=29df773d78bcd06f15a7a33ae3f34100 StaticDependenciesID=6883989f1c6fa68a6721b3d87b12d3ac 
Importing 'GUID: d44454e6d25878e46a8495f8a720d7c0 - Path: Packages/com.unity.collections/Unity.Collections.CodeGen' with importer (DefaultImporter)
Imported 'GUID: d44454e6d25878e46a8495f8a720d7c0' -> (Import Result ID: '5f7ddda41a7680196f85037b0afea378') in 0.001 seconds [static dependencies only]. Details - ImportResultOutputID=bd2a6ec09e80aeb7706ff95a4f27cbe3 DependenciesID=bb7c972b0617e4f98238d2b77afc86f6 StaticDependenciesID=495861794db208d849a127fb1f679175 
Importing 'GUID: 851059649e6d63e4fb0769ac17814d1b - Path: Assets/DataLayoutCalibrator/Editor' with importer (DefaultImporter)
Imported 'GUID: 851059649e6d63e4fb0769ac17814d1b' -> (Import Result ID: 'e6d4c8a5b744415b0748f21ced212e7b') in 0.000 seconds [static dependencies only]. Details - ImportResultOutputID=8f0d8c429a9d9a684fb67401e6cd23ea DependenciesID=b68c42068471d69dc4fc104dc0887b14 StaticDependenciesID=773910deb166cf2d49b110d9dd9dca30 
Importing 'GUID: 950890083f4907541a6ed06d70959e49 - Path: Packages/com.unity.test-framework/UnityEngine.TestRunner' with importer (DefaultImporter)
Imported 'GUID: 950890083f4907541a6ed06d70959e49' -> (Import Result ID: '6bbf684d23df19068864880006a67707') in 0.001 seconds [static dependencies only]. Details - ImportResultOutputID=9d0a0dd032448920d0a1f19431a2b37e DependenciesID=acc94c3e2518df05e3e32ed95b965b9d StaticDependenciesID=878f29d4ad6d976c01ad34bfd31d2b96 
Importing 'GUID: 95cdf27b47eb82747ba9e51f41e72a35 - Path: Packages/com.unity.test-framework/UnityEditor.TestRunner' with importer (DefaultImporter)
Imported 'GUID: 95cdf27b47eb82747ba9e51f41e72a35' -> (Import Result ID: 'cd9fa969ff49c2ded2c2e4507e68ed49') in 0.001 seconds [static dependencies only]. Details - ImportResultOutputID=c30eb80b710dc3dd71402b2a207cfe47 DependenciesID=0e32b18293f2a488b96364db15059a5b StaticDependenciesID=1521999679173ee1d331a362b4112289 
Importing 'GUID: b5713c21e3bf34803880e60596ab7e69 - Path: Packages/com.unity.collections/Unity.Collections' with importer (DefaultImporter)
Imported 'GUID: b5713c21e3bf34803880e60596ab7e69' -> (Import Result ID: '10d04c257e302878edcd11ab8375058e') in 0.001 seconds [static dependencies only]. Details - ImportResultOutputID=725a2aa1a83065c772062fd99e9db374 DependenciesID=8c6ce60bfa41bf0b038e6b89874e4661 StaticDependenciesID=3c58cd6bf1310547247f2bd465d7ed33 
Importing 'GUID: 0600146fb26ea4138a2f66b89faa9e86 - Path: Packages/com.unity.nuget.mono-cecil/Tests' with importer (DefaultImporter)
Imported 'GUID: 0600146fb26ea4138a2f66b89faa9e86' -> (Import Result ID: 'eb7cff3bf615c966bc5caaa1ff2f2df0') in 0.001 seconds [static dependencies only]. Details - ImportResultOutputID=659b914f2d34f88e6d8fe8aef4b19a21 DependenciesID=5dd7dd77fac33f52aee408419544a46e StaticDependenciesID=11a17eeddb8f02e5afb0b2be2a638f20 
Importing 'GUID: a6ca3ceb44ad3b13ad15d2de0caf14d0 - Path: Packages/com.unity.burst/Editor' with importer (DefaultImporter)
Imported 'GUID: a6ca3ceb44ad3b13ad15d2de0caf14d0' -> (Import Result ID: 'b1fdf30ba27e4175f6ad6039470ccc46') in 0.000 seconds [static dependencies only]. Details - ImportResultOutputID=82e61aa44fe4bf597789a2f744e5db66 DependenciesID=159cce2e238b605c11feeba796c6872f StaticDependenciesID=ed6ce027e9ece70797f5028df42c471e 
Importing 'GUID: c6109ec765950cf45afaad2f5e13b092 - Path: Assets/DataLayoutCalibrator/Runtime' with importer (DefaultImporter)
Imported 'GUID: c6109ec765950cf45afaad2f5e13b092' -> (Import Result ID: '72ea091b8f836c54d2b3f3328dcb2523') in 0.000 seconds [static dependencies only]. Details - ImportResultOutputID=90fee63902b3171aeac23f0cf6a189fd DependenciesID=9150b3525b8cdfc1d3c42e893f8dcf3d StaticDependenciesID=b65a99bee6a13b5b258340cc73aeac22 
Importing 'GUID: 0855336f89ed65c45a15c56d2269fffd - Path: Packages/com.unity.test-framework.performance/Editor' with importer (DefaultImporter)
Imported 'GUID: 0855336f89ed65c45a15c56d2269fffd' -> (Import Result ID: '7035d928b2ea7e55ef1d1ef682cf87d2') in 0.000 seconds [static dependencies only]. Details - ImportResultOutputID=10e56d7b5a50086cf00601dcfb07edfc DependenciesID=794bacc2ca48a118202fe74f11287c10 StaticDependenciesID=e56057c6f7e501689a48544dd268cc3a 
Importing 'GUID: a962d501f44484c37814dbad5ed605e9 - Path: Packages/com.unity.ext.nunit/net472' with importer (DefaultImporter)
Imported 'GUID: a962d501f44484c37814dbad5ed605e9' -> (Import Result ID: 'd5dc5afd1f4c5e48f8d8accb16248ff5') in 0.001 seconds [static dependencies only]. Details - ImportResultOutputID=0fb736c25fa959b21ff8949633da9a4e DependenciesID=942f000bbbf1a460a3e6f65b215294e9 StaticDependenciesID=f6f4e0c4980e8e31fb620e6876cf746c 
Importing 'GUID: 8a512234959c84f759a00b7053a0169b - Path: Packages/com.unity.mathematics/Tests' with importer (DefaultImporter)
Imported 'GUID: 8a512234959c84f759a00b7053a0169b' -> (Import Result ID: '81126e8b21f7ef73bb5d45d5bf5cb30a') in 0.001 seconds [static dependencies only]. Details - ImportResultOutputID=05fa5f1a77b84e51df1b205b2cde8d01 DependenciesID=22d536815ddba09f94694c8b5deacc30 StaticDependenciesID=54e2e7250dc09ecda83bea981885c4b9 
Importing 'GUID: baf75c9d3de4941df9ee5f3dd1d3bc34 - Path: Packages/com.unity.multiplayer.center/Tests' with importer (DefaultImporter)
Imported 'GUID: baf75c9d3de4941df9ee5f3dd1d3bc34' -> (Import Result ID: 'a4508947fb65bf2a108807c970601f09') in 0.000 seconds [static dependencies only]. Details - ImportResultOutputID=472be40ede228cb93594a902416e88d6 DependenciesID=bccfaf786bfd27efe69476880f4fff0a StaticDependenciesID=a53a72b999cd3da2d73e422a72b6bc28 
Importing 'GUID: 1bc474d6c48563e48bf377774df23cb1 - Path: Packages/com.unity.collections/Unity.Collections.Tests.Playmode' with importer (DefaultImporter)
Imported 'GUID: 1bc474d6c48563e48bf377774df23cb1' -> (Import Result ID: '6ca43bef7d3b57b809522d9fb1de8a5e') in 0.002 seconds [static dependencies only]. Details - ImportResultOutputID=9838af8ae3c39e9f11270360b13ed15d DependenciesID=00137b7ee45f731d3f098499411db159 StaticDependenciesID=a264775b3f12bed0101a0f6f38c9458e 
Importing 'GUID: 4c3b5584c2c4c483b9816878d89d3793 - Path: Packages/com.unity.collections/Unity.Collections.PerformanceTests' with importer (DefaultImporter)
Imported 'GUID: 4c3b5584c2c4c483b9816878d89d3793' -> (Import Result ID: '31f148914388c610505765b846317c45') in 0.001 seconds [static dependencies only]. Details - ImportResultOutputID=a5946da6d4e016741ce6ff08ae709ed1 DependenciesID=5b129dda72bc47c3583f7703a9b3cdac StaticDependenciesID=9fa5bc0242a3026729ff27410397f820 
Importing 'GUID: 5c67b9b0b7cb745ff9944601a5b65149 - Path: Packages/com.unity.collections/Unity.Collections.Tests' with importer (DefaultImporter)
Imported 'GUID: 5c67b9b0b7cb745ff9944601a5b65149' -> (Import Result ID: '1386fceb5130da6dc5e0676a4ca884e6') in 0.001 seconds [static dependencies only]. Details - ImportResultOutputID=3e8f9ac41f3ef55bd15a7c36c55c552f DependenciesID=9b296cce3566ab6b51aa9cabd9e08879 StaticDependenciesID=1c961cf0b94db7ef08d62e5a9ff2ac4a 
Importing 'GUID: ed2c1c145cb193d4d8987d3886bc12b4 - Path: Packages/com.unity.collections/DocCodeSamples.Tests' with importer (DefaultImporter)
Imported 'GUID: ed2c1c145cb193d4d8987d3886bc12b4' -> (Import Result ID: 'c466ae8d7b2dae6ed9360349e8ba0bb6') in 0.001 seconds [static dependencies only]. Details - ImportResultOutputID=f713dd70942667da024e0a9f26a91ac6 DependenciesID=9eb92c5b016c277702d13a6952624031 StaticDependenciesID=ca841974d799941af50e6c8e5f713d9f 
Importing 'GUID: 1e38197c94bc9b7488f73f7053172578 - Path: Packages/com.yanagisawa.data-layout-calibrator/Tests' with importer (DefaultImporter)
Imported 'GUID: 1e38197c94bc9b7488f73f7053172578' -> (Import Result ID: 'bf4039efc27d119759f82f13ac4da278') in 0.000 seconds [static dependencies only]. Details - ImportResultOutputID=e8806b31632f6a77ac16071c316fb1ba DependenciesID=7f3e2400683d7bf92bc4810262ad0c7b StaticDependenciesID=1fc043626208b9d26797f2b7c510ab27 
Importing 'GUID: 6edbafb3b8c712640ae66bb69eabb0a8 - Path: Packages/com.unity.test-framework.performance/Runtime' with importer (DefaultImporter)
Imported 'GUID: 6edbafb3b8c712640ae66bb69eabb0a8' -> (Import Result ID: '47eb7d210b8bc66f0f7d22726165fb82') in 0.000 seconds [static dependencies only]. Details - ImportResultOutputID=108ec481a851304e5a5f8143f9f8028b DependenciesID=8cbf8fb4ae57835c5229f628e0dc4bb7 StaticDependenciesID=0c0b1cd89c6ac0b62ba9ac9d23613da4 
Importing 'GUID: ee3c6001d6f4bbf409631328fb4cd463 - Path: Packages/com.unity.collections/Unity.Collections.PerformanceTests.Internal' with importer (DefaultImporter)
Imported 'GUID: ee3c6001d6f4bbf409631328fb4cd463' -> (Import Result ID: '442bc34083b70488b21254ff536ff90f') in 0.002 seconds [static dependencies only]. Details - ImportResultOutputID=51ada27937c2cdbbb3e0a8f665e3f154 DependenciesID=e025c191ead608f106489a86836ffda8 StaticDependenciesID=5616f63dbbeb848305dbb8e0442ffff9 
Importing 'GUID: 30bb01dc09cb89b4faf344490fee76a7 - Path: Packages/com.unity.test-framework.performance/Editor/TestReportGraph' with importer (DefaultImporter)
Imported 'GUID: 30bb01dc09cb89b4faf344490fee76a7' -> (Import Result ID: '10b58bd1c68a7c928245f3ab3fee70b0') in 0.001 seconds [static dependencies only]. Details - ImportResultOutputID=1c466b38045ec12cb7da8cd1493de1e3 DependenciesID=920f4b06adeffab64e8286f26297fc2b StaticDependenciesID=68780b111b1e3b1a0052fb70ddb6c4d8 
Importing 'GUID: c0c170ab616b34944bcd5e75cfcb9d06 - Path: Packages/com.unity.test-framework.performance/Runtime/Measurements' with importer (DefaultImporter)
Imported 'GUID: c0c170ab616b34944bcd5e75cfcb9d06' -> (Import Result ID: '741accfa8ce7e18e233f2bfdc4afb48a') in 0.001 seconds [static dependencies only]. Details - ImportResultOutputID=96e3a0554eaa1050f3ddca0ed45f68b1 DependenciesID=58558071ae759bfb57cbd0daeb4e667a StaticDependenciesID=dac0420c1a1ae9b779c9742d5f5ac286 
Importing 'GUID: 21f32d2f4add49b3b11fadb6889a2156 - Path: Packages/com.unity.multiplayer.center/Editor/Analytics' with importer (DefaultImporter)
Imported 'GUID: 21f32d2f4add49b3b11fadb6889a2156' -> (Import Result ID: 'a77d95b141ede6a5414a9e2eddbadace') in 0.001 seconds [static dependencies only]. Details - ImportResultOutputID=7627045f4445b3bccda132ac184a65c4 DependenciesID=b914b512b239e5cc4658c8f67a171ad6 StaticDependenciesID=91df97da6beb6f55a84b3dae8cae5ffd 
Importing 'GUID: 22d3dbf8d488d49d2b1130d698010dee - Path: Packages/com.unity.multiplayer.center/Editor/Features' with importer (DefaultImporter)
Imported 'GUID: 22d3dbf8d488d49d2b1130d698010dee' -> (Import Result ID: '8f2a6acf8bd149afa0ff4a220df80e81') in 0.001 seconds [static dependencies only]. Details - ImportResultOutputID=fb074caa7d2abd29e270db3a9b71e3a9 DependenciesID=ba5e61c294467286e03f6ea9a7246714 StaticDependenciesID=c18103a73fe9079eeb1f700f43a6d5b2 
Importing 'GUID: d2bd35c14da30b94c81ec15c7db30136 - Path: Packages/com.unity.test-framework.performance/Runtime/Attributes' with importer (DefaultImporter)
Imported 'GUID: d2bd35c14da30b94c81ec15c7db30136' -> (Import Result ID: 'fdddbfbe62d3dbe781574dcbc6f65d5c') in 0.001 seconds [static dependencies only]. Details - ImportResultOutputID=4807e57c1d63e3c8cdce723131a935f6 DependenciesID=f62fb4a42395cb4a91b6dbc7cbbd46f5 StaticDependenciesID=fdd83ef679c69409984a98988904a4b1 
Importing 'GUID: 0369bc643b4a11246a869e582c0f275a - Path: Packages/com.unity.test-framework.performance/Runtime/Data' with importer (DefaultImporter)
Imported 'GUID: 0369bc643b4a11246a869e582c0f275a' -> (Import Result ID: '28d38ce1f085cf2bafc587a364c205c2') in 0.001 seconds [static dependencies only]. Details - ImportResultOutputID=963fc1b00d3642ebd112d897cb5bc384 DependenciesID=bb5a7783d6c816471930d05143e40034 StaticDependenciesID=94203fad03bef68e2e54ebafc7260fa3 
Importing 'GUID: 336c58ff186c3f245a1e3353bd539093 - Path: Packages/com.unity.collections/Unity.Collections.PerformanceTests/Unity.PerformanceTesting.Benchmark' with importer (DefaultImporter)
Imported 'GUID: 336c58ff186c3f245a1e3353bd539093' -> (Import Result ID: 'c7ae1e5fe0720944d51721e9cf6d5ef7') in 0.001 seconds [static dependencies only]. Details - ImportResultOutputID=9ddde4abcf0badd4b18123998c77c35e DependenciesID=c19a1f59a84c2b80e8ede956ddf6a816 StaticDependenciesID=5447e0a1d73b708c017b39bb68216e42 
Importing 'GUID: 936c6340f3468444ebb1785b4c311126 - Path: Packages/com.unity.test-framework/UnityEditor.TestRunner/UnityTestProtocol' with importer (DefaultImporter)
Imported 'GUID: 936c6340f3468444ebb1785b4c311126' -> (Import Result ID: '3a51d09533a264496af4711519f9e72c') in 0.001 seconds [static dependencies only]. Details - ImportResultOutputID=89127d418b93a7e53b9d2f81dc229627 DependenciesID=15ab84ac08b416cf4b9dddd2503c269d StaticDependenciesID=6bdda76c9174ed6ddc4655f058ddd71a 
Importing 'GUID: b477d1f29b65a674e9d5cdab4eb72b01 - Path: Packages/com.unity.test-framework/UnityEditor.TestRunner/CommandLineTest' with importer (DefaultImporter)
Imported 'GUID: b477d1f29b65a674e9d5cdab4eb72b01' -> (Import Result ID: '41a193ccd8b2d3327198421590e2f506') in 0.001 seconds [static dependencies only]. Details - ImportResultOutputID=6b09130ee2b1eae35ef5007d9a1c5219 DependenciesID=cca7ce589a7781991994749b126bfc74 StaticDependenciesID=887ce8072f47ac5a0683b1c1184573f4 
Importing 'GUID: c433e85ffb033bc99961d95aba84d010 - Path: Packages/com.unity.burst/Runtime/Editor' with importer (DefaultImporter)
Imported 'GUID: c433e85ffb033bc99961d95aba84d010' -> (Import Result ID: 'f94a0e0477f48595a1dc1ad421780b17') in 0.000 seconds [static dependencies only]. Details - ImportResultOutputID=b90a04329b33d0a9bd72b713ba648f83 DependenciesID=51e554ffa9d3c5d3a1e9325732366d67 StaticDependenciesID=289252b9935f8c6d967abe8e1fb7adc8 
Importing 'GUID: c444cdaea13cbba4ba4a77b9e7a1d55d - Path: Packages/com.yanagisawa.data-layout-calibrator/Samples/ParticleIntegrate' with importer (DefaultImporter)
Imported 'GUID: c444cdaea13cbba4ba4a77b9e7a1d55d' -> (Import Result ID: 'e5c05745778b93ae4e42cb931c7df0df') in 0.001 seconds [static dependencies only]. Details - ImportResultOutputID=0b20f709a3c12b1bc68680b9c7b26c05 DependenciesID=6e9eaef10eedc843c53a47a2a8538e24 StaticDependenciesID=31f436fe66c845447abfa3b9b3faf85e 
Importing 'GUID: 15816ede41b819e439cb53115efc62b0 - Path: Packages/com.unity.collections/Unity.Collections.Tests/Jobs' with importer (DefaultImporter)
Imported 'GUID: 15816ede41b819e439cb53115efc62b0' -> (Import Result ID: '63a136bb9a1ba93e887b1c22c39d7aa9') in 0.001 seconds [static dependencies only]. Details - ImportResultOutputID=eed37badb34d11bdd449b12d683965d8 DependenciesID=c1bbb026f8a88b2469886e4000f665b1 StaticDependenciesID=075321d788eb07cf794d690c78c05a79 
Importing 'GUID: 4598ea5d00316445abd4ab7d202861fd - Path: Packages/com.unity.mathematics/Tests/Editor' with importer (DefaultImporter)
Imported 'GUID: 4598ea5d00316445abd4ab7d202861fd' -> (Import Result ID: '2086c151bbc66d722d5eccbcb2991696') in 0.000 seconds [static dependencies only]. Details - ImportResultOutputID=b73e008404f497f0762738fc225fa37e DependenciesID=2f8788197ca26094e05375fa24266a9b StaticDependenciesID=c2ed6ff9002cdf06e69e7e48facc0a35 
Importing 'GUID: 45ad7246e4741472187b3dbd3cfff518 - Path: Packages/com.unity.nuget.mono-cecil/Tests/Editor' with importer (DefaultImporter)
Imported 'GUID: 45ad7246e4741472187b3dbd3cfff518' -> (Import Result ID: 'e514d99c84adcfdda81ce21f37811bd3') in 0.000 seconds [static dependencies only]. Details - ImportResultOutputID=60fc15098f0eddc993ae93fac06cb5ca DependenciesID=a3d1efb2f4c49f2dbbe526f0b15491ff StaticDependenciesID=de2b767a314a7c5e5c61a4cd4a01b3a3 
Importing 'GUID: 85fd8883b983ce84097315fa9514bc23 - Path: Packages/com.yanagisawa.data-layout-calibrator/Tests/Editor' with importer (DefaultImporter)
Imported 'GUID: 85fd8883b983ce84097315fa9514bc23' -> (Import Result ID: 'a268ab9ffeef587b01f5fad9358d6376') in 0.000 seconds [static dependencies only]. Details - ImportResultOutputID=4cd2a032bb9ad662411d6aeb68a67be7 DependenciesID=b89a894daaa89087731b6f34da275e59 StaticDependenciesID=fe8e0e33a5c5fdb9674ea258cd96c80c 
Importing 'GUID: 95b719082a664ea45bb56759eed1f271 - Path: Packages/com.unity.test-framework/UnityEditor.TestRunner/TestSettings' with importer (DefaultImporter)
Imported 'GUID: 95b719082a664ea45bb56759eed1f271' -> (Import Result ID: '364e575aa6ed4532c2832f196bb09bcf') in 0.002 seconds [static dependencies only]. Details - ImportResultOutputID=26719bd1c3a48fbd939af9a8e209c7ef DependenciesID=17fd597156face5bf56546bff9f06fbe StaticDependenciesID=4d4eeded1ae51f8933b965e9a815526d 
Importing 'GUID: d549366794d73f618193482d7f40ae75 - Path: Packages/com.unity.burst/Runtime/CompilerServices' with importer (DefaultImporter)
Imported 'GUID: d549366794d73f618193482d7f40ae75' -> (Import Result ID: '45d0626ed0ca57de58766e8ac23635e7') in 0.001 seconds [static dependencies only]. Details - ImportResultOutputID=408fd5b42849c2169f2b240b0936acdd DependenciesID=6f7db050369962a03f7a2cdb0e786e91 StaticDependenciesID=43aa9ded725861ddce052c243fc768dd 
Importing 'GUID: e58d49e5358747188578dc2d001efbba - Path: Packages/com.yanagisawa.data-layout-calibrator/Samples/ExternalWorkloads' with importer (DefaultImporter)
Imported 'GUID: e58d49e5358747188578dc2d001efbba' -> (Import Result ID: '65a4c4176c924e492f2fa9927747eb65') in 0.001 seconds [static dependencies only]. Details - ImportResultOutputID=b8cc6ee56d937de3ca0c408e5c95add6 DependenciesID=2a32946e93dba731cbbb1147a8dcdc85 StaticDependenciesID=fb20e3bcfc2b01741711db1994823de6 
Importing 'GUID: 7602252bdb82b8d45ae3483c3a00d3e1 - Path: Packages/com.unity.test-framework/UnityEditor.TestRunner/CommandLineParser' with importer (DefaultImporter)
Imported 'GUID: 7602252bdb82b8d45ae3483c3a00d3e1' -> (Import Result ID: '256beccd4bda978228fb5967d6a74cf2') in 0.001 seconds [static dependencies only]. Details - ImportResultOutputID=f9dfa1c1591b6cc754dc7a89ea46d3e7 DependenciesID=f6b8fa22dba2e619b26228aa34c431ed StaticDependenciesID=d5c0f448aa102827a0e038851b8ef4e0 
Importing 'GUID: 96c71b811fa50403690b154e216fe217 - Path: Packages/com.unity.multiplayer.center/Tests/Editor' with importer (DefaultImporter)
Imported 'GUID: 96c71b811fa50403690b154e216fe217' -> (Import Result ID: '14ac7904047ddd2cfbfdf1651649cfdf') in 0.000 seconds [static dependencies only]. Details - ImportResultOutputID=c9c8f2de7834bb2ffb0da4bb4f2955fa DependenciesID=6bcb6dd62fb9a72a8f4df030dfea25dc StaticDependenciesID=b03f0c3af7ff39d2dea96f113c952c6d 
Importing 'GUID: b6a3ada20a8c4030907eb96c0cb331bc - Path: Packages/com.unity.test-framework.performance/Editor/UIElements' with importer (DefaultImporter)
Imported 'GUID: b6a3ada20a8c4030907eb96c0cb331bc' -> (Import Result ID: '9d55065bc60f75e3c2476b438135382d') in 0.001 seconds [static dependencies only]. Details - ImportResultOutputID=54d37e9de362623f8c0f2a7c4653d074 DependenciesID=223ea5c8e38b3e89e99c557cce1d59db StaticDependenciesID=d63da8cfc193e9f3b650941720fe2ef4 
Importing 'GUID: d64d92e4f04a13e4b99ea8d48e9e8ae9 - Path: Packages/com.unity.test-framework/UnityEditor.TestRunner/TestLaunchers' with importer (DefaultImporter)
Imported 'GUID: d64d92e4f04a13e4b99ea8d48e9e8ae9' -> (Import Result ID: 'd93185a37a1f1d9b11fd42bdf1ec78a5') in 0.001 seconds [static dependencies only]. Details - ImportResultOutputID=a0cbcea9f871bede76e5589470a0b9df DependenciesID=743c5dd33ba872b72a31c3e6e3eaa2c4 StaticDependenciesID=fb7a077503d38b0c1503587a58c7d95a 
Importing 'GUID: 1726448925bf4bd1af6ca883bae8ff3f - Path: Packages/com.unity.multiplayer.center/Editor/OnBoarding' with importer (DefaultImporter)
Imported 'GUID: 1726448925bf4bd1af6ca883bae8ff3f' -> (Import Result ID: '18163f018dea809ea51f345717b65aa2') in 0.001 seconds [static dependencies only]. Details - ImportResultOutputID=14950a62abf6548e54801ab788e1f49c DependenciesID=d0590ceb4857f99b30a1f301ee701372 StaticDependenciesID=e3d00d36fdf0be4c57a0e78a8650ae47 
Importing 'GUID: 27328db3447b143dcb24e8c854d86028 - Path: Packages/com.unity.ext.nunit/net472/unity-custom' with importer (DefaultImporter)
Imported 'GUID: 27328db3447b143dcb24e8c854d86028' -> (Import Result ID: 'fec3a99dbc3b0e19ef6ccadf5a84d089') in 0.001 seconds [static dependencies only]. Details - ImportResultOutputID=1b08fb6f528fa1c4cea1952d60bb44cb DependenciesID=2ceb2d534c96a03e3a5233d3283759d6 StaticDependenciesID=10d01fb553a212f11cb80118c6953179 
Importing 'GUID: 8721cb2237d4a564a94a51f56243bdac - Path: Packages/com.unity.test-framework/UnityEditor.TestRunner/TestRun' with importer (DefaultImporter)
Imported 'GUID: 8721cb2237d4a564a94a51f56243bdac' -> (Import Result ID: '2c969dcec13399623d38ca573952575a') in 0.001 seconds [static dependencies only]. Details - ImportResultOutputID=bb3abceed2dcdbc717577da6a5516a6a DependenciesID=5c871a190d50d3ff0620c27a96f4f185 StaticDependenciesID=da0159acfbf9230c4c54d2932fa66f25 
Importing 'GUID: 87a94b842b274d659780db4fe90cf8d6 - Path: Packages/com.yanagisawa.data-layout-calibrator/Samples/AdditionalWorkloads' with importer (DefaultImporter)
Imported 'GUID: 87a94b842b274d659780db4fe90cf8d6' -> (Import Result ID: '46f4cd48c523ff503476e25b531f8e3f') in 0.001 seconds [static dependencies only]. Details - ImportResultOutputID=6978e23d3d81085fa424ab6ab27cc0e6 DependenciesID=befccb0aa064ba650cbd74ef99341313 StaticDependenciesID=058da714884a03458831573171451a16 
Importing 'GUID: 97646f506bf040e9bd4568124c8b425e - Path: Packages/com.unity.multiplayer.center/Editor/Recommendations' with importer (DefaultImporter)
Imported 'GUID: 97646f506bf040e9bd4568124c8b425e' -> (Import Result ID: 'cc248bd01438e442e9b8f5146f177bb0') in 0.001 seconds [static dependencies only]. Details - ImportResultOutputID=56d8246ba8918c014e8884d34d60ce31 DependenciesID=92925428a0398750964272fed67fd056 StaticDependenciesID=c9e57a3d54cd35ff5ecb38a752f6c0ce 
Importing 'GUID: a7f089ed51c2345ffb7ac0bc3562453f - Path: Packages/com.unity.multiplayer.center/Editor/Questionnaire' with importer (DefaultImporter)
Imported 'GUID: a7f089ed51c2345ffb7ac0bc3562453f' -> (Import Result ID: '0b1a1139265754ccc16fbd866ddae770') in 0.001 seconds [static dependencies only]. Details - ImportResultOutputID=961ee9ffe5dc2d5b9b5d9f6c51e99710 DependenciesID=4a5feade6cc74bd66ea11eaf1bfd50a8 StaticDependenciesID=8758ac2ff21b659dacf635dafd267164 
Importing 'GUID: f778b3b3948af5542847d94f90157bd6 - Path: Packages/com.unity.collections/Unity.Collections/Jobs' with importer (DefaultImporter)
Imported 'GUID: f778b3b3948af5542847d94f90157bd6' -> (Import Result ID: '7f5b97d4778beae10de9a13f36933e2e') in 0.000 seconds [static dependencies only]. Details - ImportResultOutputID=361992b721d9a10dae5676bd5104df36 DependenciesID=a95fbfd6dd4f122f34a6518a009e17c6 StaticDependenciesID=2a1807b4daa2277a9d5c8d24c75266d0 
Importing 'GUID: 18966f2a7fc5d4073a425a1a3d564494 - Path: Packages/com.unity.test-framework.performance/Runtime/Statistics' with importer (DefaultImporter)
Imported 'GUID: 18966f2a7fc5d4073a425a1a3d564494' -> (Import Result ID: '9ff41e817dfb334fc952cab5c1ba4302') in 0.001 seconds [static dependencies only]. Details - ImportResultOutputID=bf30fa74be688ae8b1fdc9e9f5dae3ec DependenciesID=70c3b064d7f2153440e11833657793a7 StaticDependenciesID=533da7b233562d9bc9deca74cdde34bb 
Importing 'GUID: 19e1940646874613a076c6b01d1f3404 - Path: Packages/com.unity.test-framework/UnityEngine.TestRunner/UnityTestProtocol' with importer (DefaultImporter)
Imported 'GUID: 19e1940646874613a076c6b01d1f3404' -> (Import Result ID: 'ac9b0ff29afb5134d4c37be12bfb6e83') in 0.000 seconds [static dependencies only]. Details - ImportResultOutputID=668859c4e140aaa536de161b4ed5fd78 DependenciesID=d4a719ab62c91e1d533b2b6b630fb9a6 StaticDependenciesID=b2248281a4e2ee60ef31e8c1ba23f3b4 
Importing 'GUID: 29eafdd9eaae4d7995048ee61cd0b7d2 - Path: Packages/com.unity.test-framework.performance/Runtime/Meters' with importer (DefaultImporter)
Imported 'GUID: 29eafdd9eaae4d7995048ee61cd0b7d2' -> (Import Result ID: 'f8f8924ac876b7622431fc968b24a999') in 0.001 seconds [static dependencies only]. Details - ImportResultOutputID=ed9d449ef6befd86d515e6ea3aafa23c DependenciesID=47db0045d7b8724d57f70ee0b7d26687 StaticDependenciesID=c366c11c17b2bdcb99ff7fc97d5576cf 
Importing 'GUID: 49d4c2ab7ff0f4442af256bad7c9d57c - Path: Packages/com.unity.test-framework/UnityEditor.TestRunner/TestRunner' with importer (DefaultImporter)
Imported 'GUID: 49d4c2ab7ff0f4442af256bad7c9d57c' -> (Import Result ID: '89dd39d89459481cbed999f8bc1094fd') in 0.001 seconds [static dependencies only]. Details - ImportResultOutputID=9f1d2ae227448a034a575652b3ead9e7 DependenciesID=f6067adff95dd770e760d83500358906 StaticDependenciesID=090f48cf2635d34737f0098e919d5213 
Importing 'GUID: 1ad55f5ad04d1d045a1f287409c650dd - Path: Packages/com.unity.test-framework/UnityEngine.TestRunner/Assertions' with importer (DefaultImporter)
Imported 'GUID: 1ad55f5ad04d1d045a1f287409c650dd' -> (Import Result ID: '0490a944cfb70a9ea3806e73f5c87aee') in 0.002 seconds [static dependencies only]. Details - ImportResultOutputID=8ce0653fc2967de67bef4032bdec6568 DependenciesID=191b15f63fee2ee7d239bc055270134c StaticDependenciesID=77200430a031cae66b538f3f3d29c238 
Importing 'GUID: 7a7dcde6448847648629a13d746ce966 - Path: Packages/com.unity.multiplayer.center/Editor/MultiplayerCenterWindow' with importer (DefaultImporter)
Imported 'GUID: 7a7dcde6448847648629a13d746ce966' -> (Import Result ID: '98d6fd46b98428ec34e67aaadecfbc6c') in 0.002 seconds [static dependencies only]. Details - ImportResultOutputID=f055dd0afc5a900e3f0e5d75be0487c5 DependenciesID=814fecef7b81af7f651ae388265aa55d StaticDependenciesID=28cd004e7ab0081fe5892fea98e65fbf 
Importing 'GUID: fa423365b1ce06a4dbdc6fb4a8597bfa - Path: Packages/com.unity.test-framework/UnityEditor.TestRunner/Api' with importer (DefaultImporter)
Imported 'GUID: fa423365b1ce06a4dbdc6fb4a8597bfa' -> (Import Result ID: '3d127d687f098051448dd5e06ffc71ae') in 0.001 seconds [static dependencies only]. Details - ImportResultOutputID=7189e16f72f459ee756f6a8bae8b9ba6 DependenciesID=5e943829b90e7287d91676d16c429365 StaticDependenciesID=7a8e0e8d4b3945a2919d08cd08e9cb60 
Importing 'GUID: bb32bccaf32a6db448d1c0cc99c78688 - Path: Packages/com.unity.test-framework/UnityEngine.TestRunner/Utils' with importer (DefaultImporter)
Imported 'GUID: bb32bccaf32a6db448d1c0cc99c78688' -> (Import Result ID: '583b09a8ae4f1235b6781d172d717118') in 0.001 seconds [static dependencies only]. Details - ImportResultOutputID=29bf431b6214fbb1cbfbf63a8a2ad86d DependenciesID=aa5f297285aef8e5b80c6801a189e658 StaticDependenciesID=70ac3ee61d64f285bc1785955c1f82ac 
Importing 'GUID: 2c2ccf02f2a812c4eb1d16cd384ca8a1 - Path: Packages/com.yanagisawa.data-layout-calibrator/Samples/TransformExport' with importer (DefaultImporter)
Imported 'GUID: 2c2ccf02f2a812c4eb1d16cd384ca8a1' -> (Import Result ID: '8f179987f45d4a78850da7cb8de92d53') in 0.001 seconds [static dependencies only]. Details - ImportResultOutputID=a4a2f28494a86c959d0d401c2434acdb DependenciesID=cb109d6cea3faeca88d1dbfb51491283 StaticDependenciesID=6de3cf4f7672e269dbdd7f83ec5983c0 
Importing 'GUID: 1ddb9e1c877ea80479d1eab4ddaa5d0d - Path: Packages/com.unity.test-framework/UnityEngine.TestRunner/TestRunner' with importer (DefaultImporter)
Imported 'GUID: 1ddb9e1c877ea80479d1eab4ddaa5d0d' -> (Import Result ID: '11813212a571b5f5bab69389efed0ec4') in 0.000 seconds [static dependencies only]. Details - ImportResultOutputID=476b73413e4dc6289edc92140a783be7 DependenciesID=cf7b349be0487435079c6d7059d66759 StaticDependenciesID=ecccab0c948a303ccd6d5a41d5a847a5 
Importing 'GUID: 3e8d6af343b383544ba5743d119f4062 - Path: Packages/com.unity.test-framework/UnityEngine.TestRunner/NUnitExtensions' with importer (DefaultImporter)
Imported 'GUID: 3e8d6af343b383544ba5743d119f4062' -> (Import Result ID: '1e6e13d19761ffd429a656afef89e426') in 0.001 seconds [static dependencies only]. Details - ImportResultOutputID=462049dbb39f8e0b7747a3244c184c9c DependenciesID=2ea15f71362b19527bb78f2a20fd7d0e StaticDependenciesID=a3a9076fee2d712292c8b218cde3cf69 
Importing 'GUID: 7e609b27ad2caa14c83dd9951b6c13c6 - Path: Packages/com.unity.test-framework/UnityEditor.TestRunner/GUI' with importer (DefaultImporter)
Imported 'GUID: 7e609b27ad2caa14c83dd9951b6c13c6' -> (Import Result ID: '065a07a7b6a9522a8c0f295bc3d770f7') in 0.001 seconds [static dependencies only]. Details - ImportResultOutputID=8e04bc4cdcf4c5848f172b3a78ec28f9 DependenciesID=8a4c8dabc4f7a1804bf0276f8b37d827 StaticDependenciesID=5193a01a9b23aeefab8f65ca75ee7e62 
Importing 'GUID: 8e4d240cf158245a9945c4df01d83bc1 - Path: Packages/com.unity.multiplayer.center/Tests/Runtime' with importer (DefaultImporter)
Imported 'GUID: 8e4d240cf158245a9945c4df01d83bc1' -> (Import Result ID: 'c26908bd6f3348bd96d3a1aa86f92e90') in 0.000 seconds [static dependencies only]. Details - ImportResultOutputID=8d471bf8668065aa423a9a6138166117 DependenciesID=57ae9c80888174121ff54d12b032787b StaticDependenciesID=9754452aef8d924eb569d1ea3f5a9074 
Importing 'GUID: 3f9202a39620f51418046c7754f215f0 - Path: Packages/com.unity.test-framework/UnityEditor.TestRunner/NUnitExtension' with importer (DefaultImporter)
Imported 'GUID: 3f9202a39620f51418046c7754f215f0' -> (Import Result ID: 'bf4f44a8b12ce8440d630c6d6ff27fc0') in 0.001 seconds [static dependencies only]. Details - ImportResultOutputID=14286287927ac0b12097cfe4193e70b2 DependenciesID=e4e8d10327a43c2374631da4b42b7acb StaticDependenciesID=0d38d7256b212b9f87d8c2ba0fa98d32 
Importing 'GUID: 6fbd9c5e397237e28650cb957742c782 - Path: Packages/com.unity.burst/Runtime/Intrinsics' with importer (DefaultImporter)
Imported 'GUID: 6fbd9c5e397237e28650cb957742c782' -> (Import Result ID: '8c9e202931ed3b530c422a61450a6e7a') in 0.001 seconds [static dependencies only]. Details - ImportResultOutputID=44d7a8cfb2dfe66c5d99a238cb68b39d DependenciesID=9b532f9db8c53bbee29c3cba28eb8be9 StaticDependenciesID=fcf0bc22cb926f829cc4ce761415e5be 
Importing 'GUID: 51557afa652635743b264a309f0a5c60 - Path: Packages/com.unity.test-framework/UnityEngine.TestRunner/Utils/AssemblyProvider' with importer (DefaultImporter)
Imported 'GUID: 51557afa652635743b264a309f0a5c60' -> (Import Result ID: 'e57f7b71ada6e76664579eb79b6311d0') in 0.001 seconds [static dependencies only]. Details - ImportResultOutputID=acf3660c1b355dac3ccd80d479dec241 DependenciesID=1f43f179f73ec84f83a69a0c26664286 StaticDependenciesID=5fd5b814d874f73244e9fef9f178d565 
Importing 'GUID: 61e236e8570a95e4eb754fb291e102e0 - Path: Packages/com.unity.test-framework/UnityEngine.TestRunner/TestRunner/Callbacks' with importer (DefaultImporter)
Imported 'GUID: 61e236e8570a95e4eb754fb291e102e0' -> (Import Result ID: '2156dea5834b614166e5fedb0ec99c9b') in 0.001 seconds [static dependencies only]. Details - ImportResultOutputID=004fafbe98d6f5ae456a77d60de21fdd DependenciesID=0e7d44d0cacef9a8cb638e20de9dd186 StaticDependenciesID=8e5501bea449f50bd73b1655ee34b3a6 
Importing 'GUID: 91c20d2c22b8b3a4cb6c816bd225591a - Path: Packages/com.unity.test-framework/UnityEngine.TestRunner/TestRunner/RemoteHelpers' with importer (DefaultImporter)
Imported 'GUID: 91c20d2c22b8b3a4cb6c816bd225591a' -> (Import Result ID: 'c17dc74cb878218141be3d7f3e9dfdbf') in 0.001 seconds [static dependencies only]. Details - ImportResultOutputID=b73acfeb4a57111025db59efd1f6bef2 DependenciesID=177cd5415f5c7bd7bbab9b6edaaf1517 StaticDependenciesID=da919814a2e1ff5dc92d518964795710 
Importing 'GUID: b1d8465ba1376b148bdab58965101f47 - Path: Packages/com.unity.test-framework/UnityEngine.TestRunner/Assertions/LogScope' with importer (DefaultImporter)
Imported 'GUID: b1d8465ba1376b148bdab58965101f47' -> (Import Result ID: '131f2f386732327e151f37eec88b421e') in 0.001 seconds [static dependencies only]. Details - ImportResultOutputID=2a422291532004791b26d5408f9ef73c DependenciesID=b51b46df4670598665993ab3537580da StaticDependenciesID=8943d9d61e570f1a0dce7f052b484c94 
Importing 'GUID: 92e3104769da143888a712cdea27d950 - Path: Packages/com.unity.test-framework/UnityEditor.TestRunner/GUI/TestAssets' with importer (DefaultImporter)
Imported 'GUID: 92e3104769da143888a712cdea27d950' -> (Import Result ID: 'a1be401c4d379ed0bd650409e7222acb') in 0.001 seconds [static dependencies only]. Details - ImportResultOutputID=8fb5be2fe0137d5d8cb257e98fdab403 DependenciesID=a8aa64188ed5491cbb686ff5f8435418 StaticDependenciesID=7592cc8c5da26bf158999303e5f08fe4 
Importing 'GUID: a3cb89150b8a4060b89a32725a8e267e - Path: Packages/com.unity.test-framework/UnityEditor.TestRunner/TestLaunchers/Helpers' with importer (DefaultImporter)
Imported 'GUID: a3cb89150b8a4060b89a32725a8e267e' -> (Import Result ID: '483f60271e508629ef1481bd1d11ec7b') in 0.001 seconds [static dependencies only]. Details - ImportResultOutputID=b5ad4962dac51d897a72bca63a9db6c4 DependenciesID=c6822b5e1ae1ff77edaa336432bf51e2 StaticDependenciesID=cf2eae5fef4ba77228bd406a15a86cad 
Importing 'GUID: c3de99f9efc582a48995bc8e8c2df418 - Path: Packages/com.unity.test-framework/UnityEngine.TestRunner/NUnitExtensions/Filters' with importer (DefaultImporter)
Imported 'GUID: c3de99f9efc582a48995bc8e8c2df418' -> (Import Result ID: 'c039720e271e3e279f2c623d53617663') in 0.001 seconds [static dependencies only]. Details - ImportResultOutputID=4a5d860b32c7852b0af14c49fbad53d9 DependenciesID=d2dbf3f915195c9fd3ec62579f8b92e2 StaticDependenciesID=3f91ff09211cb92ba7b65aad95681a01 
Importing 'GUID: 3413d06997203e50844bbf4eca32fce8 - Path: Packages/com.unity.burst/Runtime/Intrinsics/x86' with importer (DefaultImporter)
Imported 'GUID: 3413d06997203e50844bbf4eca32fce8' -> (Import Result ID: '51750fdbc5e45cfbf2a538fa68eab698') in 0.001 seconds [static dependencies only]. Details - ImportResultOutputID=e49bf7b654fcf769a7f71020d607442d DependenciesID=c36826e5d9576ea02c9018d6e85e92a3 StaticDependenciesID=6df67d669333478483e4a8c928d7e199 
Importing 'GUID: 256a0ca37fa972840bce7fca446e75e7 - Path: Packages/com.unity.test-framework/UnityEngine.TestRunner/TestRunner/Messages' with importer (DefaultImporter)
Imported 'GUID: 256a0ca37fa972840bce7fca446e75e7' -> (Import Result ID: 'dc20fb768cf483c0743563c38b2e1f3a') in 0.001 seconds [static dependencies only]. Details - ImportResultOutputID=dd2f7e6ccd35b365062de9cf191e6382 DependenciesID=613f1dd363cce6e87d8abd4136d8c6f0 StaticDependenciesID=79bc37b37953b0b4e64ce0ce2c3b7931 
Importing 'GUID: c5535d742ea2e4941850b421f9c70a1f - Path: Packages/com.unity.test-framework/UnityEditor.TestRunner/GUI/Views' with importer (DefaultImporter)
Imported 'GUID: c5535d742ea2e4941850b421f9c70a1f' -> (Import Result ID: 'fb7b6a67b291c38cde54482d5c677d62') in 0.001 seconds [static dependencies only]. Details - ImportResultOutputID=e52be04538276df6292bb2a117e60a31 DependenciesID=a42349b30c21e0d2ab515e42c69e582c StaticDependenciesID=ee67ad51916887fb1ff2ced2759d86eb 
Importing 'GUID: 3610673068254436ac90019f46e09f01 - Path: Packages/com.unity.test-framework/UnityEditor.TestRunner/UnityTestProtocol/Data' with importer (DefaultImporter)
Imported 'GUID: 3610673068254436ac90019f46e09f01' -> (Import Result ID: 'eb84d62778cdd77182d3488e212759a6') in 0.001 seconds [static dependencies only]. Details - ImportResultOutputID=0a68b70aa286e44a82eb2e9bb80dc50d DependenciesID=e3f91aec0cd5018b72f083aad0f54414 StaticDependenciesID=1c684062cf98509978789ade24d9a266 
Importing 'GUID: 96c503bf059df984c86eecf572370347 - Path: Packages/com.unity.test-framework/UnityEditor.TestRunner/NUnitExtension/Attributes' with importer (DefaultImporter)
Imported 'GUID: 96c503bf059df984c86eecf572370347' -> (Import Result ID: '9eaa9abcf1a95475e96ee4ef24e64ed4') in 0.000 seconds [static dependencies only]. Details - ImportResultOutputID=34bf7055b752077488abdfed96d914d5 DependenciesID=205878b9ce758c52345cc1db59a155ae StaticDependenciesID=8de600e34270e62bc7ce4a61ab9c2724 
Importing 'GUID: e6be36d5e1ac3e54a8c4a7f8c7627072 - Path: Packages/com.yanagisawa.data-layout-calibrator/Samples/TransformExport/Runtime' with importer (DefaultImporter)
Imported 'GUID: e6be36d5e1ac3e54a8c4a7f8c7627072' -> (Import Result ID: '9701e170e61290a8cd5fa88bd4625e1d') in 0.000 seconds [static dependencies only]. Details - ImportResultOutputID=aac6075729939de435940601993e6863 DependenciesID=152f761264ad8f9a3a34bc16cfaac8c8 StaticDependenciesID=7630f83a1041db75e7cffb1a64fb51dd 
Importing 'GUID: 07ea0326ed848fb4489187cb58f96113 - Path: Packages/com.unity.test-framework/UnityEditor.TestRunner/GUI/TestListBuilder' with importer (DefaultImporter)
Imported 'GUID: 07ea0326ed848fb4489187cb58f96113' -> (Import Result ID: '246f288a9de5b501cf0baeaa184511c4') in 0.001 seconds [static dependencies only]. Details - ImportResultOutputID=cd126e740f095a0f5fe7dcafb9e5dad6 DependenciesID=248005e8e5f93eed9dfc27b32ffc9ab8 StaticDependenciesID=05866955e0adbfdc757884886ea28cc3 
Importing 'GUID: 37888acc09d9ee848bf9559f06645c45 - Path: Packages/com.unity.test-framework/UnityEngine.TestRunner/NUnitExtensions/Runner' with importer (DefaultImporter)
Imported 'GUID: 37888acc09d9ee848bf9559f06645c45' -> (Import Result ID: 'd7acb80960704921905dab0ce2fdcb2d') in 0.001 seconds [static dependencies only]. Details - ImportResultOutputID=fb9da6600226952d8e3dfe55b845ca83 DependenciesID=b2f2c747ee18778fad23c28946361891 StaticDependenciesID=f7b0116ddab9904cd8eab2f6ea59200f 
Importing 'GUID: 18bc0626c7881fc40b8dcb7bf9f9c447 - Path: Packages/com.yanagisawa.data-layout-calibrator/Samples/ParticleIntegrate/Runtime' with importer (DefaultImporter)
Imported 'GUID: 18bc0626c7881fc40b8dcb7bf9f9c447' -> (Import Result ID: '3df7aa49375dc04eab48d9afdcecd2be') in 0.000 seconds [static dependencies only]. Details - ImportResultOutputID=f6d2b70e666c5a3d000b1fcd678f2735 DependenciesID=f86637ad011df83bdc6afda84da440b9 StaticDependenciesID=75484ec1cb3cdcda0bb63b293c086b23 
Importing 'GUID: 2893f6d998ac3104919ec7e11aa597cd - Path: Packages/com.unity.burst/Runtime/Intrinsics/Arm' with importer (DefaultImporter)
Imported 'GUID: 2893f6d998ac3104919ec7e11aa597cd' -> (Import Result ID: '75b84c0360c67b7fee53ba613aeb9e49') in 0.001 seconds [static dependencies only]. Details - ImportResultOutputID=bd92dd1b178a520304dcee1470986d1f DependenciesID=21321dd328686fe227b2001ccf9271d4 StaticDependenciesID=9cf4d80ee324eb686f1b6ff3e91d5de7 
Importing 'GUID: 68cb547af0187634aad591a09c01cd5b - Path: Packages/com.unity.test-framework/UnityEditor.TestRunner/GUI/TestListTreeView' with importer (DefaultImporter)
Imported 'GUID: 68cb547af0187634aad591a09c01cd5b' -> (Import Result ID: '71f73f7f84d2cdbf30d838ce772fad43') in 0.001 seconds [static dependencies only]. Details - ImportResultOutputID=a1494cceafaca8313fc90b0ec9872ac1 DependenciesID=4ff5ae42dadce18c3e8d462f91e16de3 StaticDependenciesID=d1a1ee4135791d7dd4d75a278a616eea 
Importing 'GUID: a80c23476e234025918057a3c7bd60ab - Path: Packages/com.yanagisawa.data-layout-calibrator/Samples/AdditionalWorkloads/Runtime' with importer (DefaultImporter)
Imported 'GUID: a80c23476e234025918057a3c7bd60ab' -> (Import Result ID: 'a1c6d24ecaf2ff43b4e8402ac0bcad21') in 0.000 seconds [static dependencies only]. Details - ImportResultOutputID=1a4eab2ad8515c7ff5a38893a3ba288a DependenciesID=210773012aac60dc9c5025c1396d1704 StaticDependenciesID=b5f37cb4eaf1518d10fb26fc31689256 
Importing 'GUID: e88eef57957d4440c8a7ff2ef9dd3d97 - Path: Packages/com.unity.test-framework/UnityEditor.TestRunner/GUI/Controls' with importer (DefaultImporter)
Imported 'GUID: e88eef57957d4440c8a7ff2ef9dd3d97' -> (Import Result ID: '048a931f73f3f61470619c15f658c538') in 0.001 seconds [static dependencies only]. Details - ImportResultOutputID=24f44f8dd8ec32005e9b774cacd6f22a DependenciesID=6aa3052af47e4ad7b9a7369111ea7357 StaticDependenciesID=a8182bed8183a02b247d1fce49fb38bf 
Importing 'GUID: 4926c06156894939ba0a2680f1b0aa7a - Path: Packages/com.unity.test-framework/UnityEditor.TestRunner/TestRun/Data' with importer (DefaultImporter)
Imported 'GUID: 4926c06156894939ba0a2680f1b0aa7a' -> (Import Result ID: 'ae69f37916fcd8356243e13751711f7d') in 0.000 seconds [static dependencies only]. Details - ImportResultOutputID=85130efa8ecc385ecf3855a48af99888 DependenciesID=dc1748b7d084e762b15a015023e75d23 StaticDependenciesID=31d007bcfde851fe14d149298b477ef3 
Importing 'GUID: 891bb6b9f5094c36b59c3788e21c8213 - Path: Packages/com.unity.test-framework/UnityEditor.TestRunner/Api/Analytics' with importer (DefaultImporter)
Imported 'GUID: 891bb6b9f5094c36b59c3788e21c8213' -> (Import Result ID: 'c5948e92ff83c834ca749728c079a770') in 0.000 seconds [static dependencies only]. Details - ImportResultOutputID=440cb48c2d5c8ddcf9ce28a7a5c926ec DependenciesID=669b092c8c5e33bc84c9dd266490ff80 StaticDependenciesID=fdf8e73efbce9b71b419aeefc154641d 
Importing 'GUID: d9682e749d3efc642af54d789d9090a6 - Path: Packages/com.unity.test-framework/UnityEditor.TestRunner/TestRunner/Messages' with importer (DefaultImporter)
Imported 'GUID: d9682e749d3efc642af54d789d9090a6' -> (Import Result ID: '0f3b05c3f065214a86a9af0c91f7f020') in 0.000 seconds [static dependencies only]. Details - ImportResultOutputID=465d0a4984e8a0e06dec2ed231fada61 DependenciesID=313ea68b99441b334ecb581ec48c150d StaticDependenciesID=31e9566f14b7607a756afee74f98b984 
Importing 'GUID: 6b72875690e0f7343911e06af3145bd5 - Path: Packages/com.unity.test-framework/UnityEngine.TestRunner/NUnitExtensions/Commands' with importer (DefaultImporter)
Imported 'GUID: 6b72875690e0f7343911e06af3145bd5' -> (Import Result ID: '45144fff2e91e51c978fed1ea331a42f') in 0.001 seconds [static dependencies only]. Details - ImportResultOutputID=231582668b6edf079641b29b90dbdebc DependenciesID=32ccf432d3fecd673bfbec6d176ae4cc StaticDependenciesID=62c3156bc442db11ae6675780e2a2cda 
Importing 'GUID: 6bf208fa7e8d4b55901587542316f8f4 - Path: Packages/com.yanagisawa.data-layout-calibrator/Samples/AdditionalWorkloads/Tests' with importer (DefaultImporter)
Imported 'GUID: 6bf208fa7e8d4b55901587542316f8f4' -> (Import Result ID: 'a864debbdbfc8c48fc1dc4a24f3add33') in 0.000 seconds [static dependencies only]. Details - ImportResultOutputID=a3ce7595b3acd5ecd40ca983e0dcdda7 DependenciesID=cdb4fc01274fe97a925170052dc63e8e StaticDependenciesID=acb2e75b2b72336a20b1401c4b0fd483 
Importing 'GUID: 9bd34ec3fe8f4aed936c3a0cf2f32e56 - Path: Packages/com.unity.multiplayer.center/Editor/MultiplayerCenterWindow/UI' with importer (DefaultImporter)
Imported 'GUID: 9bd34ec3fe8f4aed936c3a0cf2f32e56' -> (Import Result ID: '12802fda37706c0e2a26dfd050555474') in 0.001 seconds [static dependencies only]. Details - ImportResultOutputID=ccc1a09d4a030f52c953d2f3937aac55 DependenciesID=edd3d46d24ac0b48686a6331d44ba3ed StaticDependenciesID=118c9915218bd0cdd9cea484a34a1c77 
Importing 'GUID: cb2448f2b8135d248887073d893ccb8c - Path: Packages/com.yanagisawa.data-layout-calibrator/Samples/TransformExport/Tests' with importer (DefaultImporter)
Imported 'GUID: cb2448f2b8135d248887073d893ccb8c' -> (Import Result ID: 'f09d3ae7f8cb28ddf2d1cbb48bf37e9c') in 0.000 seconds [static dependencies only]. Details - ImportResultOutputID=4a97f6dca89e21997cabca22144fe2be DependenciesID=39633aa14c399c9bd075c788ffe2bc38 StaticDependenciesID=4b217fcdf4548c42295f3892693e97da 
Importing 'GUID: ebc4d20cc106cea49b1df1153f0b3b5e - Path: Packages/com.unity.test-framework/UnityEditor.TestRunner/TestLaunchers/PlatformSetup' with importer (DefaultImporter)
Imported 'GUID: ebc4d20cc106cea49b1df1153f0b3b5e' -> (Import Result ID: 'e06eed341b27ae3b74bdf21dda0d60d5') in 0.001 seconds [static dependencies only]. Details - ImportResultOutputID=5f504dad7e75c1f8e7539949bb89aae3 DependenciesID=8d5dda64acf6392feab08f8943767d6a StaticDependenciesID=945c221621d1d71b9a6d26d491b377f1 
Importing 'GUID: 0cb14878543cf3d4f8472b15f7ecf0e3 - Path: Packages/com.unity.test-framework/UnityEngine.TestRunner/NUnitExtensions/Attributes' with importer (DefaultImporter)
Imported 'GUID: 0cb14878543cf3d4f8472b15f7ecf0e3' -> (Import Result ID: 'd40597ea5012b9b52422107be30d86a4') in 0.001 seconds [static dependencies only]. Details - ImportResultOutputID=9ff45d15f17f423add095cec02c95d2d DependenciesID=4e1075daa635c4f56def240b3ebf605d StaticDependenciesID=ff39b472ba33f17a6dcf86aaca61fb53 
Importing 'GUID: 9c2651d2403a481a8588852a35921d60 - Path: Packages/com.yanagisawa.data-layout-calibrator/Samples/ExternalWorkloads/Runtime' with importer (DefaultImporter)
Imported 'GUID: 9c2651d2403a481a8588852a35921d60' -> (Import Result ID: 'ba473a4b129ebe9aa1d4a6b8e39709dd') in 0.000 seconds [static dependencies only]. Details - ImportResultOutputID=a584bae92119fb26e13cecc01791f87b DependenciesID=4323122ec9b538352a51ceb3fd6cdcf5 StaticDependenciesID=802da641df1e760d3cfcfe48eef0797d 
Importing 'GUID: bce4ae44cc8bf00469b0b2df41ff9677 - Path: Packages/com.yanagisawa.data-layout-calibrator/Samples/ParticleIntegrate/Tests' with importer (DefaultImporter)
Imported 'GUID: bce4ae44cc8bf00469b0b2df41ff9677' -> (Import Result ID: 'cc0baeb35dbfa1a6bc00bbc1cd7d3f0c') in 0.000 seconds [static dependencies only]. Details - ImportResultOutputID=268bcbe4340925c95171081baa08ef4f DependenciesID=eb25fbe16b486cd0c7b554f5d5938c07 StaticDependenciesID=1bbdddbf9394ea3b5c92b2aea4dc6ce9 
Importing 'GUID: 5d7f0d6acfced954682a89e7002c04d9 - Path: Packages/com.unity.test-framework/UnityEditor.TestRunner/TestRunner/Callbacks' with importer (DefaultImporter)
Imported 'GUID: 5d7f0d6acfced954682a89e7002c04d9' -> (Import Result ID: '93d9af26946908e347c32a497ee45f29') in 0.000 seconds [static dependencies only]. Details - ImportResultOutputID=aea11c108616aeb69cfee10560d65cc5 DependenciesID=20a59c761fffc10b8ca66f2b102cd572 StaticDependenciesID=5eedaf22821ab4877c63435bc916dd13 
Importing 'GUID: 6dba53789da15814387fa5b1445e81e0 - Path: Packages/com.unity.test-framework/UnityEditor.TestRunner/TestRun/Tasks' with importer (DefaultImporter)
Imported 'GUID: 6dba53789da15814387fa5b1445e81e0' -> (Import Result ID: 'dfc5eb27ab3367aae2cda72400d2e81f') in 0.001 seconds [static dependencies only]. Details - ImportResultOutputID=32661feed95a27494d7e2ca6f499e9e8 DependenciesID=fa0d9fc8428284442f48d339de325e99 StaticDependenciesID=0916bcd2f0f231d9391db07a4ab63362 
Importing 'GUID: 9ea154c33fd8466f973f004e5c962df7 - Path: Packages/com.unity.test-framework/UnityEditor.TestRunner/UnityTestProtocol/Messages' with importer (DefaultImporter)
Imported 'GUID: 9ea154c33fd8466f973f004e5c962df7' -> (Import Result ID: 'ea4d6c3996b65c7cf36a48b572b8dcd6') in 0.001 seconds [static dependencies only]. Details - ImportResultOutputID=6c2fe23161b1f6bd1c435457cdd3441a DependenciesID=827c909277a3b3e872e150d2b98aed87 StaticDependenciesID=b7acf1380ad359dc8ea1938ebfe58d98 
Importing 'GUID: ce8da628f68c7594b8b9a597fa52db7b - Path: Packages/com.unity.test-framework/UnityEngine.TestRunner/Utils/MonoBehaviourTest' with importer (DefaultImporter)
Imported 'GUID: ce8da628f68c7594b8b9a597fa52db7b' -> (Import Result ID: '1bbdfc66a95f9b2b9aa0dcb82eaa9a9d') in 0.001 seconds [static dependencies only]. Details - ImportResultOutputID=53f9bcb08c164cc89cf232d518f37815 DependenciesID=8c5ee93b7f5d7b5c73c9ac88d259468c StaticDependenciesID=d7bc5a87faa0628256cc1f99ada3f679 
Importing 'GUID: 1f5bbb88ca730434483440cbc0278ef6 - Path: Packages/com.unity.test-framework/UnityEditor.TestRunner/TestRunner/Utils' with importer (DefaultImporter)
Imported 'GUID: 1f5bbb88ca730434483440cbc0278ef6' -> (Import Result ID: 'db6721a1637cff73d48ffe631b1d1797') in 0.001 seconds [static dependencies only]. Details - ImportResultOutputID=ea583d80a0444207a679bf49778d8120 DependenciesID=6de1f609f17d6d4642781f2dd3bc32eb StaticDependenciesID=594524e05c3f383739810dc039a9ee63 
Importing 'GUID: 34a09eb4d6e8d44989194a25525c5147 - Path: Packages/com.unity.multiplayer.center/Editor/MultiplayerCenterWindow/UI/Icons' with importer (DefaultImporter)
Imported 'GUID: 34a09eb4d6e8d44989194a25525c5147' -> (Import Result ID: '4497b0f944c6387a72be21d4dbdd613c') in 0.001 seconds [static dependencies only]. Details - ImportResultOutputID=09fc5dce3344b58f3587b00bf4b13d7d DependenciesID=27cb1beb948d38490010ecdc74c4f083 StaticDependenciesID=b54ef10dcdbf9713e68405bc9a24b45a 
Importing 'GUID: 94a6220ee1a442249702c9df66e0fe1b - Path: Packages/com.unity.test-framework/UnityEditor.TestRunner/TestRun/Tasks/Player' with importer (DefaultImporter)
Imported 'GUID: 94a6220ee1a442249702c9df66e0fe1b' -> (Import Result ID: 'cbb440ff91ad8c8379e6cd32ec257a38') in 0.001 seconds [static dependencies only]. Details - ImportResultOutputID=49f870edb1fb26f7ce96fb7e3e71cfc1 DependenciesID=4ebf35f4ff9da435b89a96b9758862c0 StaticDependenciesID=7a927b69010ba6cfc5a51e9fd41bdf23 
Importing 'GUID: 650eb3406105b504d959f11c83ddfb2c - Path: Packages/com.yanagisawa.data-layout-calibrator/Samples/TransformExport/Tests/Editor' with importer (DefaultImporter)
Imported 'GUID: 650eb3406105b504d959f11c83ddfb2c' -> (Import Result ID: 'baf187f8dbfaea2c5cd20ad030a4e6ab') in 0.000 seconds [static dependencies only]. Details - ImportResultOutputID=fd612a044cdc128d628ab04c27abc01a DependenciesID=e67f20b77f9288b94f1730858703d559 StaticDependenciesID=e292925c3a4a871e9b25d7b0f325e8a3 
Importing 'GUID: 0612b0fec07934b42886f570edba9579 - Path: Packages/com.yanagisawa.data-layout-calibrator/Samples/ParticleIntegrate/Tests/Editor' with importer (DefaultImporter)
Imported 'GUID: 0612b0fec07934b42886f570edba9579' -> (Import Result ID: '8ae2fcea201fbe8dee9ff375beec9063') in 0.000 seconds [static dependencies only]. Details - ImportResultOutputID=79ce16bbb35d1a483ec319d412da08f9 DependenciesID=763fbc43dd68d91316f4c9b82227e84d StaticDependenciesID=b8c20536a7450de841086cc2ee3405d2 
Importing 'GUID: 692476ac695e7b74a8d9eabd48862009 - Path: Packages/com.unity.test-framework/UnityEditor.TestRunner/TestRun/Tasks/Scene' with importer (DefaultImporter)
Imported 'GUID: 692476ac695e7b74a8d9eabd48862009' -> (Import Result ID: 'fe24cbd2743b205b2d43eceb3ef98c11') in 0.001 seconds [static dependencies only]. Details - ImportResultOutputID=7536d1993fefc102a329e1894cd6bfdf DependenciesID=c369a91a434752b1343a44621538dc2e StaticDependenciesID=8f80a41c50fcfc7914c0a36f863f03f2 
Importing 'GUID: d973b7805df545bdae3986ab72a6c2e8 - Path: Packages/com.unity.test-framework/UnityEditor.TestRunner/TestRun/Tasks/Platform' with importer (DefaultImporter)
Imported 'GUID: d973b7805df545bdae3986ab72a6c2e8' -> (Import Result ID: 'd160c0cb02646af3334fcf43e188e0fe') in 0.001 seconds [static dependencies only]. Details - ImportResultOutputID=7b4466f160f12ea453479b296b8cb42a DependenciesID=d02ff3fa7604c227e9a0bf7c216878b5 StaticDependenciesID=1bde4f0850873b5f5f0a19abece4bb99 
Importing 'GUID: eab7f42d361b483aaa760c5909002312 - Path: Packages/com.unity.multiplayer.center/Editor/MultiplayerCenterWindow/UI/RecommendationView' with importer (DefaultImporter)
Imported 'GUID: eab7f42d361b483aaa760c5909002312' -> (Import Result ID: '0085aaed1f64d854252dc470bde24ca5') in 0.001 seconds [static dependencies only]. Details - ImportResultOutputID=378cb1e8c5b18b814304dca778da9b61 DependenciesID=f43d09e2a49a84ffca6b90eb1526d3a1 StaticDependenciesID=5f479f26982f2640c26d8560c7c132a1 
Importing 'GUID: cca5935142d6c754f9ecdce1294f7079 - Path: Packages/com.unity.test-framework/UnityEditor.TestRunner/TestRun/Tasks/Events' with importer (DefaultImporter)
Imported 'GUID: cca5935142d6c754f9ecdce1294f7079' -> (Import Result ID: '05e56b002967a842d12418ee710c5528') in 0.001 seconds [static dependencies only]. Details - ImportResultOutputID=ee31a3135109805c851f0d981688397b DependenciesID=eb9cc2be54e052504a6f8c3a170ed24c StaticDependenciesID=4b39484e2ac1c6052de88acdd0233d83 
Importing 'GUID: 1f3d07e6901247d7ab32519cd9f06ffb - Path: Packages/com.yanagisawa.data-layout-calibrator/Samples/AdditionalWorkloads/Tests/Editor' with importer (DefaultImporter)
Imported 'GUID: 1f3d07e6901247d7ab32519cd9f06ffb' -> (Import Result ID: '0731222de005d80cca1efaca96371032') in 0.001 seconds [static dependencies only]. Details - ImportResultOutputID=80d29ef66f28570141ee202f264b3909 DependenciesID=424e16938281fc83c3210498ecf7f344 StaticDependenciesID=be47ec1b1697520f8392b5f9df61fb8b 
Importing 'GUID: c0dd0d10738d4ad4a9de57c559d0ca1b - Path: Packages/com.unity.test-framework.performance/Runtime/Unity.PerformanceTesting.asmdef' with importer (AssemblyDefinitionImporter)
Imported 'GUID: c0dd0d10738d4ad4a9de57c559d0ca1b' -> (Import Result ID: '6683a07db12c7937941329424f161177') in 0.001 seconds [static dependencies only]. Details - ImportResultOutputID=29166a549605d95032e88fcc25c71f20 DependenciesID=e872aa51f38ec29004346d3ccef64188 StaticDependenciesID=1a858adbc28f3038412a0f28782c3961 
Importing 'GUID: e0cd26848372d4e5c891c569017e11f1 - Path: Packages/com.unity.collections/Unity.Collections/Unity.Collections.asmdef' with importer (AssemblyDefinitionImporter)
Imported 'GUID: e0cd26848372d4e5c891c569017e11f1' -> (Import Result ID: '4da291af006e899ef1d5f078d3b1dc80') in 0.001 seconds [static dependencies only]. Details - ImportResultOutputID=a178553f8b3e608f455eb4c88f38df5a DependenciesID=afa571030f2a7101d7f3f55f73a24328 StaticDependenciesID=5be2147120737a514305a81f3b4d0571 
Importing 'GUID: 81db7614efd00224f84d3ac9bfa74c32 - Path: Assets/DataLayoutCalibrator/Runtime/Yanagisawa.DataLayoutCalibrator.Benchmark.asmdef' with importer (AssemblyDefinitionImporter)
Imported 'GUID: 81db7614efd00224f84d3ac9bfa74c32' -> (Import Result ID: '1adcdd2e7c6c84c089e8cd1e98d1dcb2') in 0.001 seconds [static dependencies only]. Details - ImportResultOutputID=1800531b1316745e7bd060f97afd65e8 DependenciesID=201d9f8f620a236fa39ee844f52e51a9 StaticDependenciesID=e0fe18904b1e4e55804f41e8ae56f8fc 
Importing 'GUID: d1fecb7e41996c7468b18df518b721d9 - Path: Packages/com.unity.collections/DocCodeSamples.Tests/DocCodeSamples.Tests.asmdef' with importer (AssemblyDefinitionImporter)
Imported 'GUID: d1fecb7e41996c7468b18df518b721d9' -> (Import Result ID: '21a9fccc154d384d79275cb93ed5031f') in 0.001 seconds [static dependencies only]. Details - ImportResultOutputID=8791264918ab859a1a692c68cbfaa760 DependenciesID=3d32850b6d077f9727c20475fc7052f5 StaticDependenciesID=af9a62b45fbe6f6d38832e1f0cb29d04 
Importing 'GUID: f360a56b830c4ce9ad05901e3fa64f68 - Path: Packages/com.yanagisawa.data-layout-calibrator/Samples/AdditionalWorkloads/Runtime/Yanagisawa.DataLayoutCalibrator.Samples.AdditionalWorkloads.asmdef' with importer (AssemblyDefinitionImporter)
Imported 'GUID: f360a56b830c4ce9ad05901e3fa64f68' -> (Import Result ID: 'd174d545a49661e493ea669aeda57e0c') in 0.001 seconds [static dependencies only]. Details - ImportResultOutputID=7ad66920c45b543e7c2d68d399d93a1c DependenciesID=2a27b90821a29288cef1f7a7e8aae338 StaticDependenciesID=cbaaab5c69475ab8c93661991e3a4278 
Importing 'GUID: 64222b0d0713a412f92762e2fccd795a - Path: Packages/com.unity.collections/Unity.Collections.PerformanceTests/Unity.Collections.PerformanceTests.asmdef' with importer (AssemblyDefinitionImporter)
Imported 'GUID: 64222b0d0713a412f92762e2fccd795a' -> (Import Result ID: 'ca0e94f29f4829b5d354fd2e495554cf') in 0.001 seconds [static dependencies only]. Details - ImportResultOutputID=153e28b5955c4ce55e6be0407d6e086c DependenciesID=23137c3447569e30e6d164d4ecc3d8b4 StaticDependenciesID=66117303e148af617069ba77944dad46 
Importing 'GUID: 84abd2ab34a74600a33a3bb9d72859fe - Path: Packages/com.unity.multiplayer.center/Common/Unity.Multiplayer.Center.Common.asmdef' with importer (AssemblyDefinitionImporter)
Imported 'GUID: 84abd2ab34a74600a33a3bb9d72859fe' -> (Import Result ID: 'f89618a79a93a73a49d308209c4c25b9') in 0.001 seconds [static dependencies only]. Details - ImportResultOutputID=ac464dd06d5a61d0a978410378529929 DependenciesID=af696ac2b963465e752aa7759edd3606 StaticDependenciesID=c8e2c5d4ebab5c3329cf298460da67c5 
Importing 'GUID: 1540c9c234eef7e47989cbac9cd8e676 - Path: Packages/com.yanagisawa.data-layout-calibrator/Runtime/Yanagisawa.DataLayoutCalibrator.asmdef' with importer (AssemblyDefinitionImporter)
Imported 'GUID: 1540c9c234eef7e47989cbac9cd8e676' -> (Import Result ID: '28e8bcc3d26213cf3a0dbc780c42b72e') in 0.001 seconds [static dependencies only]. Details - ImportResultOutputID=efc81f96ec21f0051b78b0affe26606c DependenciesID=70b0f276e14c1ec4021bb109b3f7982a StaticDependenciesID=8bd92ed6b1acb8164c572287f1b72a6a 
Importing 'GUID: 2664430aff4254d79887d32c3fc1e221 - Path: Packages/com.unity.multiplayer.center/Tests/Runtime/Unity.Multiplayer.Center.Tests.asmdef' with importer (AssemblyDefinitionImporter)
Imported 'GUID: 2664430aff4254d79887d32c3fc1e221' -> (Import Result ID: 'a11eedb1d3b3e4096fe2710093e7cf88') in 0.001 seconds [static dependencies only]. Details - ImportResultOutputID=95a86e32d35475cb5d001317bedd07f9 DependenciesID=de1ba7a375ac689391697901c16b4616 StaticDependenciesID=9befd1f6202b62f76859bc688011f0f8 
Importing 'GUID: 2665a8d13d1b3f18800f46e256720795 - Path: Packages/com.unity.burst/Runtime/Unity.Burst.asmdef' with importer (AssemblyDefinitionImporter)
Imported 'GUID: 2665a8d13d1b3f18800f46e256720795' -> (Import Result ID: '75096c6387c5e259ea3573207f6fb953') in 0.001 seconds [static dependencies only]. Details - ImportResultOutputID=0a42de620581a5ef8f2d481ab87f61a3 DependenciesID=10264eb1f9bb64eed23be8da96a174ed StaticDependenciesID=7b8b0dd73b8e0030b80d0e0bf35928bd 
Importing 'GUID: c668b7a00ffe56a498ddb1fc9f96f4e6 - Path: Packages/com.unity.collections/Unity.Collections.Editor/Unity.Collections.Editor.asmdef' with importer (AssemblyDefinitionImporter)
Imported 'GUID: c668b7a00ffe56a498ddb1fc9f96f4e6' -> (Import Result ID: 'f4d4220add107e9a9fbbbb437e8551b6') in 0.001 seconds [static dependencies only]. Details - ImportResultOutputID=9bcff687b93cd0d7208e6d348a19679f DependenciesID=6fe3d1d8f3925461eb35e92880e5587e StaticDependenciesID=08645d14f44cd770ebd5e9780cc5c606 
Importing 'GUID: 27619889b8ba8c24980f49ee34dbb44a - Path: Packages/com.unity.test-framework/UnityEngine.TestRunner/UnityEngine.TestRunner.asmdef' with importer (AssemblyDefinitionImporter)
Imported 'GUID: 27619889b8ba8c24980f49ee34dbb44a' -> (Import Result ID: '44a2ef9c54e2780d23d18d8243a3fb6e') in 0.001 seconds [static dependencies only]. Details - ImportResultOutputID=bfe8817c132749abfcb34092c3666f8e DependenciesID=348cadff89186dcb79b5ccf9bf27ec8a StaticDependenciesID=d50fcd9e6a384b1419eeba27eb6dfdfa 
Importing 'GUID: b75d3cd3037d383a8d1e2f9a26d73d8a - Path: Packages/com.unity.burst/Editor/Unity.Burst.Editor.asmdef' with importer (AssemblyDefinitionImporter)
Imported 'GUID: b75d3cd3037d383a8d1e2f9a26d73d8a' -> (Import Result ID: 'ca1f3d63230de8d82f4754d66a1a7af5') in 0.001 seconds [static dependencies only]. Details - ImportResultOutputID=6a2506e2693fe5a778f341f1eca7a11f DependenciesID=05eb9a4d48873616321c97c9b8681cb3 StaticDependenciesID=cfb7fa37414a36b38cfb5039fdbf631f 
Importing 'GUID: 08adcd37193f4174aa3c000ec414aa3e - Path: Packages/com.yanagisawa.data-layout-calibrator/Samples/TransformExport/Runtime/Yanagisawa.DataLayoutCalibrator.Samples.TransformExport.asmdef' with importer (AssemblyDefinitionImporter)
Imported 'GUID: 08adcd37193f4174aa3c000ec414aa3e' -> (Import Result ID: 'f32d80c74af793321cce4fb7e950e47c') in 0.001 seconds [static dependencies only]. Details - ImportResultOutputID=3cf01a0e0cc12bef0f99216c542fe7ca DependenciesID=9428edc7dba1da4f9f357de233cd00b8 StaticDependenciesID=75effe3efb069323980de629f74f975b 
Importing 'GUID: 787ec048daec145b580d1134da5dd278 - Path: Packages/com.unity.multiplayer.center/Tests/Editor/Unity.Multiplayer.Center.Editor.Tests.asmdef' with importer (AssemblyDefinitionImporter)
Imported 'GUID: 787ec048daec145b580d1134da5dd278' -> (Import Result ID: 'bbe717dc8d533b7470f24301b5cc9c42') in 0.001 seconds [static dependencies only]. Details - ImportResultOutputID=5633ff3ec6bb0acbf28d7a77a2b8f7bf DependenciesID=bc5d900284f0df0231a3b606e0193b1d StaticDependenciesID=4255616505a6c5bd1c7ac30b4332d8b4 
Importing 'GUID: d8b63aba1907145bea998dd612889d6b - Path: Packages/com.unity.mathematics/Unity.Mathematics/Unity.Mathematics.asmdef' with importer (AssemblyDefinitionImporter)
Imported 'GUID: d8b63aba1907145bea998dd612889d6b' -> (Import Result ID: 'b78fe57c168689b3f4962b1a1aaafb41') in 0.001 seconds [static dependencies only]. Details - ImportResultOutputID=01502dc63d2ad352111a1863c9144075 DependenciesID=9cc37ce85fd4764f7eec2d47f92b3afd StaticDependenciesID=7be859221645ffdf422094f149c70851 
Importing 'GUID: 79bfc848f72b8c84b847746beeff904b - Path: Packages/com.yanagisawa.data-layout-calibrator/Samples/TransformExport/Tests/Editor/Yanagisawa.DataLayoutCalibrator.Samples.TransformExport.Tests.Editor.asmdef' with importer (AssemblyDefinitionImporter)
Imported 'GUID: 79bfc848f72b8c84b847746beeff904b' -> (Import Result ID: 'f16ee71de9a8c7d2ca4a14afce26f630') in 0.001 seconds [static dependencies only]. Details - ImportResultOutputID=0bdc167873510dc8c87879d280b68eff DependenciesID=09c3dc2ea58da26b31c962a34aab65ce StaticDependenciesID=1fe2bcf74b825a865afcfd6eb9bf9a4d 
Importing 'GUID: d966426d06a270f45839eafbf58c1fe8 - Path: Assets/DataLayoutCalibrator/Editor/Yanagisawa.DataLayoutCalibrator.Benchmark.Editor.asmdef' with importer (AssemblyDefinitionImporter)
Imported 'GUID: d966426d06a270f45839eafbf58c1fe8' -> (Import Result ID: 'f593a5551dcbb27185d193a4419afa52') in 0.001 seconds [static dependencies only]. Details - ImportResultOutputID=e2c6ce43d2e409439e75126831f40b9f DependenciesID=80262f9ac6187da7cc1ad9d0a2af6837 StaticDependenciesID=f1cbdbea6159993353ac87a7f320f7d4 
Importing 'GUID: e91b268b63943c2439bcacf533674224 - Path: Packages/com.yanagisawa.data-layout-calibrator/Samples/ParticleIntegrate/Tests/Editor/Yanagisawa.DataLayoutCalibrator.Samples.ParticleIntegrate.Tests.Editor.asmdef' with importer (AssemblyDefinitionImporter)
Imported 'GUID: e91b268b63943c2439bcacf533674224' -> (Import Result ID: '2999099f2255bb5dd7486a3b37fcebb2') in 0.001 seconds [static dependencies only]. Details - ImportResultOutputID=f7196f02751fe85ffa57eee683afaad0 DependenciesID=28084158892b62027e817306c9a23bf1 StaticDependenciesID=912f62af08954dd3245cf47b1ac6ee4f 
Importing 'GUID: 0acc523941302664db1f4e527237feb3 - Path: Packages/com.unity.test-framework/UnityEditor.TestRunner/UnityEditor.TestRunner.asmdef' with importer (AssemblyDefinitionImporter)
Imported 'GUID: 0acc523941302664db1f4e527237feb3' -> (Import Result ID: 'bc981bb411b5b61f9313f487793ea1b6') in 0.001 seconds [static dependencies only]. Details - ImportResultOutputID=bdfbd62718e67525d158a84b62805fd9 DependenciesID=b669f62c5cffcfba375c2eae3d8c2808 StaticDependenciesID=9eb9a3bb87a4466b31ae28ac6fbd7ff1 
Importing 'GUID: aaf6804a66b394e9b8c133f80fc0c3e3 - Path: Packages/com.unity.nuget.mono-cecil/Tests/Editor/Unity.Nuget.Mono-Cecil.Editor.Tests.asmdef' with importer (AssemblyDefinitionImporter)
Imported 'GUID: aaf6804a66b394e9b8c133f80fc0c3e3' -> (Import Result ID: 'ba2154a803392640fcd5f19802290022') in 0.001 seconds [static dependencies only]. Details - ImportResultOutputID=8afcf50a6c18737ec3f5cfcddabcd598 DependenciesID=72241c0375644f269f5daf91305cbe5e StaticDependenciesID=93a8a0be1b1beb9e61e32f9034afc6d8 
Importing 'GUID: 8baa6eabecd47164e94a1eb92b18f394 - Path: Packages/com.unity.collections/Unity.Collections.CodeGen/Unity.Collections.CodeGen.asmdef' with importer (AssemblyDefinitionImporter)
Imported 'GUID: 8baa6eabecd47164e94a1eb92b18f394' -> (Import Result ID: 'f72635d331257a9b6eb00b89228d9363') in 0.001 seconds [static dependencies only]. Details - ImportResultOutputID=d662303cdf54d0c3dd98b6efba486cfb DependenciesID=6d0be787dc5693a2bb7c311ceabd32e5 StaticDependenciesID=fdcceedc743b5ca0fe690634e00adc02 
Importing 'GUID: ebbea1c70c20149eea64c53647a70872 - Path: Packages/com.unity.collections/Unity.Collections.Tests/Unity.Collections.Tests.asmdef' with importer (AssemblyDefinitionImporter)
Imported 'GUID: ebbea1c70c20149eea64c53647a70872' -> (Import Result ID: 'a467e4cd3d6efd21710445bad0a61e3b') in 0.001 seconds [static dependencies only]. Details - ImportResultOutputID=3a81b3579d5c38fd6ec7030b87caa55f DependenciesID=7f88cdc2f5fee2def68c2968d7253fe3 StaticDependenciesID=9727301aaeb0d24ee825137734323c79 
Importing 'GUID: 9c6dda6c7922c624cb7ea9a7f1c7d54a - Path: Packages/com.unity.burst/Unity.Burst.CodeGen/Unity.Burst.CodeGen.asmdef' with importer (AssemblyDefinitionImporter)
Imported 'GUID: 9c6dda6c7922c624cb7ea9a7f1c7d54a' -> (Import Result ID: 'e5626fdeaa9eae6a8c966ac68443f042') in 0.001 seconds [static dependencies only]. Details - ImportResultOutputID=8456a45fd02f5deb1b6e1935914f23af DependenciesID=225e52eb7495f6a507f82bed69155936 StaticDependenciesID=034f55b89f107fecefbe965975bc4ef7 
Importing 'GUID: 3d4350d149ba4e8985119c5ddc59e184 - Path: Packages/com.yanagisawa.data-layout-calibrator/Samples/ExternalWorkloads/Runtime/Yanagisawa.DataLayoutCalibrator.Samples.ExternalWorkloads.asmdef' with importer (AssemblyDefinitionImporter)
Imported 'GUID: 3d4350d149ba4e8985119c5ddc59e184' -> (Import Result ID: '3748079b557105ae3d8dd71da8b7a411') in 0.001 seconds [static dependencies only]. Details - ImportResultOutputID=2342f28d7839946589f83b4c7f8e6700 DependenciesID=ff96a1f52bb48018ca1144a556660b7d StaticDependenciesID=5ea06d9c552e188bcb4cdc28db6e1144 
Importing 'GUID: 7d7a52937bce86f4d8cb05d0385d15e8 - Path: Packages/com.yanagisawa.data-layout-calibrator/Samples/ParticleIntegrate/Runtime/Yanagisawa.DataLayoutCalibrator.Samples.ParticleIntegrate.asmdef' with importer (AssemblyDefinitionImporter)
Imported 'GUID: 7d7a52937bce86f4d8cb05d0385d15e8' -> (Import Result ID: 'a0e3376c4abe2d2d3c28df8686b57b15') in 0.001 seconds [static dependencies only]. Details - ImportResultOutputID=1e94c45e74de1da66c7f19273cbd1972 DependenciesID=6baf09b53a83d13f63751d63c2eaa76d StaticDependenciesID=4b45583eb3bb732734274044133b4c64 
Importing 'GUID: adb3730c391d42b4b73fcea5bbc3d070 - Path: Packages/com.yanagisawa.data-layout-calibrator/Samples/AdditionalWorkloads/Tests/Editor/Yanagisawa.DataLayoutCalibrator.Samples.AdditionalWorkloads.Tests.Editor.asmdef' with importer (AssemblyDefinitionImporter)
Imported 'GUID: adb3730c391d42b4b73fcea5bbc3d070' -> (Import Result ID: '9c96ed068d2186c1ccf18ac1b8575c81') in 0.001 seconds [static dependencies only]. Details - ImportResultOutputID=ab8e843ccf633224396aafc1dc5b6dc7 DependenciesID=0e56856d54d34b1bdbd49a252dcf5bb1 StaticDependenciesID=46764d08ec9f9bcd7483e6d61b7fa44c 
Importing 'GUID: 5e96082520aa86a458e400b89afe93a4 - Path: Packages/com.unity.collections/Unity.Collections.Tests.Playmode/Unity.Collections.Tests.Playmode.asmdef' with importer (AssemblyDefinitionImporter)
Imported 'GUID: 5e96082520aa86a458e400b89afe93a4' -> (Import Result ID: 'c001ca437d98f873a525336e87f33170') in 0.001 seconds [static dependencies only]. Details - ImportResultOutputID=bd2135074d5db371cd84d45685c0abb9 DependenciesID=f6d7c27ea3ec142077d588930dd615be StaticDependenciesID=fafac33899ac94db91de76686a610fff 
Importing 'GUID: 8ec52c47cba61c0459b9a3f17ef26c30 - Path: Packages/com.yanagisawa.data-layout-calibrator/Tests/Editor/Yanagisawa.DataLayoutCalibrator.Tests.Editor.asmdef' with importer (AssemblyDefinitionImporter)
Imported 'GUID: 8ec52c47cba61c0459b9a3f17ef26c30' -> (Import Result ID: 'd012642b849b18f5ae5ad1ff12eb09d7') in 0.001 seconds [static dependencies only]. Details - ImportResultOutputID=aa61e8dbaef73ddcd3eff00822ed4782 DependenciesID=2fdd1398eb9bc592c83f5965aa860546 StaticDependenciesID=a9556551564183c606fc232b3aced328 
Importing 'GUID: be17709716f1648caa5de6d0c38103ed - Path: Packages/com.unity.multiplayer.center/Editor/Unity.Multiplayer.Center.Editor.asmdef' with importer (AssemblyDefinitionImporter)
Imported 'GUID: be17709716f1648caa5de6d0c38103ed' -> (Import Result ID: '0948e38ad23ca75da83bd15011262fd8') in 0.001 seconds [static dependencies only]. Details - ImportResultOutputID=10fe3792e6d1c78b2e7ea8dd1292fc3b DependenciesID=539fe8f05cbb283f3d3ab470ef0bef6d StaticDependenciesID=85f90e9d9ed2135368d3728f28639b9e 
Importing 'GUID: 4f5c0c83dfd6a0743834baba2b4de79e - Path: Packages/com.unity.collections/Unity.Collections.BurstCompatibilityGen/Unity.Collections.BurstCompatibilityGen.asmdef' with importer (AssemblyDefinitionImporter)
Imported 'GUID: 4f5c0c83dfd6a0743834baba2b4de79e' -> (Import Result ID: '76ed89d965fbb145c775daa62b7cd1f9') in 0.001 seconds [static dependencies only]. Details - ImportResultOutputID=ac52ea5d507d3c8048e163a715427ed2 DependenciesID=99666bde74b15e9605888e6c97b1a2e8 StaticDependenciesID=b9e8c77b5988d211c8fa51f3e95a162f 
Importing 'GUID: 6f96e4b9bbe444c8f88d51ae10a2b75e - Path: Packages/com.unity.mathematics/Tests/Editor/Unity.Mathematics.Editor.Tests.asmdef' with importer (AssemblyDefinitionImporter)
Imported 'GUID: 6f96e4b9bbe444c8f88d51ae10a2b75e' -> (Import Result ID: '14f6ae21d610fcc9c8fe7afaa767535d') in 0.001 seconds [static dependencies only]. Details - ImportResultOutputID=9503fec8899d928fffceed232aada3b8 DependenciesID=65bc23ebfe64d1b9515780e88bc3a908 StaticDependenciesID=aeac293b2a520d555c165f33dd711a37 
Importing 'GUID: 9f843d4b38153f04b9cee0502d568525 - Path: Packages/com.unity.test-framework.performance/Editor/Unity.PerformanceTesting.Editor.asmdef' with importer (AssemblyDefinitionImporter)
Imported 'GUID: 9f843d4b38153f04b9cee0502d568525' -> (Import Result ID: 'a0364fe2b671c365e337103913d7ddca') in 0.001 seconds [static dependencies only]. Details - ImportResultOutputID=b24723d683cea24cef50bdf136575abc DependenciesID=eee5aa728106d3144740c4646aee0b5f StaticDependenciesID=5f19b14633c26336cff695824d9769f9 
Importing 'GUID: e064d25778ff3b249a575bb25f2eaf3e - Path: Packages/com.unity.collections/Unity.Collections.PerformanceTests.Internal/Unity.Collections.PerformanceTests.Internal.asmref' with importer (AssemblyDefinitionReferenceImporter)
Imported 'GUID: e064d25778ff3b249a575bb25f2eaf3e' -> (Import Result ID: '8e7678bb0bc137eba6a07c3bb6974f9c') in 0.001 seconds [static dependencies only]. Details - ImportResultOutputID=655a81b5a7dcfad0ad74ceb22e2cfc24 DependenciesID=f3db52a615ac7844bcbd3f9d7dff5473 StaticDependenciesID=d90964da7aadad57bb1300b9f751b68b 
Importing 'GUID: 268a64be2367b3248a24f317d458861a - Path: Packages/com.unity.burst/Runtime/Editor/Unity.Burst.ForEditor.asmref' with importer (AssemblyDefinitionReferenceImporter)
Imported 'GUID: 268a64be2367b3248a24f317d458861a' -> (Import Result ID: '1d4151bbb31a6e00b065d4c026b0da3d') in 0.002 seconds [static dependencies only]. Details - ImportResultOutputID=14782cc54ef3cdaed6ecf829e7b33a0e DependenciesID=4e96281cf025161ecce4e8cf207d61a0 StaticDependenciesID=ba53f81276721c6bce1986d8592bf93e 
Importing 'GUID: 51fa60bb2bd1e5bc74e8cc95a7bfd5b7 - Path: Packages/com.unity.modules.ui/package.ModuleCompilationTrigger' with importer (DefaultImporter)
Imported 'GUID: 51fa60bb2bd1e5bc74e8cc95a7bfd5b7' -> (Import Result ID: 'be512cbaf64ea92a8c61a9860d5593e0') in 0.026 seconds [static dependencies only]. Details - ImportResultOutputID=97b097896283fafd162f5103b6da9350 DependenciesID=e379836f04c341386ee5af5817637ee4 StaticDependenciesID=c2aff6c152a6da981347289118cef558 
Importing 'GUID: 71136fc5cf34f2cc10be0e33c0b08019 - Path: Packages/com.unity.modules.unityanalytics/package.ModuleCompilationTrigger' with importer (DefaultImporter)
Imported 'GUID: 71136fc5cf34f2cc10be0e33c0b08019' -> (Import Result ID: '4f553d0c7846bb8488f1e47c7cc378ed') in 0.001 seconds [static dependencies only]. Details - ImportResultOutputID=aad00463857b0f3e239972e5a10e3f79 DependenciesID=6ac68746640fd51569a9c6747167e4b7 StaticDependenciesID=0a465c3a9c3618e9383ffbc63a09a41f 
Importing 'GUID: a1c42005fe7c5d78585a77ce396a5eea - Path: Packages/com.unity.modules.tilemap/package.ModuleCompilationTrigger' with importer (DefaultImporter)
Imported 'GUID: a1c42005fe7c5d78585a77ce396a5eea' -> (Import Result ID: '2f3b857d1b663667ca17da0ecdb9c8a1') in 0.000 seconds [static dependencies only]. Details - ImportResultOutputID=7c7d529048f5d74f6d499dae097a185f DependenciesID=b23b0d0112b94f64697303ce5948ec1a StaticDependenciesID=767d5c519e1f9c2aac9148aeb04fb657 
Importing 'GUID: d104359075a97392b803d3d5aebc77f7 - Path: Packages/com.unity.modules.hierarchycore/package.ModuleCompilationTrigger' with importer (DefaultImporter)
Imported 'GUID: d104359075a97392b803d3d5aebc77f7' -> (Import Result ID: '1104453536185676bc1678445bc2e5c2') in 0.000 seconds [static dependencies only]. Details - ImportResultOutputID=8ec3343e917ef007d455acfe45d3ee72 DependenciesID=11cd1d869703a14821f66523d31d6e31 StaticDependenciesID=9506762e0ca75dd852ab6d602f96658b 
Importing 'GUID: 222fc39b0c85d800342910da2cd64781 - Path: Packages/com.unity.modules.assetbundle/package.ModuleCompilationTrigger' with importer (DefaultImporter)
Imported 'GUID: 222fc39b0c85d800342910da2cd64781' -> (Import Result ID: 'dd36a5e01c8079a36a8e076f32ac9a85') in 0.000 seconds [static dependencies only]. Details - ImportResultOutputID=a4749f3da6b6adf8eaabf6e5477b2b7c DependenciesID=e7aef5b454539e843aea21afca7a9562 StaticDependenciesID=bf0185bce9c4f64f5de1111522b962c3 
Importing 'GUID: d2ec2d1228c8e67cdd913cb5609176a2 - Path: Packages/com.unity.modules.unitywebrequest/package.ModuleCompilationTrigger' with importer (DefaultImporter)
Imported 'GUID: d2ec2d1228c8e67cdd913cb5609176a2' -> (Import Result ID: 'cbae085591e1311e0426e2d013a8e2fc') in 0.000 seconds [static dependencies only]. Details - ImportResultOutputID=37747859ed12efda2a92d3d840e79b06 DependenciesID=91663d755e88c5ca08eaa9b698d477e1 StaticDependenciesID=f00cc25d0cb3d54a323605ed0b875d57 
Importing 'GUID: e2d09a26ce46dc617b54e49a534ace20 - Path: Packages/com.unity.modules.ai/package.ModuleCompilationTrigger' with importer (DefaultImporter)
Imported 'GUID: e2d09a26ce46dc617b54e49a534ace20' -> (Import Result ID: '5eb05f86d588fcb4411bf5d4cdb8633c') in 0.000 seconds [static dependencies only]. Details - ImportResultOutputID=01c973ad27769bdd61dcc3de2d8629ac DependenciesID=adc271351f3fc2b40d78b63d80ce5298 StaticDependenciesID=928a9e6f7cd68cf5304459597cf575cb 
Importing 'GUID: 23032f4383e95e772bce465c5896d0fd - Path: Packages/com.unity.modules.terrain/package.ModuleCompilationTrigger' with importer (DefaultImporter)
Imported 'GUID: 23032f4383e95e772bce465c5896d0fd' -> (Import Result ID: '14aae7ef45df2c6f8212b61023a52b4d') in 0.000 seconds [static dependencies only]. Details - ImportResultOutputID=43caf76539e87b0b5e506fce22b32e8c DependenciesID=f8228da4343e8fb110c89248206a7802 StaticDependenciesID=76c4c61aef8242e7484164b19d474b05 
Importing 'GUID: 830a36a23cf3ab1e61fa47940a6dc35e - Path: Packages/com.unity.modules.imageconversion/package.ModuleCompilationTrigger' with importer (DefaultImporter)
Imported 'GUID: 830a36a23cf3ab1e61fa47940a6dc35e' -> (Import Result ID: 'a49f3e2b08ded35f46967b1fd01ec880') in 0.000 seconds [static dependencies only]. Details - ImportResultOutputID=1312c79305670b6aa3bce9ff3efd03b9 DependenciesID=0d87bfc0d9d3dcf3dbb4416dbe071d2e StaticDependenciesID=56f9209b404ef1062f2d5b5c6a7566ff 
Importing 'GUID: a31a332ce3485f00f7df8d987302a29c - Path: Packages/com.unity.modules.unitywebrequesttexture/package.ModuleCompilationTrigger' with importer (DefaultImporter)
Imported 'GUID: a31a332ce3485f00f7df8d987302a29c' -> (Import Result ID: 'fc94c7b147a6b5694eda1349b0d7aabd') in 0.000 seconds [static dependencies only]. Details - ImportResultOutputID=54d1731c77f760b5355a2b1bfa92527b DependenciesID=5571910980b4cae5029e5ab40e2bcd2d StaticDependenciesID=6e49c3a187320488020f3989f8d20238 
Importing 'GUID: 042dc296246916648e55a43d0eeb2036 - Path: Packages/com.unity.modules.audio/package.ModuleCompilationTrigger' with importer (DefaultImporter)
Imported 'GUID: 042dc296246916648e55a43d0eeb2036' -> (Import Result ID: 'c4a0e5bbce453acc33a8bf9c7f8fd969') in 0.001 seconds [static dependencies only]. Details - ImportResultOutputID=ab0921e937c1d9c2d7fbdebe7091d6c2 DependenciesID=2fbfc3637758b4b1afbb879176065fd9 StaticDependenciesID=efa0e9a04fa05cb3d50f46a551bc8be8 
Importing 'GUID: 14e86f88e9a8c9c448d7e7df92f2aeec - Path: Packages/com.unity.modules.physicscore2d/package.ModuleCompilationTrigger' with importer (DefaultImporter)
Imported 'GUID: 14e86f88e9a8c9c448d7e7df92f2aeec' -> (Import Result ID: '286d0aaeea317716b6b387abae91239e') in 0.000 seconds [static dependencies only]. Details - ImportResultOutputID=94d25b776bc28f679880cb17bd31ec6c DependenciesID=1e2365107784a1b2d2eb507bd4923ea0 StaticDependenciesID=488aedf750fe121a67026d15356ece4f 
Importing 'GUID: 553737203d61a8109f9544a97201e1aa - Path: Packages/com.unity.modules.unitywebrequestaudio/package.ModuleCompilationTrigger' with importer (DefaultImporter)
Imported 'GUID: 553737203d61a8109f9544a97201e1aa' -> (Import Result ID: 'e6baa8215c97ef304366679935990995') in 0.000 seconds [static dependencies only]. Details - ImportResultOutputID=ab514c5cded186b91986c4c830fcf71c DependenciesID=e12ad54e4c4bfce446617e5e5004ec3d StaticDependenciesID=c4320a1c96db5a5f3ca135be31fdc3d7 
Importing 'GUID: e5c46c19ce0ce2e0103aa6f82df1043a - Path: Packages/com.unity.modules.vehicles/package.ModuleCompilationTrigger' with importer (DefaultImporter)
Imported 'GUID: e5c46c19ce0ce2e0103aa6f82df1043a' -> (Import Result ID: '4a095abfe18c178a6f1731a0aefa07f8') in 0.001 seconds [static dependencies only]. Details - ImportResultOutputID=7ed92368dde83c4f4274e94d1167c911 DependenciesID=b498a6771ad063decc4b2d9bca33701e StaticDependenciesID=90796e33c5799e26f385c4e10590db07 
Importing 'GUID: 7610600f5c83e01041a6fe849d39279f - Path: Packages/com.unity.modules.unitywebrequestassetbundle/package.ModuleCompilationTrigger' with importer (DefaultImporter)
Imported 'GUID: 7610600f5c83e01041a6fe849d39279f' -> (Import Result ID: '2ea50db261b98f391b66c8e2e2c09118') in 0.000 seconds [static dependencies only]. Details - ImportResultOutputID=8003247251fb87c113fccdf168b06d46 DependenciesID=ac0e2bdb486634d4b85bb1a604b63dc5 StaticDependenciesID=32f59c7b9032968cc025840700eddeb8 
Importing 'GUID: e6a135e3ea9cb46795d1b0e05ac3e1e5 - Path: Packages/com.unity.modules.jsonserialize/package.ModuleCompilationTrigger' with importer (DefaultImporter)
Imported 'GUID: e6a135e3ea9cb46795d1b0e05ac3e1e5' -> (Import Result ID: '1c57b55bcd4c8c6362ce51c0ebd7a821') in 0.000 seconds [static dependencies only]. Details - ImportResultOutputID=16fe18d7d4fb3289b89d1d866fdd26db DependenciesID=252a3b2725279cfc46d526136c580f21 StaticDependenciesID=0739be11007ee94595e2bc82ea98c6c4 
Importing 'GUID: f62135e79edb837b2d2ee3c524da864c - Path: Packages/com.unity.modules.video/package.ModuleCompilationTrigger' with importer (DefaultImporter)
Imported 'GUID: f62135e79edb837b2d2ee3c524da864c' -> (Import Result ID: '1872df6bc4628bb1a9ca29144f14611e') in 0.000 seconds [static dependencies only]. Details - ImportResultOutputID=f343425462c7ecc24009b61dff957b85 DependenciesID=abff74b8822e33abc9192cbad1ed91f1 StaticDependenciesID=e582a27c3a6fe23d6752fceeabe989f3 
Importing 'GUID: 17f093324b67f5bd57e55b546736750e - Path: Packages/com.unity.modules.particlesystem/package.ModuleCompilationTrigger' with importer (DefaultImporter)
Imported 'GUID: 17f093324b67f5bd57e55b546736750e' -> (Import Result ID: '6ff179a8a8c272aadee9696a75f4aebd') in 0.000 seconds [static dependencies only]. Details - ImportResultOutputID=0355b1352b2efc29f8c3d4c7ae63c7f1 DependenciesID=b614594b4860a97264debb13b5bea861 StaticDependenciesID=06ca6bb0312a01a92b0f116ae2bb5399 
Importing 'GUID: 4745d06d5a7ca576dcf9e5e67b417652 - Path: Packages/com.unity.modules.accessibility/package.ModuleCompilationTrigger' with importer (DefaultImporter)
Imported 'GUID: 4745d06d5a7ca576dcf9e5e67b417652' -> (Import Result ID: 'ed114151f06ade2551c6ef7d7e6b24b4') in 0.000 seconds [static dependencies only]. Details - ImportResultOutputID=532470ed0227c311b25c8c9e8ba79400 DependenciesID=59b38450ae3fc42412aae87c518b138e StaticDependenciesID=ba6a0791359df9525e03c096d26794d0 
Importing 'GUID: c7a8b0317f4e68556d7509828e9e211e - Path: Packages/com.unity.modules.xr/package.ModuleCompilationTrigger' with importer (DefaultImporter)
Imported 'GUID: c7a8b0317f4e68556d7509828e9e211e' -> (Import Result ID: '18c4edf952690bd95819244c11174a4d') in 0.000 seconds [static dependencies only]. Details - ImportResultOutputID=ae1b559a8646648d57c418658f22c1c3 DependenciesID=4e3e720b9d999aafecadb0f17c83e4a6 StaticDependenciesID=d031c78d05fe025f26315ce7900c9528 
Importing 'GUID: 082fbee38a82835433261a5e9c00e267 - Path: Packages/com.unity.modules.cloth/package.ModuleCompilationTrigger' with importer (DefaultImporter)
Imported 'GUID: 082fbee38a82835433261a5e9c00e267' -> (Import Result ID: 'bf1434c66533fc5ed20a95906c66351f') in 0.000 seconds [static dependencies only]. Details - ImportResultOutputID=4484322f1fd307127a580e9b17cedb30 DependenciesID=8ccefc550c79be7e16adf9d77ba5ddac StaticDependenciesID=6d0aacacd4e61cc36d0d9a05bdb20f7a 
Importing 'GUID: c82e859b16636ddd2ca4a1f63fd34938 - Path: Packages/com.unity.modules.androidjni/package.ModuleCompilationTrigger' with importer (DefaultImporter)
Imported 'GUID: c82e859b16636ddd2ca4a1f63fd34938' -> (Import Result ID: '96146a3272911c0c26faaa2f409eda38') in 0.000 seconds [static dependencies only]. Details - ImportResultOutputID=6a7f1eafcdb81a627586a74a505019b9 DependenciesID=52a090cc866c15018523ed746bf8807c StaticDependenciesID=ed6a528eff5f65055b00bedf58455228 
Importing 'GUID: c88e90bad18cceb5d182d0c805883056 - Path: Packages/com.unity.modules.director/package.ModuleCompilationTrigger' with importer (DefaultImporter)
Imported 'GUID: c88e90bad18cceb5d182d0c805883056' -> (Import Result ID: '88b56db61470ef8e5dee2598c8965f76') in 0.000 seconds [static dependencies only]. Details - ImportResultOutputID=5d286ef98cbac13e3d0e345aac901e4f DependenciesID=9fe04e6b981ac1886c519cc8508a5f5d StaticDependenciesID=34683c221800bed4b46509fdcd989f77 
Importing 'GUID: 1af35a910338381f753e8a985eb5daab - Path: Packages/com.unity.modules.adaptiveperformance/package.ModuleCompilationTrigger' with importer (DefaultImporter)
Imported 'GUID: 1af35a910338381f753e8a985eb5daab' -> (Import Result ID: '9d77377b2ec4e5d7ef14ed96e71fd63f') in 0.000 seconds [static dependencies only]. Details - ImportResultOutputID=949634ab36822f8ff6168fc8c25e1508 DependenciesID=229478d50bbba89d789649f693e68d89 StaticDependenciesID=b397d2b2d895f0686fbfe743749e652c 
Importing 'GUID: 2adec19fac7df68adf1fd6eb83197bb1 - Path: Packages/com.unity.modules.wind/package.ModuleCompilationTrigger' with importer (DefaultImporter)
Imported 'GUID: 2adec19fac7df68adf1fd6eb83197bb1' -> (Import Result ID: 'ccb5a51e42d25834969bc58f31c78812') in 0.000 seconds [static dependencies only]. Details - ImportResultOutputID=d94addc5fcd1dcd16d8a4aeff6e7315b DependenciesID=0b0bb029c12bc475b21befd144074eaf StaticDependenciesID=23ec4a64c7d5359b2f1c01ca01b0ee26 
Importing 'GUID: 8a752aaaadd2410dd9a84e01c1bace9f - Path: Packages/com.unity.modules.uielements/package.ModuleCompilationTrigger' with importer (DefaultImporter)
Imported 'GUID: 8a752aaaadd2410dd9a84e01c1bace9f' -> (Import Result ID: '9bbe79e6be23cf294a7e85a44717cd80') in 0.000 seconds [static dependencies only]. Details - ImportResultOutputID=f40b7d6a35d44b9d0813e881de9232d1 DependenciesID=75395805abf87b79b2479c000ddf866e StaticDependenciesID=dbfa668ffe7162da8bf99b5a155dcc22 
Importing 'GUID: 1b6246f2248883964991eac9e9b4817c - Path: Packages/com.unity.modules.umbra/package.ModuleCompilationTrigger' with importer (DefaultImporter)
Imported 'GUID: 1b6246f2248883964991eac9e9b4817c' -> (Import Result ID: '1fbaaab7c048f66010e34ddc1e69da1c') in 0.000 seconds [static dependencies only]. Details - ImportResultOutputID=007489b112d859d85ac111b51d2b96fd DependenciesID=03d8b6a5c0db90643ba251d3e7cbda0c StaticDependenciesID=4e6b9455dafa283cce58ae6ee8c0336c 
Importing 'GUID: cbb1a39d56ce4d9ac1a46ac505893fa7 - Path: Packages/com.unity.modules.terrainphysics/package.ModuleCompilationTrigger' with importer (DefaultImporter)
Imported 'GUID: cbb1a39d56ce4d9ac1a46ac505893fa7' -> (Import Result ID: 'e4f8a719d295c973f444c208f033cc38') in 0.000 seconds [static dependencies only]. Details - ImportResultOutputID=62cb9b240430335886efec9a08c66b57 DependenciesID=26627dc5fd7796c54cda83e17d601b53 StaticDependenciesID=5d175a533cd45da54a77351c373ccd17 
Importing 'GUID: db8e609a39b9b231fccc54e5fa4cbd1b - Path: Packages/com.unity.modules.animation/package.ModuleCompilationTrigger' with importer (DefaultImporter)
Imported 'GUID: db8e609a39b9b231fccc54e5fa4cbd1b' -> (Import Result ID: '1f5a4eb4c1bea2765a464e96476b9256') in 0.000 seconds [static dependencies only]. Details - ImportResultOutputID=288139cac869a1d040c89eaede133db4 DependenciesID=6a55271c2f8d6d1262fc99195f90c42b StaticDependenciesID=804c219e7325b6dbb8b72b358085a67b 
Importing 'GUID: 3cc1ebf2abb7fef6871ad48f499b6e21 - Path: Packages/com.unity.modules.vectorgraphics/package.ModuleCompilationTrigger' with importer (DefaultImporter)
Imported 'GUID: 3cc1ebf2abb7fef6871ad48f499b6e21' -> (Import Result ID: 'b692cc1bf42e93a6ba38bba605214b24') in 0.000 seconds [static dependencies only]. Details - ImportResultOutputID=a4c87958b226c4f900fbf4d18311cf6f DependenciesID=289c5a2805f5f3bd17f141d224ff3676 StaticDependenciesID=bcf2ae8a18bda4671185beb022fb4c8e 
Importing 'GUID: 5c1ee4056d0ac7ad3c5a16597fcaa38a - Path: Packages/com.unity.modules.physics/package.ModuleCompilationTrigger' with importer (DefaultImporter)
Imported 'GUID: 5c1ee4056d0ac7ad3c5a16597fcaa38a' -> (Import Result ID: 'da10249b72ef1938ae2817246359febc') in 0.000 seconds [static dependencies only]. Details - ImportResultOutputID=47c1ddfb4cd3ec43bc350d5b06504d59 DependenciesID=c1fdb786cfa5b8cd2458adb570b7e483 StaticDependenciesID=def7f60ed94eb1e3bf949e7a24d98b09 
Importing 'GUID: 8d4bc6bfa28760b29f13174d6b6ea710 - Path: Packages/com.unity.modules.subsystems/package.ModuleCompilationTrigger' with importer (DefaultImporter)
Imported 'GUID: 8d4bc6bfa28760b29f13174d6b6ea710' -> (Import Result ID: '9699ec2b1869b12b46d89bf5cdd7c9c4') in 0.000 seconds [static dependencies only]. Details - ImportResultOutputID=498ca2a2c24aa041ab5e98f608209a1b DependenciesID=f6fb4a8c9451e7fc50666daaaa63fcac StaticDependenciesID=b94d73de3d2db39dc94b181f5013b60b 
Importing 'GUID: cd561f5f687aed43bf280c27a84f79e3 - Path: Packages/com.unity.modules.screencapture/package.ModuleCompilationTrigger' with importer (DefaultImporter)
Imported 'GUID: cd561f5f687aed43bf280c27a84f79e3' -> (Import Result ID: 'fe6c3609632574e772751b1a1470e3ae') in 0.000 seconds [static dependencies only]. Details - ImportResultOutputID=3eb1964e8afbff2c421e099475927610 DependenciesID=187000d91108dd5733c47a4017161fe8 StaticDependenciesID=81108190fb4b408fcb20c546a76134da 
Importing 'GUID: ae87256f29d9c8b50490f4caf75b2c41 - Path: Packages/com.unity.modules.unitywebrequestwww/package.ModuleCompilationTrigger' with importer (DefaultImporter)
Imported 'GUID: ae87256f29d9c8b50490f4caf75b2c41' -> (Import Result ID: '48deca1ca5e5806fd98cb116530c8138') in 0.000 seconds [static dependencies only]. Details - ImportResultOutputID=79dda7a6ac07c59209ba94225ee33d24 DependenciesID=79391c27a28a0c4027778dc79f8b3d56 StaticDependenciesID=7dac5f7f16a9ff2c212f9c3517f83288 
Importing 'GUID: be13c398521e3c1ad21fb9da30ab2ab6 - Path: Packages/com.unity.modules.imgui/package.ModuleCompilationTrigger' with importer (DefaultImporter)
Imported 'GUID: be13c398521e3c1ad21fb9da30ab2ab6' -> (Import Result ID: '4bfb181c21f30d7fa0736cd84007b874') in 0.000 seconds [static dependencies only]. Details - ImportResultOutputID=68bbcc9e8372c6860b60d924cb4f595c DependenciesID=4bcf2bcb999c4f466f4fa1d587744998 StaticDependenciesID=b10ae4bbcc2865380adf6542439aaca3 
Importing 'GUID: fe6a6957b37b61417b457a1e0541791d - Path: Packages/com.unity.modules.physics2d/package.ModuleCompilationTrigger' with importer (DefaultImporter)
Imported 'GUID: fe6a6957b37b61417b457a1e0541791d' -> (Import Result ID: 'a0cc2b0b2fa3e4916c65d2e9c3d41a37') in 0.000 seconds [static dependencies only]. Details - ImportResultOutputID=007ff8c01aa675f4b695ba99a36210ad DependenciesID=0b3ab5f8d1990e5a76f706e63a612bc9 StaticDependenciesID=bf5244ee0a65aa31c2655bbde014baac 
Native extension for WindowsStandalone target not found
ScheduleIndexationOnStartup MainProcess:True IndexOnStartup:True
Mono: successfully reloaded assembly
- Finished resetting the current domain, in  0.681 seconds
Domain Reload Profiling: 1240ms
	BeginReloadAssembly (290ms)
		DisableScriptedObjects (23ms)
		CreateAndSetChildDomain (143ms)
	RebuildCommonClasses (6ms)
	RebuildNativeTypeToScriptingClass (11ms)
	initialDomainReloadingComplete (44ms)
	LoadAllAssembliesAndSetupDomain (205ms)
		LoadAssemblies (196ms)
		AnalyzeDomain (34ms)
			TypeCache.Refresh (25ms)
				TypeCache.ScanAssembly (19ms)
			BuildScriptInfoCaches (8ms)
	FinalizeReload (683ms)
		SetupLoadedEditorAssemblies (0ms)
			BeforeProcessingInitializeOnLoad (65ms)
			ProcessInitializeOnLoadAttributes (302ms)
			ProcessInitializeOnLoadMethodAttributes (150ms)
			AfterProcessingInitializeOnLoad (7ms)
		AwakeInstancesAfterBackupRestoration (36ms)
Importing 'GUID: 00000000000000005000000000000000 - Path: Library/BuildPlayer.prefs' with importer (DefaultImporter)
Imported 'GUID: 00000000000000005000000000000000' -> (Import Result ID: '968deb36040bbb7258278f93cba63355') in 0.009 seconds [static dependencies only]. Details - ImportResultOutputID=1f9c19b30680da8dab47159f77a4e657 DependenciesID=08a1ec4b674aa66bb1ce753815d843ed StaticDependenciesID=d072ca1f0d6ee50a54e7e140cc588a10 
Importing 'GUID: 50504580bca9eb0409fcceea1af68eb5 - Path: Packages/com.unity.collections/Unity.Collections/NativeText.tt' with importer (DefaultImporter)
Imported 'GUID: 50504580bca9eb0409fcceea1af68eb5' -> (Import Result ID: '2f80dfd6874ce6b28220b4e5a5fa9a52') in 0.008 seconds [static dependencies only]. Details - ImportResultOutputID=ca9c933a44b31b026524c218f48e051b DependenciesID=8abaa33ca1784949a0f8361c3888ca02 StaticDependenciesID=da42af21a75eb45dfe7c9ab6192ef5d5 
Importing 'GUID: 80c2058990fe21b489f8cf04b19c914f - Path: Assets/DataLayoutCalibrator/Generated/DataLayoutCalibrator.unity' with importer (DefaultImporter)
Imported 'GUID: 80c2058990fe21b489f8cf04b19c914f' -> (Import Result ID: '5c98320e4a83f3cd361dd9c7718d6b52') in 0.002 seconds [static dependencies only]. Details - ImportResultOutputID=dd4b175584a369e7307d3328cce50a83 DependenciesID=cdde519e86fbd1626f3e0314cceac2bd StaticDependenciesID=d3f2a43b4b92678e37e136adf5e88798 
Importing 'GUID: f16da17e34bf5f149a196c3f6b32e37f - Path: Packages/com.unity.collections/Unity.Collections/FixedList.tt' with importer (DefaultImporter)
Imported 'GUID: f16da17e34bf5f149a196c3f6b32e37f' -> (Import Result ID: '9d1dcf104968a0d5cd84799b4b8110ca') in 0.001 seconds [static dependencies only]. Details - ImportResultOutputID=03d2a163e5e28fcd70128e439a8a23dc DependenciesID=591277f483f44a7ce1d2a993ec7e206a StaticDependenciesID=d2e3092db82a3bdf5896a15b37964e82 
Importing 'GUID: 059659011adc4f67a43b9d9bcc5dfd01 - Path: Packages/com.unity.collections/Unity.Collections/FixedStringFormat.tt' with importer (DefaultImporter)
Imported 'GUID: 059659011adc4f67a43b9d9bcc5dfd01' -> (Import Result ID: '2c8f937c0d3d7a9c6903c8847441d89e') in 0.002 seconds [static dependencies only]. Details - ImportResultOutputID=c20cbd66a5803aca2227d1dc3174277c DependenciesID=343a04cb23dc58b4d9490fa7ec335bcd StaticDependenciesID=f5133901a76503d79edf8cb30061f60c 
Importing 'GUID: 175a9e4a17bf01748b02c5c1c653d091 - Path: Packages/com.unity.collections/Unity.Collections.Tests/NativeSortTests.tt' with importer (DefaultImporter)
Imported 'GUID: 175a9e4a17bf01748b02c5c1c653d091' -> (Import Result ID: '66c924a868737c7b7f6910619b06b57e') in 0.002 seconds [static dependencies only]. Details - ImportResultOutputID=2bc32a30d4b854312ac6ba90f85f9f85 DependenciesID=5ff57bbf74869818965099453ea64143 StaticDependenciesID=84bae1ca8101b8ba81dd6fded8224285 
Importing 'GUID: 775a8d1badc640e45a6030c3822a83d7 - Path: Packages/com.unity.collections/Unity.Collections.Tests/FixedListTests.tt' with importer (DefaultImporter)
Imported 'GUID: 775a8d1badc640e45a6030c3822a83d7' -> (Import Result ID: '72b402de6a5185be9cb05c6f0e302731') in 0.004 seconds [static dependencies only]. Details - ImportResultOutputID=b41fd5d697d33c888a1c82c7be80bc76 DependenciesID=ce8872e04fd2f45d64bca05ae19b4d41 StaticDependenciesID=9bf109e9b890408488f68737c2c67ee8 
Importing 'GUID: 0a845769eb1dc4f459f64e5c840d07de - Path: Packages/com.unity.collections/Unity.Collections/FixedString.tt' with importer (DefaultImporter)
Imported 'GUID: 0a845769eb1dc4f459f64e5c840d07de' -> (Import Result ID: 'e38306a9e6d3cef74c9e3c594b8a5e6c') in 0.002 seconds [static dependencies only]. Details - ImportResultOutputID=7bfc734504adb5c31429af8817237eb2 DependenciesID=05c1e0161ff0a62520770282b8c3356e StaticDependenciesID=b0e7ab910f60cd8c42f7b5f525544125 
Importing 'GUID: 6a88e2cd1798bb445bc5517141684031 - Path: Packages/com.unity.collections/Unity.Collections.Tests.Playmode/FixedListPlayModeTests.tt' with importer (DefaultImporter)
Imported 'GUID: 6a88e2cd1798bb445bc5517141684031' -> (Import Result ID: '3f90b29ddaa1c46c1a5a4956a20045a4') in 0.001 seconds [static dependencies only]. Details - ImportResultOutputID=c3f3c2d975fb8eeca080bedfaabe94c3 DependenciesID=7f9c897e2f85665d8c107a836e7e3f77 StaticDependenciesID=7d4899085b788acb0c1fa9873d7727bb 
Importing 'GUID: 0be05385fc513c143a5b5249b7ad6211 - Path: Packages/com.unity.collections/Unity.Collections.Tests/FixedStringSizedTests.tt' with importer (DefaultImporter)
Imported 'GUID: 0be05385fc513c143a5b5249b7ad6211' -> (Import Result ID: 'a2f3898d252319ad6f327a98ce5c1e7b') in 0.001 seconds [static dependencies only]. Details - ImportResultOutputID=be34cb5983a837323f63f37646c30f01 DependenciesID=d119a719271f959428defb61b6213cec StaticDependenciesID=036c6704b1f332206a8a20f32e97509c 
Importing 'GUID: dbd3ca1753e44d04dbf3e27c3cfa4a1b - Path: Packages/com.unity.collections/Unity.Collections/UnsafeParallelHashSetExtensions.tt' with importer (DefaultImporter)
Imported 'GUID: dbd3ca1753e44d04dbf3e27c3cfa4a1b' -> (Import Result ID: '6b0a82370995edac2f039656b49fe410') in 0.001 seconds [static dependencies only]. Details - ImportResultOutputID=2c1f6b7339641c243591d4df95eb22da DependenciesID=b7480a908229fb3ca1287ef1e50702d0 StaticDependenciesID=8d5b70470c6e7bce027e185c130e11ee 
Importing 'GUID: 0cdef7b1946241588e9a3b52426940e4 - Path: Packages/com.unity.collections/Unity.Collections/FixedStringFormatMethods.tt' with importer (DefaultImporter)
Imported 'GUID: 0cdef7b1946241588e9a3b52426940e4' -> (Import Result ID: 'd01b10f55d4e6795e296ba73dfd0ec52') in 0.001 seconds [static dependencies only]. Details - ImportResultOutputID=234121505799972ba296db2aef8d0e93 DependenciesID=7e9b2cb8434cbd16821be7d7851c6792 StaticDependenciesID=093e364437a74b83d940f38f45184375 
Importing 'GUID: edf89c00aa475ae48a7726b87fc0f00c - Path: Packages/com.unity.collections/Unity.Collections.Tests/NativeParallelHashSetTests.tt' with importer (DefaultImporter)
Imported 'GUID: edf89c00aa475ae48a7726b87fc0f00c' -> (Import Result ID: '5080845a66789900cae78a4bd44cfbad') in 0.001 seconds [static dependencies only]. Details - ImportResultOutputID=e27639ecc25692597379f554142bfc08 DependenciesID=95699064028af7bd6a075a839518be2f StaticDependenciesID=0c59c86fd9c397253e968c3f9803f061 
Importing 'GUID: bead43d474a87b742a2b136a8b41e26b - Path: Packages/com.unity.collections/Unity.Collections.Tests/NativeHashSetTests.tt' with importer (DefaultImporter)
Imported 'GUID: bead43d474a87b742a2b136a8b41e26b' -> (Import Result ID: '7db6f4489c5647b9457e5d22454a5bd5') in 0.001 seconds [static dependencies only]. Details - ImportResultOutputID=296f5f98e0f87ae893daba991662e930 DependenciesID=a48d0cf8a0c63fe4fb8568c19281a44d StaticDependenciesID=462a02346de6031813a8e7fe421d035f 
Importing 'GUID: 6f9fa81af98728e4f8a0db3762124ff9 - Path: Packages/com.unity.collections/Unity.Collections/NativeParallelHashSetExtensions.tt' with importer (DefaultImporter)
Imported 'GUID: 6f9fa81af98728e4f8a0db3762124ff9' -> (Import Result ID: '784280779bb52017a10e7711101495d1') in 0.001 seconds [static dependencies only]. Details - ImportResultOutputID=abfbdaa08d2dd7dfc36cdce3d0fe0e08 DependenciesID=83a240dab2ddf6d319f5da0b9b24d8fe StaticDependenciesID=5e935b9ade86c4a2bf4cfcb58bcfccab 
Importing 'GUID: a659150180ae3489ba41c71780ba3779 - Path: Packages/com.unity.multiplayer.center/Editor/Questionnaire/Questionnaire.questionnaire' with importer (DefaultImporter)
Imported 'GUID: a659150180ae3489ba41c71780ba3779' -> (Import Result ID: '580a350bdb2000c81a1c66bb21ce3dca') in 0.002 seconds [static dependencies only]. Details - ImportResultOutputID=d0013f3317022cee9d3e980e4260305c DependenciesID=785b553c754ad2f94817dbb8497fd5d3 StaticDependenciesID=1519a49eb17d574aabfa41609b605604 
Importing 'GUID: b66d076cdcfe3b14388de66307a0e7ff - Path: Packages/com.unity.multiplayer.center/Editor/Recommendations/RecommendationData_6000.0.recommendations' with importer (DefaultImporter)
Imported 'GUID: b66d076cdcfe3b14388de66307a0e7ff' -> (Import Result ID: '8199a959a6f41f9e9ba098e3cdd354c0') in 0.003 seconds [static dependencies only]. Details - ImportResultOutputID=c9abb0b20a8e8219707b06aa304df842 DependenciesID=815a25337000caa425885d51a35d1336 StaticDependenciesID=50828c83603ce93f6537cc98faaa9703 
Importing 'GUID: 0175a7523f9f1754ca406f92afcfcbc6 - Path: Packages/com.unity.collections/Unity.Collections.PerformanceTests/Unity.PerformanceTesting.Benchmark/PerformanceTestFrameworkOutput.png' with importer (TextureImporter)
Imported 'GUID: 0175a7523f9f1754ca406f92afcfcbc6' -> (Import Result ID: '21210fe3819a2763092e765454646fcc') in 0.013 seconds [static and dynamic dependencies]. Details - ImportResultOutputID=3ff03c92c8844aef70f5f566d43e38e0 DependenciesID=90fed46ba9b8c17d848d79cbeef54492 StaticDependenciesID=a37c32ed1478b62971d8b2594784e867 
Importing 'GUID: 318df756abab5463e9aa361360784865 - Path: Packages/com.unity.multiplayer.center/Editor/MultiplayerCenterWindow/UI/Icons/d_PackageInstalled@2x.png' with importer (TextureImporter)
Imported 'GUID: 318df756abab5463e9aa361360784865' -> (Import Result ID: '0b8812c0134c86d78718710857ab560d') in 0.002 seconds [static and dynamic dependencies]. Details - ImportResultOutputID=db30f9493944bd8db7b9ead014f68ceb DependenciesID=125a952a0372e8a00b8ef4b3445f351e StaticDependenciesID=994ddf3ed990fa83a870b19bab9ea288 
Importing 'GUID: 424a8de5def3b46dcb08edd00ad1c7bd - Path: Packages/com.unity.multiplayer.center/Editor/MultiplayerCenterWindow/UI/Icons/Loading.png' with importer (TextureImporter)
Imported 'GUID: 424a8de5def3b46dcb08edd00ad1c7bd' -> (Import Result ID: '651dde2b2a08a9f9a92a7ea21b9179b5') in 0.002 seconds [static and dynamic dependencies]. Details - ImportResultOutputID=466ed2d140107ef8f75f3d811bce8edd DependenciesID=da18b5302e35ce8002c5bfa5ba5fef3d StaticDependenciesID=e7f8e6e0ca85f50a38335e04082f640c 
Importing 'GUID: 525a6cca8dd9a4d28875a8fe824710d9 - Path: Packages/com.unity.multiplayer.center/Editor/MultiplayerCenterWindow/UI/Icons/d_Package.png' with importer (TextureImporter)
Imported 'GUID: 525a6cca8dd9a4d28875a8fe824710d9' -> (Import Result ID: '780c11e1a920bce38e50b69ae4d330d0') in 0.002 seconds [static and dynamic dependencies]. Details - ImportResultOutputID=ea4a85379db69851648496b826b2dbc6 DependenciesID=34a923043c605a83d375f86f5e2b7424 StaticDependenciesID=553cc11af2f1ff7b408e25c0bb279e58 
Importing 'GUID: a23c0dd570fd44b57a03a8880002fcca - Path: Packages/com.unity.multiplayer.center/Editor/MultiplayerCenterWindow/UI/Icons/CloudCode@2x.png' with importer (TextureImporter)
Imported 'GUID: a23c0dd570fd44b57a03a8880002fcca' -> (Import Result ID: 'c104877f9b943b0783a2d8b5db810e7f') in 0.006 seconds [static and dynamic dependencies]. Details - ImportResultOutputID=cb039323097108a83c98371068eb3231 DependenciesID=9458037a08d939bf1612210556f80321 StaticDependenciesID=cd2c565f0bddc8807d22f0d55ee071b9 
Importing 'GUID: b2ce704e56cc84fb3b347499263c6244 - Path: Packages/com.unity.multiplayer.center/Editor/MultiplayerCenterWindow/UI/Icons/ClientHosted.png' with importer (TextureImporter)
Imported 'GUID: b2ce704e56cc84fb3b347499263c6244' -> (Import Result ID: '467e23090198f03523ef8b22d5ced07d') in 0.002 seconds [static and dynamic dependencies]. Details - ImportResultOutputID=8543dfcab3d33c5b757ae8aac672f535 DependenciesID=1f5d265af9127a576d62689dcbe972a2 StaticDependenciesID=a5c982f0566f7588ed06ff82e20583d9 
Importing 'GUID: 0354877031b64465ea7e5cafea1a2653 - Path: Packages/com.unity.multiplayer.center/Editor/MultiplayerCenterWindow/UI/Icons/DistributedAuthority@2x.png' with importer (TextureImporter)
Imported 'GUID: 0354877031b64465ea7e5cafea1a2653' -> (Import Result ID: '72e81d912771ac24998edbe0ab8a2ed4') in 0.003 seconds [static and dynamic dependencies]. Details - ImportResultOutputID=f4846d451daca11866d0a84a75402e74 DependenciesID=35edc040d03950bef72b114a7c21931d StaticDependenciesID=7a26d18c570496633d8416de9c0690d0 
Importing 'GUID: 83b28bcaaf34b4fd580114fb05d9f160 - Path: Packages/com.unity.multiplayer.center/Editor/MultiplayerCenterWindow/UI/Icons/NGO@2x.png' with importer (TextureImporter)
Imported 'GUID: 83b28bcaaf34b4fd580114fb05d9f160' -> (Import Result ID: '2d6ab97d4dba38bcdeb524649fc9c3d4') in 0.005 seconds [static and dynamic dependencies]. Details - ImportResultOutputID=ad7a6a16792a75b2d5bdf4ccc143f0c2 DependenciesID=0605ea7032d06dd33d276214c6aff1d4 StaticDependenciesID=0c80a11316f1711d1708e29f31f0eb0d 
Importing 'GUID: 0423146d9f51c4563a0f2a8200b6cd38 - Path: Packages/com.unity.multiplayer.center/Editor/MultiplayerCenterWindow/UI/Icons/PackageInstalled@2x.png' with importer (TextureImporter)
Imported 'GUID: 0423146d9f51c4563a0f2a8200b6cd38' -> (Import Result ID: '91b329350daa23fd54a42bfe71282f57') in 0.002 seconds [static and dynamic dependencies]. Details - ImportResultOutputID=969587fa5cf326d9ec8a8111b75f7ac4 DependenciesID=39e523f0401ecf71f82225e8fb9f369c StaticDependenciesID=0e797135db43cb7741aa130f58e2ca62 
Importing 'GUID: 741761e72e6f24446bd8ba03ea3d0261 - Path: Packages/com.unity.multiplayer.center/Editor/MultiplayerCenterWindow/UI/Icons/d_Questionnaire.png' with importer (TextureImporter)
Imported 'GUID: 741761e72e6f24446bd8ba03ea3d0261' -> (Import Result ID: '0c1217c8bc988713cd3caecc0be733de') in 0.002 seconds [static and dynamic dependencies]. Details - ImportResultOutputID=a5c17e9348711047638049f222e0f15d DependenciesID=867c5924523e156d8de695f084bd5a34 StaticDependenciesID=91f00ec7e32ded106f570485156ea0ea 
Importing 'GUID: 84e4bbd00035e4671bf14e0380a89001 - Path: Packages/com.unity.multiplayer.center/Editor/MultiplayerCenterWindow/UI/Icons/EmptyViewIcon.png' with importer (TextureImporter)
Imported 'GUID: 84e4bbd00035e4671bf14e0380a89001' -> (Import Result ID: '25a466c30242f5a65c481e1f6ce123da') in 0.004 seconds [static and dynamic dependencies]. Details - ImportResultOutputID=bcbf5c2d4dcd7a8cf70efc04863cd80c DependenciesID=c768a4b3dda513351a1b755cd094ddaf StaticDependenciesID=4e8b2bc13a3f2af4e692da90342930d6 
Importing 'GUID: 9431e8221045c4af189b2fa7174b9e9f - Path: Packages/com.unity.multiplayer.center/Editor/MultiplayerCenterWindow/UI/Icons/PackageManager@2x.png' with importer (TextureImporter)
Imported 'GUID: 9431e8221045c4af189b2fa7174b9e9f' -> (Import Result ID: '757560440c463eab7b0e7755d8cbca1b') in 0.002 seconds [static and dynamic dependencies]. Details - ImportResultOutputID=810eee99b1c59dc7120f2ae2b307b2ed DependenciesID=43435af6ed5c53ca9061fc6e739330c1 StaticDependenciesID=6aa2e2ba0d15d3a8665f77e7892bb597 
Importing 'GUID: b58a826ca804e4c67bab4283ad5a6102 - Path: Packages/com.unity.multiplayer.center/Editor/MultiplayerCenterWindow/UI/Icons/NoNetcode@2x.png' with importer (TextureImporter)
Imported 'GUID: b58a826ca804e4c67bab4283ad5a6102' -> (Import Result ID: 'd02a9c3b2eae35621f6b7d375471e8cb') in 0.002 seconds [static and dynamic dependencies]. Details - ImportResultOutputID=f046d0791ab60c2837f19e982d97466f DependenciesID=d4cc31c8c928d8ce9f6c8eb9bf79879c StaticDependenciesID=273d7b9c984888e87075ae09e06d38d0 
Importing 'GUID: 4616b2fa4acd1429e931835b80966c2a - Path: Packages/com.unity.multiplayer.center/Editor/MultiplayerCenterWindow/UI/Icons/PackageInstalled.png' with importer (TextureImporter)
Imported 'GUID: 4616b2fa4acd1429e931835b80966c2a' -> (Import Result ID: '1a937d9902e448ab0f410d86ea3a6f1a') in 0.002 seconds [static and dynamic dependencies]. Details - ImportResultOutputID=525dca153737c52caec77c056354d568 DependenciesID=f4f942bb1b3e33ea772b0e0bd86fd5dd StaticDependenciesID=bfcafe4a94b544a99142edc22ba0680a 
Importing 'GUID: a6ecd2aa79759e64ba59ab5f51d661ac - Path: Packages/com.unity.collections/Unity.Collections.PerformanceTests/PerformanceTestFrameworkOutputListAdd.png' with importer (TextureImporter)
Imported 'GUID: a6ecd2aa79759e64ba59ab5f51d661ac' -> (Import Result ID: '778c4f166963d584bf688e2517758633') in 0.008 seconds [static and dynamic dependencies]. Details - ImportResultOutputID=83aa65152288186bb4ee88f1d49d226a DependenciesID=f7b724fb596b14651dcf28ae29b47b44 StaticDependenciesID=9e960ebd74efc465362b46982a9005f3 
Importing 'GUID: a6fd0c627f5aa48fa81512221e70a11e - Path: Packages/com.unity.multiplayer.center/Editor/MultiplayerCenterWindow/UI/Icons/d_PackageManager@2x.png' with importer (TextureImporter)
Imported 'GUID: a6fd0c627f5aa48fa81512221e70a11e' -> (Import Result ID: 'd72bd4f63c7c60561d252c1e754b8ee4') in 0.002 seconds [static and dynamic dependencies]. Details - ImportResultOutputID=774fb98183e49d50cbd0e04310e9d423 DependenciesID=4b71e4020f61c3e7f912996eaa3b71d9 StaticDependenciesID=49339ea4a8bc73fc38f8ff06cc204955 
Importing 'GUID: d63245ece6d8f476c8c7ca24da9937f6 - Path: Packages/com.unity.multiplayer.center/Editor/MultiplayerCenterWindow/UI/Icons/DistributedAuthority.png' with importer (TextureImporter)
Imported 'GUID: d63245ece6d8f476c8c7ca24da9937f6' -> (Import Result ID: 'bd55557f6e67c896f2a4f3aa9d4ec7f1') in 0.002 seconds [static and dynamic dependencies]. Details - ImportResultOutputID=670060d839eab7f6b207724b14e21c6b DependenciesID=5ad4b387eaceeee5150d2b19b5693dcf StaticDependenciesID=815615f291ff0b00403c71876b8ae652 
Importing 'GUID: 079c3d43b74823a41bb33198b8221c23 - Path: Packages/com.unity.collections/Unity.Collections.PerformanceTests/PerformanceTestFrameworkOutputFixedSize.png' with importer (TextureImporter)
Imported 'GUID: 079c3d43b74823a41bb33198b8221c23' -> (Import Result ID: '9a2c491a9207843e389ab1bb2fa40574') in 0.015 seconds [static and dynamic dependencies]. Details - ImportResultOutputID=5a524395d9bfb9139252ebefbf80f16d DependenciesID=f149d8dac80c69194faa4e9d0599f32c StaticDependenciesID=271ead640ec5bcba499cb7eb889abe2e 
Importing 'GUID: 679f9999c6f8f497e806a2d5d0511879 - Path: Packages/com.unity.multiplayer.center/Editor/MultiplayerCenterWindow/UI/Icons/PackageManager.png' with importer (TextureImporter)
Imported 'GUID: 679f9999c6f8f497e806a2d5d0511879' -> (Import Result ID: 'f6c214768cae0b322e9462e188083b35') in 0.002 seconds [static and dynamic dependencies]. Details - ImportResultOutputID=604513f5b2b249e8bf26cead5f0fd1f0 DependenciesID=ad98944288b204be5fdd2e257d7a4322 StaticDependenciesID=caf791b4607267b5433f22958260ac87 
Importing 'GUID: 77be953cf28de42a4ad8532539fef3f5 - Path: Packages/com.unity.multiplayer.center/Editor/MultiplayerCenterWindow/UI/Icons/d_PackageInstalled.png' with importer (TextureImporter)
Imported 'GUID: 77be953cf28de42a4ad8532539fef3f5' -> (Import Result ID: 'ca162edb9861a9a67f32fa73d49bebbe') in 0.002 seconds [static and dynamic dependencies]. Details - ImportResultOutputID=cdb5dbb263d96f553866fd9bfea7ee7e DependenciesID=85226254770af10a85ef8513109c2ab1 StaticDependenciesID=a815c8f2fff6bd5194d23babb28ed5f2 
Importing 'GUID: c7a38e6eccbfc49778cb8b77f594a971 - Path: Packages/com.unity.multiplayer.center/Editor/MultiplayerCenterWindow/UI/Icons/ClientHosted@2x.png' with importer (TextureImporter)
Imported 'GUID: c7a38e6eccbfc49778cb8b77f594a971' -> (Import Result ID: '482934cd80f77a861d36ce48652a48fe') in 0.003 seconds [static and dynamic dependencies]. Details - ImportResultOutputID=a7a17ac502c60a3e59b032656c8397bd DependenciesID=b579315fbaf3d8616211c10f6844b7d0 StaticDependenciesID=77ae9301e2b46afa82103623aef31584 
Importing 'GUID: d7711b0cc806d430b8a95f1e33ec3649 - Path: Packages/com.unity.multiplayer.center/Editor/MultiplayerCenterWindow/UI/Icons/CustomNetcode@2x.png' with importer (TextureImporter)
Imported 'GUID: d7711b0cc806d430b8a95f1e33ec3649' -> (Import Result ID: 'b6d4ba4670d0b14329f0f2e78c578e30') in 0.006 seconds [static and dynamic dependencies]. Details - ImportResultOutputID=e41007894bacefc4df5082db3fdd1c9e DependenciesID=46621485d967c8dbe7da470d9e74a66d StaticDependenciesID=34d9c1eacf7b77cee76b5fef21167021 
Importing 'GUID: 38b78df4a34c94fa6a52c90239606ff1 - Path: Packages/com.unity.multiplayer.center/Editor/MultiplayerCenterWindow/UI/Icons/DedicatedServer@2x.png' with importer (TextureImporter)
Imported 'GUID: 38b78df4a34c94fa6a52c90239606ff1' -> (Import Result ID: '62426ff1d918e8a3cf806aae2b7b3724') in 0.013 seconds [static and dynamic dependencies]. Details - ImportResultOutputID=48e76bbae99391d58e7be37245455e7a DependenciesID=ec62e1da67c52fde8aace6af0d64d3dd StaticDependenciesID=0fad185af667295a6eb3243f28752866 
Importing 'GUID: 29395f0639574c1fbc8b729aa257fb84 - Path: Packages/com.unity.multiplayer.center/Editor/MultiplayerCenterWindow/UI/Icons/d_Check.png' with importer (TextureImporter)
Imported 'GUID: 29395f0639574c1fbc8b729aa257fb84' -> (Import Result ID: '9764d6b8f5c2f658add93d96d2617237') in 0.003 seconds [static and dynamic dependencies]. Details - ImportResultOutputID=6e577340bc5656c5c1e6c99487634c1e DependenciesID=ee6df801eb1986011d3f22d813f98d40 StaticDependenciesID=ce90a6ad74d5bed6f73d3374231bf8a2 
Importing 'GUID: 99da7b3894f364efdb5fa1443952a55d - Path: Packages/com.unity.multiplayer.center/Editor/MultiplayerCenterWindow/UI/Icons/NGO.png' with importer (TextureImporter)
Imported 'GUID: 99da7b3894f364efdb5fa1443952a55d' -> (Import Result ID: 'd3c923dae0622fabd219d2dc2da83909') in 0.003 seconds [static and dynamic dependencies]. Details - ImportResultOutputID=e99dc57094e020fc616870b978812aa0 DependenciesID=02442dbd30398216798ec5e3c881d9f3 StaticDependenciesID=92cbf805677a77cdade82ca0dfa3cb1f 
Importing 'GUID: e9669051ff70449b5923861e0e0b8838 - Path: Packages/com.unity.multiplayer.center/Editor/MultiplayerCenterWindow/UI/Icons/N4E.png' with importer (TextureImporter)
Imported 'GUID: e9669051ff70449b5923861e0e0b8838' -> (Import Result ID: '9745e8f9695f66cd4fbad5a5584fbaed') in 0.003 seconds [static and dynamic dependencies]. Details - ImportResultOutputID=dc0bb491d45ad49492ed2d74d9fce3ed DependenciesID=e2d4a5f2e71faf052ddacbb4e8f13819 StaticDependenciesID=c473902f3982c1a06ce62f5ebff7e4f8 
Importing 'GUID: 2adffcc506285402aa795dee6f3166d0 - Path: Packages/com.unity.multiplayer.center/Editor/MultiplayerCenterWindow/UI/Icons/EmptyViewIcon@2x.png' with importer (TextureImporter)
Imported 'GUID: 2adffcc506285402aa795dee6f3166d0' -> (Import Result ID: 'b2b74fbc8224ebccee8acd07e09f48cf') in 0.009 seconds [static and dynamic dependencies]. Details - ImportResultOutputID=6496cc24bdf1a503be2736e0ed79e736 DependenciesID=15d9a23ad06db854a624437289cf85f2 StaticDependenciesID=d8f103445c7dc230a2092bce488edea6 
Importing 'GUID: dab91f148d99946e7b3c3a87ecf4b973 - Path: Packages/com.unity.multiplayer.center/Editor/MultiplayerCenterWindow/UI/Icons/d_Loading.png' with importer (TextureImporter)
Imported 'GUID: dab91f148d99946e7b3c3a87ecf4b973' -> (Import Result ID: '22eea6ba5a9496eb2cf099fb72433d21') in 0.003 seconds [static and dynamic dependencies]. Details - ImportResultOutputID=dccfb92cf2df7bd49966d045ebe14e97 DependenciesID=cda9e9f46c2bbdf891d1abe5b1cd7c60 StaticDependenciesID=520fb3e82196ddecf22e55fa21d4b86d 
Importing 'GUID: 1b4c88814ec6241eb8e327515399c006 - Path: Packages/com.unity.multiplayer.center/Editor/MultiplayerCenterWindow/UI/Icons/d_PackageManager.png' with importer (TextureImporter)
Imported 'GUID: 1b4c88814ec6241eb8e327515399c006' -> (Import Result ID: 'e9b7058f8726676478eb983d60c03560') in 0.003 seconds [static and dynamic dependencies]. Details - ImportResultOutputID=1b8330a91fc0bcb458537e0616d195a0 DependenciesID=a69168564f0fdd41ba5f700966d6d107 StaticDependenciesID=4f60d1c4f55ea3a6cfed568ed09477f3 
Importing 'GUID: 2cb589d4e01184d928bb698f06e77561 - Path: Packages/com.unity.multiplayer.center/Editor/MultiplayerCenterWindow/UI/Icons/N4E@2x.png' with importer (TextureImporter)
Imported 'GUID: 2cb589d4e01184d928bb698f06e77561' -> (Import Result ID: '4108e4e4f7fe0fc815628f77351a7c85') in 0.002 seconds [static and dynamic dependencies]. Details - ImportResultOutputID=e25b9c4fa659d06565399c8d3ff46781 DependenciesID=f6c2d4733ee633fddad4fa5bd9bdb9a9 StaticDependenciesID=f53ac5e8c6b4f1dd0d428b13bbc133ed 
Importing 'GUID: dce12af736e0a4a1ba35d6424f897dc9 - Path: Packages/com.unity.multiplayer.center/Editor/MultiplayerCenterWindow/UI/Icons/CustomNetcode.png' with importer (TextureImporter)
Imported 'GUID: dce12af736e0a4a1ba35d6424f897dc9' -> (Import Result ID: 'eab0ecdd2257993c2595f621d7d9c8f6') in 0.002 seconds [static and dynamic dependencies]. Details - ImportResultOutputID=dfb3581fd2446a1635f2b742fe1c2516 DependenciesID=694ad79738c9221bf6bf26147f14ed59 StaticDependenciesID=3647fe4017c65339e0b0ee19983506fc 
Importing 'GUID: 1daed49eec0f94f7ebb36dfef6159884 - Path: Packages/com.unity.multiplayer.center/Editor/MultiplayerCenterWindow/UI/Icons/NoNetcode.png' with importer (TextureImporter)
Imported 'GUID: 1daed49eec0f94f7ebb36dfef6159884' -> (Import Result ID: 'cdd9beae86ae4a3d75981e7c7d6af187') in 0.002 seconds [static and dynamic dependencies]. Details - ImportResultOutputID=dd1f716c9c495ba6e655769519f7157e DependenciesID=965425864eecd37f6347b89b64d71cbb StaticDependenciesID=c9d73e6b474f3ff2aab808248eb875d3 
Importing 'GUID: 9d9689eab72c8480c90679f4dcf18820 - Path: Packages/com.unity.multiplayer.center/Editor/MultiplayerCenterWindow/UI/Icons/Package.png' with importer (TextureImporter)
Imported 'GUID: 9d9689eab72c8480c90679f4dcf18820' -> (Import Result ID: '563fa93690febd4e8975b17841993ee7') in 0.002 seconds [static and dynamic dependencies]. Details - ImportResultOutputID=84507ea5dd90c429abc9195dba8e76b2 DependenciesID=3d110a6b32f0e065b56aba8395b0a688 StaticDependenciesID=6caa35a683e4857b11830a851884eb2f 
Importing 'GUID: ad1d29f4654194951a3c8bf507914d05 - Path: Packages/com.unity.multiplayer.center/Editor/MultiplayerCenterWindow/UI/Icons/CloudCode.png' with importer (TextureImporter)
Imported 'GUID: ad1d29f4654194951a3c8bf507914d05' -> (Import Result ID: '19a17e3dc497cea47514193d2d30ec35') in 0.002 seconds [static and dynamic dependencies]. Details - ImportResultOutputID=2c568ae44d632b1419403f44aae6fd11 DependenciesID=897fd3117c84ba3059ccd5bfb3b6b5bb StaticDependenciesID=b269b71ea22128dc02790f446c5dbd24 
Importing 'GUID: dd70cd654275d47db807e918055e004f - Path: Packages/com.unity.multiplayer.center/Editor/MultiplayerCenterWindow/UI/Icons/Questionnaire.png' with importer (TextureImporter)
Imported 'GUID: dd70cd654275d47db807e918055e004f' -> (Import Result ID: '0f1fd31a6ee18019f2a5554237165281') in 0.002 seconds [static and dynamic dependencies]. Details - ImportResultOutputID=158c557e3e785297cb68b5c7d3b225a8 DependenciesID=2c2eaf15a93aeb7f5682650cc0833c6e StaticDependenciesID=6abd43deae2fcf316514bba755ba821f 
Importing 'GUID: 3fe892784421e47f5aa40c2784a6cb3e - Path: Packages/com.unity.multiplayer.center/Editor/MultiplayerCenterWindow/UI/Icons/DedicatedServer.png' with importer (TextureImporter)
Imported 'GUID: 3fe892784421e47f5aa40c2784a6cb3e' -> (Import Result ID: 'e64c084e46aed9da3deaa1b6091cf322') in 0.002 seconds [static and dynamic dependencies]. Details - ImportResultOutputID=b0b0df5abddb7164f2afcd9dcacc2c93 DependenciesID=9c20bb30b9e227d40dff84b8653bcf1f StaticDependenciesID=c451cc413fada5c44719b466965e8ab7 
Importing 'GUID: 4f78a544322c742b89e63fb68557b1d2 - Path: Packages/com.unity.multiplayer.center/Editor/MultiplayerCenterWindow/UI/Icons/Check.png' with importer (TextureImporter)
Imported 'GUID: 4f78a544322c742b89e63fb68557b1d2' -> (Import Result ID: 'f49ddb8f50245920843a0a97e006e532') in 0.002 seconds [static and dynamic dependencies]. Details - ImportResultOutputID=ced2b25cdf5b1bb67347e69a9cfe561b DependenciesID=002a113d9c0dd3d0f501bc927993f308 StaticDependenciesID=546d1cfd225126a7ad54f1552948ff5b 
Importing 'GUID: c7715b638c6f5c849a6ec12234ae264c - Path: Packages/com.unity.test-framework.performance/Editor/TestReportGraph/TestReportShader.shader' with importer (ShaderImporter)
Launched and connected shader compiler UnityShaderCompiler.exe after 0.02 seconds
Imported 'GUID: c7715b638c6f5c849a6ec12234ae264c' -> (Import Result ID: 'c90581aa7f26a7c92f4973c2002afb0d') in 0.781 seconds [static and dynamic dependencies]. Details - ImportResultOutputID=9bf88cac905e6ff402bfab644212bc05 DependenciesID=1df79319784354e9b68f270b7b188046 StaticDependenciesID=eee39f98595dddd5813e14fbd755f89d 
Importing 'GUID: 30b312a167534621b316172253b08723 - Path: Packages/com.unity.modules.subsystems/package.json' with importer (PackageManifestImporter)
Imported 'GUID: 30b312a167534621b316172253b08723' -> (Import Result ID: '8de3c95a973b224317dacce37e7702be') in 0.002 seconds [static dependencies only]. Details - ImportResultOutputID=5d4e1d411c6d1280fee0fd81da9b9a41 DependenciesID=9bafb435c48c4c7755bdc5bb1d9e1cec StaticDependenciesID=034ab05de2525bb2e7313dffcd919fd1 
Importing 'GUID: 40bf3cec17fa0b49fe04443c8332d638 - Path: Packages/com.unity.modules.jsonserialize/package.json' with importer (PackageManifestImporter)
Imported 'GUID: 40bf3cec17fa0b49fe04443c8332d638' -> (Import Result ID: 'dc74478dc2f485010c09954444c98194') in 0.001 seconds [static dependencies only]. Details - ImportResultOutputID=891918617c984cf929da287de3b28243 DependenciesID=524dced8f9c0c46e1d588e7a9474a18d StaticDependenciesID=b59c7ab5c87288ceda6dd56f34a61b18 
Importing 'GUID: 60714b3a36613ab2918a1439869a826f - Path: Packages/com.unity.burst/package.json' with importer (PackageManifestImporter)
Imported 'GUID: 60714b3a36613ab2918a1439869a826f' -> (Import Result ID: '9ab05585f1dc431cecdda66527a6776e') in 0.001 seconds [static dependencies only]. Details - ImportResultOutputID=3e2f094e2451314768ca53ad2c622778 DependenciesID=ec10ffd045330f169ee234871e00c217 StaticDependenciesID=1d333c393c8985ec7c06e1f5bc855901 
Importing 'GUID: 70554f6c9e4114e1084bb38f9ea400ce - Path: Packages/com.unity.multiplayer.center/LICENSE.md' with importer (TextScriptImporter)
Imported 'GUID: 70554f6c9e4114e1084bb38f9ea400ce' -> (Import Result ID: '10bd375a7844e7dadd9cf8a547dae205') in 0.002 seconds [static dependencies only]. Details - ImportResultOutputID=59e94a21cec5c01f76c5311c0f7ed1b4 DependenciesID=52cf924b4fac4d92587d47eca86cbc60 StaticDependenciesID=0eebd23acd98e5d505e559c4fa8d84cb 
Importing 'GUID: 80beef77cb19e713c7c2d481b65ed485 - Path: Packages/com.unity.modules.screencapture/package.json' with importer (PackageManifestImporter)
Imported 'GUID: 80beef77cb19e713c7c2d481b65ed485' -> (Import Result ID: '40284b2f6ac03e3c1f0319ad2de0d592') in 0.001 seconds [static dependencies only]. Details - ImportResultOutputID=983250a2dc621a762e73ead2ce94efd8 DependenciesID=8e2e5e210ea5303aae0d9c94826b11c6 StaticDependenciesID=c244387a612b232878d621294bb55c24 
Importing 'GUID: 906c12bc9cd95d3963c6d58f62522c78 - Path: Packages/com.unity.modules.cloth/package.json' with importer (PackageManifestImporter)
Imported 'GUID: 906c12bc9cd95d3963c6d58f62522c78' -> (Import Result ID: 'bb313a688d1cb078f04f5a3f1cfe37a9') in 0.001 seconds [static dependencies only]. Details - ImportResultOutputID=516616d488b80658f1bc6d39e6323fe4 DependenciesID=4aa163d41a31346f5b98e50998b13713 StaticDependenciesID=87400f95dbec46a5627999cf50b5fd5f 
Importing 'GUID: b030b7e8a4c531241b496403efc884ab - Path: Packages/com.unity.test-framework.performance/package.json' with importer (PackageManifestImporter)
Imported 'GUID: b030b7e8a4c531241b496403efc884ab' -> (Import Result ID: '08f44cc707ab157f493e68a64a40b802') in 0.001 seconds [static dependencies only]. Details - ImportResultOutputID=0d05b11b0cf455581cd3297a47a1763b DependenciesID=8bc276b89683c5bdab86575e66720256 StaticDependenciesID=d2b6fbc855e0e878b11d0c4c3f1147f3 
Importing 'GUID: d0e3ad91972c66f5238f5b9b7d5ae58a - Path: Packages/com.unity.modules.unitywebrequesttexture/package.json' with importer (PackageManifestImporter)
Imported 'GUID: d0e3ad91972c66f5238f5b9b7d5ae58a' -> (Import Result ID: 'b621ba6139909d8442e35d1d7718c9a5') in 0.002 seconds [static dependencies only]. Details - ImportResultOutputID=50532d8986b57e8cf0f67d010ae5faa9 DependenciesID=32b938d165224a703beb063403f94944 StaticDependenciesID=9da613ee2b9ef1bce0abd958a1dc87ec 
Importing 'GUID: f0f13f2ab3d6d13cfc6e4656824bfca8 - Path: Packages/com.unity.modules.ai/package.json' with importer (PackageManifestImporter)
Imported 'GUID: f0f13f2ab3d6d13cfc6e4656824bfca8' -> (Import Result ID: '1d7d3cf8766bab9a6f8885e67c93d81a') in 0.001 seconds [static dependencies only]. Details - ImportResultOutputID=084f1efaf4086fe15fda68049aa031a1 DependenciesID=807cb0af003aef104ad4845fd8ad70c0 StaticDependenciesID=26374c5b47a646e5ccb80182d31db66c 
Importing 'GUID: 11246cfa909f81542b920bd109592bf5 - Path: Packages/com.unity.collections/Unity.Collections.LowLevel.ILSupport/README.txt' with importer (TextScriptImporter)
Imported 'GUID: 11246cfa909f81542b920bd109592bf5' -> (Import Result ID: '7a5223fe8dfac32bd7e1cca3f48427d8') in 0.001 seconds [static dependencies only]. Details - ImportResultOutputID=9a45b9b14d690eb03332d028dc5969f5 DependenciesID=edc39f16a11a8d59294b663e851da8df StaticDependenciesID=b8764faafa8513d8906d9ea2e7a9bb0b 
Importing 'GUID: 8143d3a8390f2c64685e3bc272bd9e90 - Path: Packages/com.unity.ext.nunit/package.json' with importer (PackageManifestImporter)
Imported 'GUID: 8143d3a8390f2c64685e3bc272bd9e90' -> (Import Result ID: 'f3b26fa2a6bc766a8c54f1140c11f34d') in 0.002 seconds [static dependencies only]. Details - ImportResultOutputID=264406b949d15288ec3eebefc5dc3490 DependenciesID=7b17765aeefe14878660e65d47711710 StaticDependenciesID=a41aa71367c150510862fb3cc97ef875 
Importing 'GUID: e1ef8466c8fd01a549f10baa4d51fa17 - Path: Packages/com.unity.modules.assetbundle/package.json' with importer (PackageManifestImporter)
Imported 'GUID: e1ef8466c8fd01a549f10baa4d51fa17' -> (Import Result ID: 'ec6fee1f0c2d381b39ff1115c6f942ec') in 0.001 seconds [static dependencies only]. Details - ImportResultOutputID=c14d0c80429a1b2e07a8aa59da3e090e DependenciesID=a3792c15aed70d7464df409c1c0bb21a StaticDependenciesID=696289b7988734643a818e8f6583aa0a 
Importing 'GUID: 4260e7b7452a506fa5a1425859ea14d1 - Path: Packages/com.yanagisawa.data-layout-calibrator/LICENSE.md' with importer (TextScriptImporter)
Imported 'GUID: 4260e7b7452a506fa5a1425859ea14d1' -> (Import Result ID: '3b5192f79124b1b1e5cdaf33ce75932e') in 0.001 seconds [static dependencies only]. Details - ImportResultOutputID=f464c0b83e87c7c7b1795b525e3ac9be DependenciesID=41e9ae1063fd57b2384bcdf5c2b3a899 StaticDependenciesID=cf1bd30e081b67a94fe98a3faec93ff6 
Importing 'GUID: 42fe78c8fe682715a2cb531422e6ccb3 - Path: Packages/com.unity.modules.imgui/package.json' with importer (PackageManifestImporter)
Imported 'GUID: 42fe78c8fe682715a2cb531422e6ccb3' -> (Import Result ID: '4aa81f0764ac01e969684679d10380c9') in 0.001 seconds [static dependencies only]. Details - ImportResultOutputID=f3517442a7b9f2e47ee8fa5d575508d6 DependenciesID=71f2082766b933690e9c4a0289669571 StaticDependenciesID=4d880b72f9a8cee82e3213d6b75f80e2 
Importing 'GUID: 72fe2ec0779e4d0eacc4443b9af0dd50 - Path: Packages/com.yanagisawa.data-layout-calibrator/Samples/ExternalWorkloads/CONTRACT.md' with importer (TextScriptImporter)
Imported 'GUID: 72fe2ec0779e4d0eacc4443b9af0dd50' -> (Import Result ID: '54b343bdec626ec9f8f6229718680566') in 0.001 seconds [static dependencies only]. Details - ImportResultOutputID=49d8fc43401d0347c05f568d0bf9d8d7 DependenciesID=22f31515c2c862702f1fc6d7955996b1 StaticDependenciesID=a5ffa42fcf8e53471d0504f1567a9f98 
Importing 'GUID: 92a378669877c05c6071d0fed687bb95 - Path: Packages/com.unity.modules.tilemap/package.json' with importer (PackageManifestImporter)
Imported 'GUID: 92a378669877c05c6071d0fed687bb95' -> (Import Result ID: '6f57079b20ac940598b62875ba6a4cca') in 0.002 seconds [static dependencies only]. Details - ImportResultOutputID=f33f95d07119304837f09eeace9783ca DependenciesID=53601d3633b1f4b128b6e771bd4ad48e StaticDependenciesID=1325c35e683f5e2d4ec3bb3937b224d1 
Importing 'GUID: a23a55c69f9544b56a85639e7258ea1d - Path: Packages/com.unity.test-framework.performance/ValidationExceptions.json' with importer (TextScriptImporter)
Imported 'GUID: a23a55c69f9544b56a85639e7258ea1d' -> (Import Result ID: '6316a9699933f32b57e97716224e69e0') in 0.002 seconds [static dependencies only]. Details - ImportResultOutputID=120a90c7543174936a2e329a1a27b64c DependenciesID=c0cf3075a7392055ed07c93d669ecc6c StaticDependenciesID=73b2f90394b46a0d7f762cdc87c4bb23 
Importing 'GUID: 43674d438e19b89d7fe6af07234f3252 - Path: Packages/com.unity.modules.accessibility/package.json' with importer (PackageManifestImporter)
Imported 'GUID: 43674d438e19b89d7fe6af07234f3252' -> (Import Result ID: '7aee9f9f21b73695bf69f4595cfc7bb0') in 0.001 seconds [static dependencies only]. Details - ImportResultOutputID=e23a5c5d7d61ce365f1d19ca6a223a88 DependenciesID=16ea41b7b36261eba6fd2ea33f0c1ced StaticDependenciesID=5b661ecc631dbb4d3aacaa8e8e509cc4 
Importing 'GUID: c359bcaf4a0bc4040aac650bf14ec619 - Path: Packages/com.unity.multiplayer.center/README.md' with importer (TextScriptImporter)
Imported 'GUID: c359bcaf4a0bc4040aac650bf14ec619' -> (Import Result ID: 'a068d1eeccb1ed5414553dfb1dc01073') in 0.001 seconds [static dependencies only]. Details - ImportResultOutputID=82d3a5be604caff878ff7e228f1601f7 DependenciesID=821e63a612675be9a6433da75b545e01 StaticDependenciesID=7d6e449d0c53affb3cf967fb003feb81 
Importing 'GUID: d3cbe921f7b3d9a3257e7c61a5761796 - Path: Packages/com.unity.modules.terrainphysics/package.json' with importer (PackageManifestImporter)
Imported 'GUID: d3cbe921f7b3d9a3257e7c61a5761796' -> (Import Result ID: '72b2ef1c311a08ccb583b008a195ca52') in 0.001 seconds [static dependencies only]. Details - ImportResultOutputID=4293423a982649a317eebc9f11bbd1b8 DependenciesID=66a7e029c097bdb78f32c10c185151fb StaticDependenciesID=8c632b87a98afca082e3521c3fa70ba3 
Importing 'GUID: d34d0af25c21141a98c0cf3c0066444f - Path: Packages/com.unity.mathematics/package.json' with importer (PackageManifestImporter)
Imported 'GUID: d34d0af25c21141a98c0cf3c0066444f' -> (Import Result ID: '0c713ddf52ecac4d5810ea223b6ef48c') in 0.001 seconds [static dependencies only]. Details - ImportResultOutputID=5fbf7e88477edde804a13fc4a22b14ea DependenciesID=1b3fb03a59aeff5d5b4e19438b660146 StaticDependenciesID=138e729d52afc31fc2b753b371297aa0 
Importing 'GUID: f383c015504b380698ba4a8681b1223e - Path: Packages/com.unity.burst/ValidationExceptions.json' with importer (TextScriptImporter)
Imported 'GUID: f383c015504b380698ba4a8681b1223e' -> (Import Result ID: '8d637510e28956c85f37502ef9b637c7') in 0.001 seconds [static dependencies only]. Details - ImportResultOutputID=a83e50f40778e1174381a2c3041bf639 DependenciesID=97b05ab78f4c4c343b6d6a0b94705ebd StaticDependenciesID=dad5a642fd6944dabc8f65d7a35bef5e 
Importing 'GUID: 544e4fbf839e39e1b693958db86e8cc8 - Path: Packages/com.unity.burst/CHANGELOG.md' with importer (TextScriptImporter)
Imported 'GUID: 544e4fbf839e39e1b693958db86e8cc8' -> (Import Result ID: '39539bebaa9f48c8f9c58d27a90c91c6') in 0.002 seconds [static dependencies only]. Details - ImportResultOutputID=7f21f103818d22e20ed016574d620400 DependenciesID=c5e480b0224c8f308ddaab03d0774fa8 StaticDependenciesID=f8d914c48ad902ac7e643f4b7a999fdd 
Importing 'GUID: 7444b0b5918e99a429575c00747b7d28 - Path: Packages/com.yanagisawa.data-layout-calibrator/package.json' with importer (PackageManifestImporter)
Imported 'GUID: 7444b0b5918e99a429575c00747b7d28' -> (Import Result ID: 'b7d9740d8a68d4d0daeb79a18ba95f2c') in 0.001 seconds [static dependencies only]. Details - ImportResultOutputID=4930b04e0b4a18411943ce2f9ad9a95c DependenciesID=f9fd5ec0e12e025e2b6b9351569fc639 StaticDependenciesID=741209b94cc8f3261c5539c27393545f 
Importing 'GUID: f49bbe06ffa5ae24abe32abdab430c24 - Path: Packages/com.unity.ext.nunit/CHANGELOG.md' with importer (TextScriptImporter)
Imported 'GUID: f49bbe06ffa5ae24abe32abdab430c24' -> (Import Result ID: '73df9b854e60b41c1315e0b27419ce8d') in 0.001 seconds [static dependencies only]. Details - ImportResultOutputID=945d29778b841dd42ae530509c752d59 DependenciesID=9c31728a5bc7053f95a7b1fb6a1cfe50 StaticDependenciesID=410734ce4ce7e93ff2f7ebd3ff5fd429 
Importing 'GUID: 05f7f519769978b79b31d063a7fc6fa1 - Path: Packages/com.unity.modules.unitywebrequestassetbundle/package.json' with importer (PackageManifestImporter)
Imported 'GUID: 05f7f519769978b79b31d063a7fc6fa1' -> (Import Result ID: 'a2428138bb98233944a2aafe3d6068e3') in 0.001 seconds [static dependencies only]. Details - ImportResultOutputID=a676fdc87741fdb3d4562c9b189a12fc DependenciesID=aabd8b0ccbf47161a492481a46662859 StaticDependenciesID=5c7167364987969ddac6803c68b62994 
Importing 'GUID: 953fab16d15d5885b3600fcd6388b2ad - Path: Packages/com.unity.modules.imageconversion/package.json' with importer (PackageManifestImporter)
Imported 'GUID: 953fab16d15d5885b3600fcd6388b2ad' -> (Import Result ID: 'eab50940bd9f5b093e9eda2bf36c835a') in 0.001 seconds [static dependencies only]. Details - ImportResultOutputID=21af7c3c6098e54697c36eeb0f93f731 DependenciesID=8ced61bcf47a53b3c5905f4090a8f299 StaticDependenciesID=4d043332e4c17c1d228b0d8179869c0b 
Importing 'GUID: a5d815866ec304e56b03ec5cfc5f8b0a - Path: Packages/com.unity.collections/CHANGELOG.md' with importer (TextScriptImporter)
Imported 'GUID: a5d815866ec304e56b03ec5cfc5f8b0a' -> (Import Result ID: 'a020d6ad0e02248272db9919f319f740') in 0.002 seconds [static dependencies only]. Details - ImportResultOutputID=b2d949f50ef808e00e6b0e02519b3925 DependenciesID=eb58f7425b026ef0dc0196dbb9239d1e StaticDependenciesID=4cfb191692c69f286bd4748329698026 
Importing 'GUID: b5930dbc378b45d406aeb881f06b6dfa - Path: Packages/com.unity.modules.physicscore2d/package.json' with importer (PackageManifestImporter)
Imported 'GUID: b5930dbc378b45d406aeb881f06b6dfa' -> (Import Result ID: 'b51bbb9c5b98ded89b72d33ee557b0fc') in 0.001 seconds [static dependencies only]. Details - ImportResultOutputID=17eebdd45c9292f6cb08e3796d0e3496 DependenciesID=5b1bc71c32d10ce6947fcfc3045f7e27 StaticDependenciesID=664b17d6e972722642f9984854123fd2 
Importing 'GUID: 26a4f29db434fd79025c91f6126382cc - Path: Packages/com.unity.modules.unityanalytics/package.json' with importer (PackageManifestImporter)
Imported 'GUID: 26a4f29db434fd79025c91f6126382cc' -> (Import Result ID: 'ed39bdd269e08d8121c9c2236915bb5d') in 0.001 seconds [static dependencies only]. Details - ImportResultOutputID=64cd0125ffa27280e42f5bc3480004c0 DependenciesID=23697ad1e7f6846e5150a87e93a90ba2 StaticDependenciesID=6855b55737049f0c1ae5d9130125163a 
Importing 'GUID: 56de866d5032f461baa43decd9ce3bd8 - Path: Packages/com.unity.mathematics/CHANGELOG.md' with importer (TextScriptImporter)
Imported 'GUID: 56de866d5032f461baa43decd9ce3bd8' -> (Import Result ID: 'f7147e69aa6f550ee462f5151d3404c4') in 0.003 seconds [static dependencies only]. Details - ImportResultOutputID=002fc2d9ba64f8d128b9dd0a80af546a DependenciesID=cd00a631a801a959107dd5a591a3787f StaticDependenciesID=1a692600237ab6bed3ff48c056507e5a 
Importing 'GUID: 568f02fe7676e4d659782d6038df91de - Path: Packages/com.unity.collections/LICENSE.md' with importer (TextScriptImporter)
Imported 'GUID: 568f02fe7676e4d659782d6038df91de' -> (Import Result ID: 'e2789ffd11550ef07cae74d8436005fd') in 0.002 seconds [static dependencies only]. Details - ImportResultOutputID=3f02f5900bd9cf9fab394bb289333124 DependenciesID=d8a80c88099283467f3ba04511f3387d StaticDependenciesID=d660652487dde240363199a57892fe68 
Importing 'GUID: 86abcf43c46cd3743bb775a4682f2d1d - Path: Packages/com.unity.collections/Unity.Collections.PerformanceTests/README.md' with importer (TextScriptImporter)
Imported 'GUID: 86abcf43c46cd3743bb775a4682f2d1d' -> (Import Result ID: 'dd2851d29b8c0d43ac60ac963467f284') in 0.001 seconds [static dependencies only]. Details - ImportResultOutputID=84022e8f280c32f736559ff85f66a7a1 DependenciesID=80ce2dd0bd1bfb5d66b7ced72f081aff StaticDependenciesID=84ac92cca21d830356852a38ada44b68 
Importing 'GUID: 96d14b71b907bb52333b2886e665aba6 - Path: Packages/com.unity.modules.video/package.json' with importer (PackageManifestImporter)
Imported 'GUID: 96d14b71b907bb52333b2886e665aba6' -> (Import Result ID: '1c92b7bcd5476f86035b28a57a9985c9') in 0.001 seconds [static dependencies only]. Details - ImportResultOutputID=97331c0a394344b81f304a267aa0ee32 DependenciesID=125111c6b1feee1f879efe833d44ed95 StaticDependenciesID=aa1c2b44ae1e74931e0ca7df3ec20c71 
Importing 'GUID: d691174143fd3774ba63d7c493633b99 - Path: Packages/com.unity.test-framework/CHANGELOG.md' with importer (TextScriptImporter)
Imported 'GUID: d691174143fd3774ba63d7c493633b99' -> (Import Result ID: 'ed2f129c87415d6b82cacf9dae533fdc') in 0.001 seconds [static dependencies only]. Details - ImportResultOutputID=1936c6ff096691d4d18b8017532b2908 DependenciesID=9afe147a08d2e949a22012dc7e06eec3 StaticDependenciesID=70ecfeb74330c6c28b50ef789230c228 
Importing 'GUID: d6a2e6e4803de7b43baacdc355fc144d - Path: Packages/com.unity.test-framework/package.json' with importer (PackageManifestImporter)
Imported 'GUID: d6a2e6e4803de7b43baacdc355fc144d' -> (Import Result ID: '476a00c284cf560985e8dd6c7e42c07e') in 0.001 seconds [static dependencies only]. Details - ImportResultOutputID=1092eca2d2285e475995db7caa1b616f DependenciesID=724471009afb517cc09af198dc15cacd StaticDependenciesID=4b97988a630b00edd6aeea01dc247ee7 
Importing 'GUID: 17a4fd582bf2d47479cf5c1508ca82c6 - Path: Packages/com.unity.nuget.mono-cecil/package.json' with importer (PackageManifestImporter)
Imported 'GUID: 17a4fd582bf2d47479cf5c1508ca82c6' -> (Import Result ID: 'c96ef9f38aeb246cfc8636bb8d87ba57') in 0.002 seconds [static dependencies only]. Details - ImportResultOutputID=b6e4947cfbebed473df39c5dcdf71678 DependenciesID=37857653b892739656da2abdef1f9d9d StaticDependenciesID=94bd505b3af48bffba4a77a7aac2aaf2 
Importing 'GUID: 87d720faa37005c08600090e04d8c739 - Path: Packages/com.unity.modules.particlesystem/package.json' with importer (PackageManifestImporter)
Imported 'GUID: 87d720faa37005c08600090e04d8c739' -> (Import Result ID: '2e9f4521bca9c1865042742c5b1e4cc9') in 0.002 seconds [static dependencies only]. Details - ImportResultOutputID=ab3ee686cd4ed15f5f20d2c8a27562c1 DependenciesID=8502a938c7a4810364469d926ee09ae4 StaticDependenciesID=2fb71a650dacf458b8746320c54d56d4 
Importing 'GUID: a7f87992cd1d44040ae42b05e5fbdaa5 - Path: Packages/com.unity.mathematics/LICENSE.md' with importer (TextScriptImporter)
Imported 'GUID: a7f87992cd1d44040ae42b05e5fbdaa5' -> (Import Result ID: '87217832652b9eec76b9ef43b97ebb59') in 0.001 seconds [static dependencies only]. Details - ImportResultOutputID=f466c1a8d770a016025e8ca9ebe4be63 DependenciesID=5d05d024ca875e3b100fa3725f4a812a StaticDependenciesID=d63e2ddff320cc65d7bb1203255494e5 
Importing 'GUID: f7a8357347c80dc69c08d0b1a05e2122 - Path: Packages/com.unity.modules.physics2d/package.json' with importer (PackageManifestImporter)
Imported 'GUID: f7a8357347c80dc69c08d0b1a05e2122' -> (Import Result ID: 'bafead4f8ec7c5f239150d6e9c0c9dce') in 0.001 seconds [static dependencies only]. Details - ImportResultOutputID=919e2a11128050effa789097769a2a78 DependenciesID=630c9fc2548870db888e618fccce2fec StaticDependenciesID=da48bb7bff659db2a18109d0117e6b3e 
Importing 'GUID: 28c762070e0d3359b18a59f9402d5013 - Path: Packages/com.unity.burst/Third Party Notices.md' with importer (TextScriptImporter)
Imported 'GUID: 28c762070e0d3359b18a59f9402d5013' -> (Import Result ID: '13a674553cf85d3ef902e2537d32d344') in 0.001 seconds [static dependencies only]. Details - ImportResultOutputID=2026c0cd5365c58948a454b01d40c932 DependenciesID=b513d334e9dcb0cf005a51a137faa11a StaticDependenciesID=518c4789cd3513380f05e110527dec20 
Importing 'GUID: 682cbcd3b2e7545e2bbc6306016e7bb7 - Path: Packages/com.unity.test-framework.performance/Third Party Notices.md' with importer (TextScriptImporter)
Imported 'GUID: 682cbcd3b2e7545e2bbc6306016e7bb7' -> (Import Result ID: '56e323f8652289a198d3b72616786851') in 0.001 seconds [static dependencies only]. Details - ImportResultOutputID=a011e7ea9f439ff77126a221ce3b3fb6 DependenciesID=8b27c4e16ce59cac1a2456cfb4d0f361 StaticDependenciesID=622c62d0d1c4931fac3ee95a7fd86a9c 
Importing 'GUID: 78e5667e52329c3ceef41288763404ae - Path: Packages/com.unity.modules.vectorgraphics/package.json' with importer (PackageManifestImporter)
Imported 'GUID: 78e5667e52329c3ceef41288763404ae' -> (Import Result ID: 'c31ea1bfb1fdafc0988bb5d7d35d1f26') in 0.001 seconds [static dependencies only]. Details - ImportResultOutputID=4ecdabad2dfa4bdbd05a32eab7720e4f DependenciesID=ad0a6f33ec05f6b7f4750529ac2248ad StaticDependenciesID=4ab57d3dafe36498c41bd929910abde5 
Importing 'GUID: b83f06ac0c0696e9563230865ca72b81 - Path: Packages/com.unity.modules.wind/package.json' with importer (PackageManifestImporter)
Imported 'GUID: b83f06ac0c0696e9563230865ca72b81' -> (Import Result ID: 'f36c8f4f417f1773147c655ffce47cc5') in 0.001 seconds [static dependencies only]. Details - ImportResultOutputID=48a5258515ca15f6f7f90d7b79f1d94b DependenciesID=f614ea98cbba1e6b2be7c357a79ecc27 StaticDependenciesID=214e53020ac2c522a920f4b27fdae6a9 
Importing 'GUID: c8f6fa942856442b8bd72594d3ce7363 - Path: Packages/com.unity.multiplayer.center/Third Party Notices.md' with importer (TextScriptImporter)
Imported 'GUID: c8f6fa942856442b8bd72594d3ce7363' -> (Import Result ID: '2a75a020629435c95987a91372a945a3') in 0.001 seconds [static dependencies only]. Details - ImportResultOutputID=03ddb98ad266806dbd104aeb58230d0c DependenciesID=cd546e5367619eb19c3e277641312771 StaticDependenciesID=a44274cdb0450f2d306674c20bf8fcb4 
Importing 'GUID: d85e5eeaf8f135aeaaebdc8aa3cff6c3 - Path: Packages/com.unity.modules.umbra/package.json' with importer (PackageManifestImporter)
Imported 'GUID: d85e5eeaf8f135aeaaebdc8aa3cff6c3' -> (Import Result ID: '4ae1fdeb05ae8a397aa888415dfd9196') in 0.001 seconds [static dependencies only]. Details - ImportResultOutputID=4d25716d6c3e24bf1a7a8cbf11399c74 DependenciesID=290a701eddc7932857d1c24c573f9cd9 StaticDependenciesID=fc61e42e835b01adaab38e5f28a07fab 
Importing 'GUID: 192a998b912484856a34120268cfbfc9 - Path: Packages/com.unity.nuget.mono-cecil/Third Party Notices.md' with importer (TextScriptImporter)
Imported 'GUID: 192a998b912484856a34120268cfbfc9' -> (Import Result ID: 'e6831df0a0bfd3c41e99ca82546f7f7d') in 0.001 seconds [static dependencies only]. Details - ImportResultOutputID=3ba54a898291aaf935aa5197635cf2a5 DependenciesID=e1a84f03fc5a376f58b27d169478dfe6 StaticDependenciesID=e1d89a0a43a2c2687abfc637b0cc0f03 
Importing 'GUID: e9df95f53f1c1d0c9199e235d6c42b50 - Path: Packages/com.unity.modules.audio/package.json' with importer (PackageManifestImporter)
Imported 'GUID: e9df95f53f1c1d0c9199e235d6c42b50' -> (Import Result ID: '2d2e957f4839dae1509d5bfe16a67dc5') in 0.001 seconds [static dependencies only]. Details - ImportResultOutputID=7bff69c037aa519a654c229c1b6809dd DependenciesID=bbbe179b0f7a387cc5e06d23de59dc61 StaticDependenciesID=e44769c2a101a8e3bc38974302a225f8 
Importing 'GUID: f91a00d2dca52b843b2d50ccf750737d - Path: Packages/com.unity.ext.nunit/LICENSE.md' with importer (TextScriptImporter)
Imported 'GUID: f91a00d2dca52b843b2d50ccf750737d' -> (Import Result ID: '65316072997326f19d005abd515f9d8a') in 0.002 seconds [static dependencies only]. Details - ImportResultOutputID=a949505b9be9d4b9aaa9bcda37ebfbf2 DependenciesID=7e6396aa8db4cc7b71e87d24197a28e8 StaticDependenciesID=e1db019cf45a17a5c88a23076085f86f 
Importing 'GUID: 1a4266815e998967becf686f9c71f0a6 - Path: Packages/com.unity.modules.physics/package.json' with importer (PackageManifestImporter)
Imported 'GUID: 1a4266815e998967becf686f9c71f0a6' -> (Import Result ID: '055d3a4f59480e2a32caad607ffa27d5') in 0.001 seconds [static dependencies only]. Details - ImportResultOutputID=2c72742771a2c41ecd040e5a25968787 DependenciesID=bdc8602b909bd97540f8182571ab9f31 StaticDependenciesID=b125306088622e4408f44addb4a60213 
Importing 'GUID: 3adebabc9c53348aab08029333dba930 - Path: Packages/com.unity.burst/LICENSE.md' with importer (TextScriptImporter)
Imported 'GUID: 3adebabc9c53348aab08029333dba930' -> (Import Result ID: '92d155da54786b9ce74ef34fc7267cc8') in 0.001 seconds [static dependencies only]. Details - ImportResultOutputID=b1a5a84ad2133a23a7e16c4eed5b934b DependenciesID=12b8c8196cade7a6cf06033728b33245 StaticDependenciesID=7627af15132d8bdd5810825a81a0ceab 
Importing 'GUID: 6afb166a156df2d20433d981f4bb2832 - Path: Packages/com.unity.modules.vehicles/package.json' with importer (PackageManifestImporter)
Imported 'GUID: 6afb166a156df2d20433d981f4bb2832' -> (Import Result ID: 'f67407be6d460176782b81d28c7f9e14') in 0.001 seconds [static dependencies only]. Details - ImportResultOutputID=b9584b21688236880549537b502bc979 DependenciesID=d8f7d57ff02978897a86041376ffd6ce StaticDependenciesID=efd00ecf72e15a5677804836c34a7f26 
Importing 'GUID: fa27413e9edb06a6058d6c894eca0338 - Path: Packages/com.unity.modules.unitywebrequestwww/package.json' with importer (PackageManifestImporter)
Imported 'GUID: fa27413e9edb06a6058d6c894eca0338' -> (Import Result ID: '8aff4d3bde27cada86a76f1f99f1448a') in 0.001 seconds [static dependencies only]. Details - ImportResultOutputID=ef4111052f639e700ab30e1188cae7f8 DependenciesID=64abdf9a39b495239060d15622b19f6c StaticDependenciesID=97a6dd1d7e0e608aee09209f7f2b4d99 
Importing 'GUID: 3bbd27b3dd7be4a74aeab8da6b0af5cc - Path: Packages/com.unity.multiplayer.center/CHANGELOG.md' with importer (TextScriptImporter)
Imported 'GUID: 3bbd27b3dd7be4a74aeab8da6b0af5cc' -> (Import Result ID: 'f84ee636f1ad1e1dede43e68431302f2') in 0.001 seconds [static dependencies only]. Details - ImportResultOutputID=b417cc241394cfbb33a1752f594fb22c DependenciesID=57e141f7ac1220f60fcef84a843ab200 StaticDependenciesID=1e8083b47d5dcfb78adfb23af9934c6b 
Importing 'GUID: 4b518b37798c97b0f860962cbf615533 - Path: Packages/com.unity.modules.unitywebrequestaudio/package.json' with importer (PackageManifestImporter)
Imported 'GUID: 4b518b37798c97b0f860962cbf615533' -> (Import Result ID: '6a3bdfbd56c9e6c8fe0479025913647e') in 0.001 seconds [static dependencies only]. Details - ImportResultOutputID=91f22434b9ab55a5c83f3c60940e8474 DependenciesID=73df2ace5f4f3360912ea6171610c121 StaticDependenciesID=53c953cd0acf9b05670731dce566b073 
Importing 'GUID: 9b1a5759726ef9d39a0ab82047b615f1 - Path: Packages/com.unity.modules.hierarchycore/package.json' with importer (PackageManifestImporter)
Imported 'GUID: 9b1a5759726ef9d39a0ab82047b615f1' -> (Import Result ID: 'fa148ed711bd3e080a8e835b177c5c6f') in 0.001 seconds [static dependencies only]. Details - ImportResultOutputID=1299c778185973c2d3f2bb276cd8d0e7 DependenciesID=6b51779d84b5eaf6d804da9781a2705a StaticDependenciesID=47355a3424173941f09b40fa4a0e4c37 
Importing 'GUID: 0cd9b6aeb618a774f8a048317f9587ae - Path: Packages/com.yanagisawa.data-layout-calibrator/README.md' with importer (TextScriptImporter)
Imported 'GUID: 0cd9b6aeb618a774f8a048317f9587ae' -> (Import Result ID: 'b082053c1a03f1103bfbf019f7dc51bf') in 0.001 seconds [static dependencies only]. Details - ImportResultOutputID=4806698fc27c70b786fdf3fc1a03d530 DependenciesID=c02e00a3566af65d5d53cb2ab3ce6b60 StaticDependenciesID=eb295bfba1d93dbece484dffb80092aa 
Importing 'GUID: 2c814623cb42764d304be0c5ddd03ceb - Path: Packages/com.unity.modules.xr/package.json' with importer (PackageManifestImporter)
Imported 'GUID: 2c814623cb42764d304be0c5ddd03ceb' -> (Import Result ID: '0d9175bc1dd47336e71d01ac77371dc2') in 0.001 seconds [static dependencies only]. Details - ImportResultOutputID=7f441ac2d6a687e067f2d83f9a07d6bb DependenciesID=73f5c45432c5cd4dc3bd9d0666d8c84e StaticDependenciesID=77e9d30246e389396b4a6173a4f6663f 
Importing 'GUID: 4c413a81cadcce7038e446e56570117e - Path: Packages/com.unity.modules.adaptiveperformance/package.json' with importer (PackageManifestImporter)
Imported 'GUID: 4c413a81cadcce7038e446e56570117e' -> (Import Result ID: '2bcec5b001621b555a89008556fd889c') in 0.001 seconds [static dependencies only]. Details - ImportResultOutputID=e58e4e674ae30d7b75f4a6d1a5cb9032 DependenciesID=dee357e1aa1e2f89a9ed5ae6449b58ff StaticDependenciesID=3a4d31e25901b63c9d9135b3327d42f9 
Importing 'GUID: 5cb0d418e2eda6f4a8ebfe6910c17dd4 - Path: Packages/com.unity.test-framework.performance/CHANGELOG.md' with importer (TextScriptImporter)
Imported 'GUID: 5cb0d418e2eda6f4a8ebfe6910c17dd4' -> (Import Result ID: 'ace12f2b728aa00f6fffdd6e53533723') in 0.002 seconds [static dependencies only]. Details - ImportResultOutputID=a5359f0f92d7a727455c7c538c1310dd DependenciesID=85bbb703055e8a6b3f48b296262e0fe2 StaticDependenciesID=b146266481ca63796414138e9f297a2c 
Importing 'GUID: 9c8887056eaaa7e4888ca0131e2892da - Path: Packages/com.unity.test-framework.performance/LICENSE.md' with importer (TextScriptImporter)
Imported 'GUID: 9c8887056eaaa7e4888ca0131e2892da' -> (Import Result ID: 'aed2d7d2f48cda69d0ea383e68b078b8') in 0.002 seconds [static dependencies only]. Details - ImportResultOutputID=a3a084ef54829ce6792b0ca58d2669a6 DependenciesID=da2f99ae115395de74abb7365f8d544a StaticDependenciesID=30b4a0e93943c80b8e129bdc4646732a 
Importing 'GUID: ec02776fe29df900b897106d61977735 - Path: Packages/com.unity.modules.director/package.json' with importer (PackageManifestImporter)
Imported 'GUID: ec02776fe29df900b897106d61977735' -> (Import Result ID: 'c105d0537bd11edb8fdfd5649d0e00da') in 0.001 seconds [static dependencies only]. Details - ImportResultOutputID=d3cc052d8f895db30a66424de2b1783d DependenciesID=7d93a6263b7f32b08c02e969a68769cd StaticDependenciesID=995e7b4ac97d7d0755f57739f9902f1e 
Importing 'GUID: 5da62a0c1c5218c4aa16b74546a7822d - Path: Packages/com.unity.ext.nunit/README.md' with importer (TextScriptImporter)
Imported 'GUID: 5da62a0c1c5218c4aa16b74546a7822d' -> (Import Result ID: '2bf107e8543fb2ffdfd921b00d0eb978') in 0.001 seconds [static dependencies only]. Details - ImportResultOutputID=0d5bbd70dce055095913655b62b8118a DependenciesID=01b20d59c6d94e96ccee1800e3a79d81 StaticDependenciesID=21843600c22f7838e0cc573d206368e2 
Importing 'GUID: 6d56244f8c39a851975d3c0bd432c66f - Path: Packages/com.unity.modules.terrain/package.json' with importer (PackageManifestImporter)
Imported 'GUID: 6d56244f8c39a851975d3c0bd432c66f' -> (Import Result ID: '9c308acd54b9e02830a7a9aa11332cfb') in 0.001 seconds [static dependencies only]. Details - ImportResultOutputID=0147ed4a7bf27ee69660cd49b175a05f DependenciesID=116335bb763fdfa9c848adf761e1c399 StaticDependenciesID=b9ad004fd01d96093b309d2e4ec21b71 
Importing 'GUID: 9d689bfd86a079f4dabe5df412f6ee5d - Path: Packages/com.yanagisawa.data-layout-calibrator/CHANGELOG.md' with importer (TextScriptImporter)
Imported 'GUID: 9d689bfd86a079f4dabe5df412f6ee5d' -> (Import Result ID: '39309efa15330b01a7ec5ae719bcd3d5') in 0.001 seconds [static dependencies only]. Details - ImportResultOutputID=54798d69d507b9db6695e2488a91bb98 DependenciesID=7c2decf217807a3983f17fffee8c1104 StaticDependenciesID=ceed472434cc376b9bec70bf188536c0 
Importing 'GUID: bd605698a338c4de88bb5b3c4632af68 - Path: Packages/com.unity.collections/package.json' with importer (PackageManifestImporter)
Imported 'GUID: bd605698a338c4de88bb5b3c4632af68' -> (Import Result ID: '8cc87fc7acc2b965c06f844e0e391ddd') in 0.001 seconds [static dependencies only]. Details - ImportResultOutputID=5cc1ad731856020494aaf52f08789592 DependenciesID=3550ce74bc6981a823d608d99d9a8792 StaticDependenciesID=22c0e6a316d435afc1ef857aeeee8fdc 
Importing 'GUID: bd1af0a6633ee94ae21c7d1d702cdc12 - Path: Packages/com.unity.modules.androidjni/package.json' with importer (PackageManifestImporter)
Imported 'GUID: bd1af0a6633ee94ae21c7d1d702cdc12' -> (Import Result ID: '81447ae4672061c388ba02df11c36b55') in 0.001 seconds [static dependencies only]. Details - ImportResultOutputID=58196444acd2f5a146944d8272e88433 DependenciesID=4e4f8d1653ad2b7303c0ceae0d881629 StaticDependenciesID=b79f2d1e0586b05487c288837e9abba3 
Importing 'GUID: 1eb7e6f92b1d7d64ba0a48ea751728f3 - Path: Packages/com.unity.nuget.mono-cecil/CHANGELOG.md' with importer (TextScriptImporter)
Imported 'GUID: 1eb7e6f92b1d7d64ba0a48ea751728f3' -> (Import Result ID: '236750dbb7e0eb884f69ff65354dde62') in 0.001 seconds [static dependencies only]. Details - ImportResultOutputID=687f800723deda1b866c208e63a2509e DependenciesID=57d8c7c1e225198f02170ca929851d2c StaticDependenciesID=d809c149456c472dd7bbfd3322731a55 
Importing 'GUID: 2e3a7e16dc0bd2346a2514dd143105a9 - Path: Packages/com.unity.collections/Unity.Collections.PerformanceTests/Unity.PerformanceTesting.Benchmark/README.md' with importer (TextScriptImporter)
Imported 'GUID: 2e3a7e16dc0bd2346a2514dd143105a9' -> (Import Result ID: 'a35200db25c94649516b2d90e4d3d311') in 0.001 seconds [static dependencies only]. Details - ImportResultOutputID=f6a6a61830d159502beb1d6f932e636e DependenciesID=258a412d4828a8a1e3aa69c22fd807c4 StaticDependenciesID=f746cc340932cf17ea850e916179df78 
Importing 'GUID: 3ec7596410385054a9e0bc90377fbe63 - Path: Packages/com.unity.test-framework/LICENSE.md' with importer (TextScriptImporter)
Imported 'GUID: 3ec7596410385054a9e0bc90377fbe63' -> (Import Result ID: '9199e6682ecd75f5577a3dcdb4edce85') in 0.002 seconds [static dependencies only]. Details - ImportResultOutputID=959ccfaae8af3bee24774a436e83cdbb DependenciesID=4d7ff492807ba871779b726b298d63f6 StaticDependenciesID=b820e90a31107d4faea90565ffd2170f 
Importing 'GUID: 7ef8348b8ea834d7e1bc214b07f7fb87 - Path: Packages/com.unity.modules.animation/package.json' with importer (PackageManifestImporter)
Imported 'GUID: 7ef8348b8ea834d7e1bc214b07f7fb87' -> (Import Result ID: 'aa73f4f9a81bb9f1a72e79a3cd4911c5') in 0.001 seconds [static dependencies only]. Details - ImportResultOutputID=71365924848c115c14d4e8a430945e5d DependenciesID=7ef63017efdd83a1108a0552f5da04f6 StaticDependenciesID=01f29a190f6e79cbc51d5448fb8d4436 
Importing 'GUID: beaa90bac8bb70d439d582bca35465cb - Path: Packages/com.unity.nuget.mono-cecil/README.md' with importer (TextScriptImporter)
Imported 'GUID: beaa90bac8bb70d439d582bca35465cb' -> (Import Result ID: '30a341708849a0b720d1e4279b96549f') in 0.001 seconds [static dependencies only]. Details - ImportResultOutputID=f85ae5fa8e0af426359ea54b1cac571c DependenciesID=fd1dd41b782caaf47a06e6d7b33239a4 StaticDependenciesID=29a7d275a872defab879f9653a1be888 
Importing 'GUID: fee59c2b2318a7e4fa7a2c2af28d9553 - Path: Packages/com.unity.collections/pvpExceptions.json' with importer (TextScriptImporter)
Imported 'GUID: fee59c2b2318a7e4fa7a2c2af28d9553' -> (Import Result ID: '4025e91774764f4fb85b0bbf502e3a6f') in 0.002 seconds [static dependencies only]. Details - ImportResultOutputID=f9e20627a24494a48fb1df70c3fc4c00 DependenciesID=ef563b7b10ac602ec265b97a61c65be4 StaticDependenciesID=c79c29bae30f3a4bcec5d87a75511a5f 
Importing 'GUID: 1f35a383fc36434aaf9e13a75fba3b24 - Path: Packages/com.unity.burst/Unity.Burst.Unsafe.xml' with importer (TextScriptImporter)
Imported 'GUID: 1f35a383fc36434aaf9e13a75fba3b24' -> (Import Result ID: '1767edf5c3e8dc1256fcdce94d238b53') in 0.001 seconds [static dependencies only]. Details - ImportResultOutputID=d08eebe86564681678d0bf5432b4fe42 DependenciesID=7e142a8f1b183f83008119574fc26b65 StaticDependenciesID=8374f83ce970ce3203c170119f6e7de5 
Importing 'GUID: 3fdd83b151eb8d25c5e2f82fc39dcb04 - Path: Packages/com.unity.modules.unitywebrequest/package.json' with importer (PackageManifestImporter)
Imported 'GUID: 3fdd83b151eb8d25c5e2f82fc39dcb04' -> (Import Result ID: 'e59db8c48f1c6fc224861371ef84ee98') in 0.001 seconds [static dependencies only]. Details - ImportResultOutputID=609e642c4d5fd6e0b6d325d2f170eb1c DependenciesID=8d95c7e221f42c1b21093d8de29a9f14 StaticDependenciesID=464feb2dc08708dd25b5d93d953930bd 
Importing 'GUID: 4f0f9b9f3ed97ad2b9ba8f1a8e4666c2 - Path: Packages/com.unity.modules.uielements/package.json' with importer (PackageManifestImporter)
Imported 'GUID: 4f0f9b9f3ed97ad2b9ba8f1a8e4666c2' -> (Import Result ID: '5e5f6fd610a7e9756e33a1fa20f77ff8') in 0.001 seconds [static dependencies only]. Details - ImportResultOutputID=14c0f2b1b250cec076c4d9c62abdd5a9 DependenciesID=8d79c327733e196cccd7d98169c6611b StaticDependenciesID=59ff60bd856a86cad536fba24ca015fb 
Importing 'GUID: 6fe576033d6a2424c888d599967457a2 - Path: Packages/com.unity.collections/ValidationExceptions.json' with importer (TextScriptImporter)
Imported 'GUID: 6fe576033d6a2424c888d599967457a2' -> (Import Result ID: '2d6a7bdf290d102ce94afb41e84ef69c') in 0.001 seconds [static dependencies only]. Details - ImportResultOutputID=75a75481099ecf96f7d4531deff36874 DependenciesID=64cde623c6519797f4cd3651eb0ab7a3 StaticDependenciesID=6e64b72d031308cb687a011195315143 
Importing 'GUID: 9fc87c3ee46f3b34e97e18e4fcac8151 - Path: Packages/com.unity.nuget.mono-cecil/LICENSE.md' with importer (TextScriptImporter)
Imported 'GUID: 9fc87c3ee46f3b34e97e18e4fcac8151' -> (Import Result ID: 'f13f2a16833665d18d662c63b775dddc') in 0.001 seconds [static dependencies only]. Details - ImportResultOutputID=9daa8378e8fc81b27629a20d750312e2 DependenciesID=9cfa4b73a771f762dd67b565e018a915 StaticDependenciesID=a5f4202a09c3e282c8e6b5318550f9c3 
Importing 'GUID: af5aad29a2c56fd449428c9041fc68bb - Path: Packages/com.unity.collections/README.md' with importer (TextScriptImporter)
Imported 'GUID: af5aad29a2c56fd449428c9041fc68bb' -> (Import Result ID: '412259dd85fb6971f41daa0c3c9061e3') in 0.002 seconds [static dependencies only]. Details - ImportResultOutputID=9b63475041f8c334fb5c1e7c6cf05f32 DependenciesID=895d6572cb7dffb4070c21e76ccac484 StaticDependenciesID=84d1b99291e701a74b5f53f89add5837 
Importing 'GUID: bfd567a3d1631a761bca9e99fa53d86d - Path: Packages/com.unity.modules.ui/package.json' with importer (PackageManifestImporter)
Imported 'GUID: bfd567a3d1631a761bca9e99fa53d86d' -> (Import Result ID: '2a7f4eb07cbf4c89cfee9f1bf250e630') in 0.002 seconds [static dependencies only]. Details - ImportResultOutputID=7bb9b76f93faf76244e454a1fca49870 DependenciesID=1ceefbeb770380c5e76c8628d359d577 StaticDependenciesID=ec1ea40555be2d91f84419406494df6b 
Importing 'GUID: bfcb3ba499f7d452b92d9a9cc3378788 - Path: Packages/com.unity.ext.nunit/Third Party Notices.md' with importer (TextScriptImporter)
Imported 'GUID: bfcb3ba499f7d452b92d9a9cc3378788' -> (Import Result ID: 'dd1937091ac82e5325856d915e29c3f0') in 0.001 seconds [static dependencies only]. Details - ImportResultOutputID=5e4cc371e5cf0c10e41ff2a5f96036fc DependenciesID=18ec6ed31238a43fd6e372fceaf4e1db StaticDependenciesID=4a9b7916198e1241ef2d4548a11e532a 
Importing 'GUID: df0857f6a11054383be91b1f8e1b5800 - Path: Packages/com.unity.multiplayer.center/package.json' with importer (PackageManifestImporter)
Imported 'GUID: df0857f6a11054383be91b1f8e1b5800' -> (Import Result ID: 'b4058e1fbbab7e25e123cd778f772519') in 0.001 seconds [static dependencies only]. Details - ImportResultOutputID=56cb21bd62786f0bf6019a6ac763d7f4 DependenciesID=946e89713d6895eb9874952671d5bcb6 StaticDependenciesID=3322c79b966396e27c3e8477c8a822ef 
Importing 'GUID: f1ac2efb1bcd4dfd95dc196ed3c11367 - Path: Packages/com.unity.multiplayer.center/Editor/MultiplayerCenterWindow/UI/light.uss' with importer (ScriptedImporter : UnityEditor.CoreModule:UnityEditor.UIElements.StyleSheets:StyleSheetImporter)
Imported 'GUID: f1ac2efb1bcd4dfd95dc196ed3c11367' -> (Import Result ID: 'e79785092352525d498e2acd00f66fe6') in 0.065 seconds [static and dynamic dependencies]. Details - ImportResultOutputID=d933b28d171599f50d13b516109e7212 DependenciesID=eefa893d506261f438d5fa50aaa5e9f7 StaticDependenciesID=c0be29e7e0ff4bfa095da4fc1dc5bca1 
Importing 'GUID: 1984cd07fe96417f9e88f5771f6b4b32 - Path: Packages/com.unity.multiplayer.center/Editor/MultiplayerCenterWindow/UI/dark.uss' with importer (ScriptedImporter : UnityEditor.CoreModule:UnityEditor.UIElements.StyleSheets:StyleSheetImporter)
Imported 'GUID: 1984cd07fe96417f9e88f5771f6b4b32' -> (Import Result ID: 'f9cb7c837dad292f56634fe3f382065b') in 0.006 seconds [static and dynamic dependencies]. Details - ImportResultOutputID=8be4503d52b62d7392027baec0ba5f8a DependenciesID=02f17d16df9076fcda5410bf208c566e StaticDependenciesID=1bc9381b81c7badb9cb10e990eaf2cd8 
Importing 'GUID: bac00d6e07f0b4305bb395363c89d92b - Path: Packages/com.unity.multiplayer.center/Editor/MultiplayerCenterWindow/UI/MultiplayerCenterWindow.uss' with importer (ScriptedImporter : UnityEditor.CoreModule:UnityEditor.UIElements.StyleSheets:StyleSheetImporter)
Imported 'GUID: bac00d6e07f0b4305bb395363c89d92b' -> (Import Result ID: '69a6bf572b5a9b9809594125b5558102') in 0.032 seconds [static and dynamic dependencies]. Details - ImportResultOutputID=d6dfc469da9a8ffbb556776434abd32e DependenciesID=5acd57e08886106d7c4e0f49eb84da79 StaticDependenciesID=8d43e3a97bb0bfa224eb5b90fbf1805d 
Starting new worker id: 0 with log in D:/CodexWork/babel-dot-20260915/BenchmarkProject/Logs/AssetImportWorkerHW0.log
No restricted APIs configured; Validation skipped.
Checking 12 assemblies for restricted APIs found 0 usage(s) in 4 ms
Launched and connected shader compiler UnityShaderCompiler.exe after 0.01 seconds
Launched and connected shader compiler UnityShaderCompiler.exe after 0.01 seconds
Loading style catalogs (6)
	StyleSheets/Extensions/base/common.uss
	UIPackageResources/StyleSheets/Default/Variables/Public/common.uss
	StyleSheets/Northstar/common.uss
	StyleSheets/Extensions/fonts/inter.uss
	StyleSheets/Extensions/base/dark.uss
	UIPackageResources/StyleSheets/Default/Northstar/Palette/dark.uss

Asset Pipeline Refresh (id=ae9d2881971e2bd4e998ab0c04510be4): Total: 24.672 seconds - Initiated by InitialRefreshV2(ForceSynchronousImport)
	(Values over 0.05ms)
	Summary:
		Imports: total=402 (actual=402, local cache=0, cache server=0)
		Asset DB Process Time: managed=26 ms, native=2572 ms
		Asset DB Callback time: managed=229 ms, native=6953 ms
		Scripting: domain reloads=1, domain reload time=592 ms, compile time=14284 ms, other=13 ms
		Project Asset Count: scripts=262, non-scripts=140
		Asset File Changes: new=1262, changed=1262, moved=0, deleted=0
		Scan Filter Count: 0
	InvokePackagesCallback: 6826.708ms
	ApplyChangesToAssetFolders: 0.665ms
	Scan: 113.282ms
	Collect global state as custom dependencies: 9.932ms
	OnSourceAssetsModified: 2.365ms
	CategorizeScriptCompilationAssets: 6.043ms
	ProcessAssetsWithTransientArtifactChanges: 8.383ms
	CategorizeAssets: 2.704ms
	CompileScripts: 14284.154ms
	ImportOutOfDateAssets: 2383.592ms (691.565ms without children)
		ImportManagerImport: 1677.590ms (174.551ms without children)
			UpdateCategorizedAssets: 0.859ms
		UnloadImportedAssets: 0.324ms
		ReloadImportedAssets: 0.073ms
		EnsureUptoDateAssetsAreRegisteredWithGuidPM: 0.061ms
		ImportSchedulerStart: 14.040ms
	PostProcessAllAssets: 376.490ms
		ShaderAssetModifiedCallback 49.807ms
		VersionControlSettings.HiddenFilePostprocess 4.363ms
		AssemblyValidation.PostprocessAllAssets 3.831ms
		PostProcessCallbackCreateDeferredMaterials 2.356ms
		RaytracingShaderImportPostprocess 1.015ms
		ComputeShaderImportPostprocess 0.886ms
		LocalizationDatabase.AssetDatabasePostprocessCallback 0.631ms
		SpeedTreeImporter.PostprocessAllAssets 0.550ms
		BlockShaderImporter.PostprocessAllAssets 0.345ms
		XRBuildSystem.XRAssetImported 0.064ms
		MonoPostProcessAllAssets: 227.613ms
			StyleCatalogPostProcessor.OnPostprocessAllAssets 181.345ms
			AssetPostprocessor.OnPostprocessAllAssets 13.324ms
			WindowAssetPostprocessingWatcher.OnPostprocessAllAssets 5.287ms
			BuilderAssetPostprocessor.OnPostprocessAllAssets 4.368ms
			TextAssetPostProcessor.OnPostprocessAllAssets 3.990ms
			SyncVS.PostprocessSyncProject 2.797ms
			AssetChangedListener.OnPostprocessAllAssets 2.663ms
			SpeedTree9Postprocessor.OnPostprocessAllAssets 1.377ms
			RetainedModeAssetPostprocessor.OnPostprocessAllAssets 1.081ms
			EditModeScopePostprocessor.OnPostprocessAllAssets 0.683ms
			ArtifactBrowserPostProcessor.OnPostprocessAllAssets 0.455ms
			ReferencedClipsPostProcessor.OnPostprocessAllAssets 0.226ms
			AudioMixerPostprocessor.OnPostprocessAllAssets 0.221ms
			AssetEvents.OnPostprocessAllAssets 0.207ms
			TerrainToolbarOverlayPostProcessor.OnPostprocessAllAssets 0.184ms
			SpeedTreePostProcessor.OnPostprocessAllAssets 0.146ms
			AssetDatabaseCallbacks.OnPostprocessAllAssets 0.138ms
			ScenarioDriftAssetsTracker.OnPostprocessAllAssets 0.100ms
			ConfigAssetsTracker.OnPostprocessAllAssets 0.095ms
			RenderPipelineGlobalSettingsPostprocessor.OnPostprocessAllAssets 0.076ms
			AudioContainerPostProcessor.OnPostprocessAllAssets 0.055ms
	PostAssetChangesProfiler: 0.842ms
	UnloadStreamsBegin: 1.312ms
	PersistCurrentRevisions: 0.217ms
	GenerateScriptTypeHashes: 0.099ms
	GenerateScriptTypeSerializationHashes: 0.234ms
	Untracked: 651.680ms

Application.AssetDatabase Initial Refresh End
Scanning for USB devices : 2.575ms
Initializing Unity extensions:
[MODES] ModeService[none].Initialize
[MODES] ModeService[none].LoadModes
[MODES] Loading mode Default (0) for mode-current-id-BenchmarkProject
Unloading 3 Unused Serialized files (Serialized files now loaded: 0)
Unloading 874 unused Assets / (0.8 MB). Loaded Objects now: 1650.
Memory consumption went from 244.1 MB to 243.3 MB.
Total: 5.413800 ms (FindLiveObjects: 0.130900 ms CreateObjectMapping: 0.153600 ms MarkObjects: 4.662900 ms  DeleteObjects: 0.461900 ms)

Asset Pipeline Refresh (id=9a79290f3d10ecc45a03941bfd5c2721): Total: 0.020 seconds - Initiated by RefreshV2(NoUpdateAssetOptions)
Asset Pipeline Refresh (id=c507e4e5ac1adad44aa0322bd9b768db): Total: 0.029 seconds - Initiated by RefreshV2(NoUpdateAssetOptions)
DisplayProgressbar: Burst
Opening scene 'Assets/DataLayoutCalibrator/Generated/DataLayoutCalibrator.unity'
Unloading 0 Unused Serialized files (Serialized files now loaded: 0)
Loaded scene 'Assets/DataLayoutCalibrator/Generated/DataLayoutCalibrator.unity'
	Deserialize:            0.452 ms
	Integration:            97.666 ms
	Integration of assets:  0.001 ms
	Thread Wait Time:       0.009 ms
	Total Operation Time:   98.129 ms
Unloading 2 unused Assets / (1.8 KB). Loaded Objects now: 1652.
Memory consumption went from 239.5 MB to 239.5 MB.
Total: 5.151400 ms (FindLiveObjects: 0.104200 ms CreateObjectMapping: 0.082000 ms MarkObjects: 4.930400 ms  DeleteObjects: 0.033200 ms)

Importing 'GUID: 8c6c70b7190b990459631997015dc0af - Path: Assets/Resources' with importer (DefaultImporter)
Imported 'GUID: 8c6c70b7190b990459631997015dc0af' -> (Import Result ID: '60d6904eb5a8a75752d3da683437d88d') in 0.003 seconds [static dependencies only]. Details - ImportResultOutputID=2ab26ae9fe18516d8cb6088f3dbce0cc DependenciesID=b0d7f6c4b66b68c8af739d871ce86dd7 StaticDependenciesID=862108a568597665f3670b05aff8b43b 
Asset Pipeline Refresh (id=0b65c58bae76f5e4291441a290f2f921): Total: 0.024 seconds - Initiated by StopAssetImportingV2(NoUpdateAssetOptions)
[TestRunBuilder] Creating new file 'Assets/Resources/PerformanceTestRunInfo.json' (2507 bytes)
UnityEngine.Debug:ExtractStackTraceNoAlloc (byte*,int,string)
UnityEngine.StackTraceUtility:ExtractStackTrace ()
UnityEngine.DebugLogHandler:Internal_Log (UnityEngine.LogType,UnityEngine.LogOption,string,UnityEngine.Object)
UnityEngine.DebugLogHandler:LogFormat (UnityEngine.LogType,UnityEngine.Object,string,object[])
UnityEngine.Logger:Log (UnityEngine.LogType,object)
UnityEngine.Debug:Log (object)
Unity.PerformanceTesting.Editor.TestRunBuilder:SaveToStorage (object,string) (at ./Library/PackageCache/com.unity.test-framework.performance@8b56083ec0f0/Editor/TestRunBuilder.cs:242)
Unity.PerformanceTesting.Editor.TestRunBuilder:OnPreprocessBuild (UnityEditor.Build.Reporting.BuildReport) (at ./Library/PackageCache/com.unity.test-framework.performance@8b56083ec0f0/Editor/TestRunBuilder.cs:35)
UnityEditor.Build.BuildPipelineInterfaces/<>c__DisplayClass17_0:<OnBuildPreProcess>b__1 (UnityEditor.Build.IPreprocessBuildWithReport)
UnityEditor.Build.BuildPipelineInterfaces:InvokeCallbackInterfacesPair<UnityEditor.Build.IPreprocessBuild, UnityEditor.Build.IPreprocessBuildWithReport> (System.Collections.Generic.List`1<UnityEditor.Build.IPreprocessBuild>,System.Action`1<UnityEditor.Build.IPreprocessBuild>,System.Collections.Generic.List`1<UnityEditor.Build.IPreprocessBuildWithReport>,System.Action`1<UnityEditor.Build.IPreprocessBuildWithReport>,bool)
UnityEditor.Build.BuildPipelineInterfaces:OnBuildPreProcess (UnityEditor.Build.Reporting.BuildReport)
UnityEditor.BuildPipeline:BuildPlayerInternal (string[],string,string,UnityEditor.BuildTargetGroup,UnityEditor.BuildTarget,int,UnityEditor.BuildOptions,string[],string[],bool)
UnityEditor.BuildPipeline:BuildPlayer (UnityEditor.BuildPlayerOptions)
Yanagisawa.DataLayoutCalibrator.Benchmark.Editor.DataLayoutCalibratorBuild:BuildWindowsX64 (UnityEditor.ScriptingImplementation,string) (at Assets/DataLayoutCalibrator/Editor/DataLayoutCalibratorBuild.cs:149)
Yanagisawa.DataLayoutCalibrator.Benchmark.Editor.DataLayoutCalibratorBuild:BuildWindowsIl2CppFormal () (at Assets/DataLayoutCalibrator/Editor/DataLayoutCalibratorBuild.cs:69)

(Filename: ./Library/PackageCache/com.unity.test-framework.performance@8b56083ec0f0/Editor/TestRunBuilder.cs Line: 242)

[TestRunBuilder] Creating new file 'Assets/Resources/PerformanceTestRunSettings.json' (23 bytes)
UnityEngine.Debug:ExtractStackTraceNoAlloc (byte*,int,string)
UnityEngine.StackTraceUtility:ExtractStackTrace ()
UnityEngine.DebugLogHandler:Internal_Log (UnityEngine.LogType,UnityEngine.LogOption,string,UnityEngine.Object)
UnityEngine.DebugLogHandler:LogFormat (UnityEngine.LogType,UnityEngine.Object,string,object[])
UnityEngine.Logger:Log (UnityEngine.LogType,object)
UnityEngine.Debug:Log (object)
Unity.PerformanceTesting.Editor.TestRunBuilder:SaveToStorage (object,string) (at ./Library/PackageCache/com.unity.test-framework.performance@8b56083ec0f0/Editor/TestRunBuilder.cs:242)
Unity.PerformanceTesting.Editor.TestRunBuilder:OnPreprocessBuild (UnityEditor.Build.Reporting.BuildReport) (at ./Library/PackageCache/com.unity.test-framework.performance@8b56083ec0f0/Editor/TestRunBuilder.cs:38)
UnityEditor.Build.BuildPipelineInterfaces/<>c__DisplayClass17_0:<OnBuildPreProcess>b__1 (UnityEditor.Build.IPreprocessBuildWithReport)
UnityEditor.Build.BuildPipelineInterfaces:InvokeCallbackInterfacesPair<UnityEditor.Build.IPreprocessBuild, UnityEditor.Build.IPreprocessBuildWithReport> (System.Collections.Generic.List`1<UnityEditor.Build.IPreprocessBuild>,System.Action`1<UnityEditor.Build.IPreprocessBuild>,System.Collections.Generic.List`1<UnityEditor.Build.IPreprocessBuildWithReport>,System.Action`1<UnityEditor.Build.IPreprocessBuildWithReport>,bool)
UnityEditor.Build.BuildPipelineInterfaces:OnBuildPreProcess (UnityEditor.Build.Reporting.BuildReport)
UnityEditor.BuildPipeline:BuildPlayerInternal (string[],string,string,UnityEditor.BuildTargetGroup,UnityEditor.BuildTarget,int,UnityEditor.BuildOptions,string[],string[],bool)
UnityEditor.BuildPipeline:BuildPlayer (UnityEditor.BuildPlayerOptions)
Yanagisawa.DataLayoutCalibrator.Benchmark.Editor.DataLayoutCalibratorBuild:BuildWindowsX64 (UnityEditor.ScriptingImplementation,string) (at Assets/DataLayoutCalibrator/Editor/DataLayoutCalibratorBuild.cs:149)
Yanagisawa.DataLayoutCalibrator.Benchmark.Editor.DataLayoutCalibratorBuild:BuildWindowsIl2CppFormal () (at Assets/DataLayoutCalibrator/Editor/DataLayoutCalibratorBuild.cs:69)

(Filename: ./Library/PackageCache/com.unity.test-framework.performance@8b56083ec0f0/Editor/TestRunBuilder.cs Line: 242)

AcceleratorClientConnectionCallback - disconnected - :0
Importing 'GUID: 00000000000000004000000000000000 - Path: ProjectSettings/ProjectSettings.asset' with importer (LibraryAssetImporter)
Imported 'GUID: 00000000000000004000000000000000' -> (Import Result ID: '346395ee4ab2382a9240441e5cf3b9fe') in 0.001 seconds [static dependencies only]. Details - ImportResultOutputID=276a810dac73e1f29404d5e5f692e214 DependenciesID=a375a62ceda9d79b2e6755d557134fd8 StaticDependenciesID=b70c18ffc53e1682f6192ec24605adce 
Asset Pipeline Refresh (id=0be66d23abc2b4e4f87dfdeb7176babe): Total: 0.009 seconds - Initiated by StopAssetImportingV2(NoUpdateAssetOptions)
DisplayProgressNotification: Build Failed
Error building Player: Currently selected scripting backend (IL2CPP) is not installed.
Unloading 0 Unused Serialized files (Serialized files now loaded: 0)
Unloading 14 unused Assets / (0.8 KB). Loaded Objects now: 1656.
Memory consumption went from 242.1 MB to 242.1 MB.
Total: 4.471300 ms (FindLiveObjects: 0.083500 ms CreateObjectMapping: 0.049400 ms MarkObjects: 4.310800 ms  DeleteObjects: 0.026300 ms)

Build Finished, Result: Failure.
##utp:{"success":false,"type":"PlayerBuildInfo","version":2,"phase":"Immediate","time":1789447871411,"processId":50720,"steps":[{"description":"Preprocess Player","duration":43},{"description":"Prepare For Build","duration":5}],"duration":48}
Unloading 0 Unused Serialized files (Serialized files now loaded: 0)
Loaded scene 'Temp/__Backupscenes/0.backup'
	Deserialize:            0.531 ms
	Integration:            91.500 ms
	Integration of assets:  0.002 ms
	Thread Wait Time:       0.014 ms
	Total Operation Time:   92.047 ms
Unloading 0 unused Assets / (39.4 KB). Loaded Objects now: 1656.
Memory consumption went from 242.2 MB to 242.2 MB.
Total: 4.663400 ms (FindLiveObjects: 0.090300 ms CreateObjectMapping: 0.054000 ms MarkObjects: 4.512100 ms  DeleteObjects: 0.005800 ms)

InvalidOperationException: Windows x64 il2cpp-formal build failed: result=Failed, errors=1, warnings=0, output='D:/CodexWork/babel-dot-20260915/Artifacts/dot-20260915/player-01/DataLayoutCalibrator.exe'.
  at Yanagisawa.DataLayoutCalibrator.Benchmark.Editor.DataLayoutCalibratorBuild.BuildWindowsX64 (UnityEditor.ScriptingImplementation backend, System.String outputLabel) [0x00208] in D:\CodexWork\babel-dot-20260915\BenchmarkProject\Assets\DataLayoutCalibrator\Editor\DataLayoutCalibratorBuild.cs:165 
  at Yanagisawa.DataLayoutCalibrator.Benchmark.Editor.DataLayoutCalibratorBuild.BuildWindowsIl2CppFormal () [0x00000] in D:\CodexWork\babel-dot-20260915\BenchmarkProject\Assets\DataLayoutCalibrator\Editor\DataLayoutCalibratorBuild.cs:69 

(Filename: Assets/DataLayoutCalibrator/Editor/DataLayoutCalibratorBuild.cs Line: 165)

executeMethod method Yanagisawa.DataLayoutCalibrator.Benchmark.Editor.DataLayoutCalibratorBuild.BuildWindowsIl2CppFormal threw exception.
Exiting without the bug reporter. Application will terminate with return code 1Shut down.
