[Licensing::Module] Trying to connect to existing licensing client channel...
Built from '6000.5/staging' branch; Version is '6000.5.9f1 (b57deb96f08d) revision 11894251'; Using compiler version '194234433'; Build Type 'Release'
[Licensing::IpcConnector] Channel LicenseClient-cgliu doesn't exist
OS: 'Windows 11  (10.0.26200) Core' Language: 'zh' Physical Memory: 32122 MB
BatchMode: 1, IsHumanControllingUs: 0, StartBugReporterOnCrash: 0, Is64bit: 1
System  architecture: x64
Process architecture: x64
Date: 2026-09-15T04:57:01Z
[Licensing::Module] Successfully launched the LicensingClient (PId: 46744)
Starting IPC server.
Waiting for clients to connect on \\.\pipe\Unity-LicenseClient-cgliu, press Ctrl-C to exit.
[Licensing::IpcConnector] Successfully connected to: "LicenseClient-cgliu" at "2026-09-15T04:57:01.7800592Z"
[Licensing::Client] Code 10 while verifying Licensing Client signature (process Id: 46744, path: "D:/CodexWork/babel-dot-20260915/Artifacts/dot-20260915/unity/Editor/Data/Resources/Licensing/Client/Unity.Licensing.Client.exe")
[Licensing::Module] LicensingClient has failed validation; ignoring

COMMAND LINE ARGUMENTS:
D:\CodexWork\babel-dot-20260915\Artifacts\dot-20260915\unity\Editor\Unity.exe
-batchmode
-nographics
-quit
-projectPath
D:\CodexWork\babel-dot-20260915\BenchmarkProject
-executeMethod
Yanagisawa.DataLayoutCalibrator.Benchmark.Editor.DataLayoutCalibratorBuild.BuildWindowsIl2CppFormal
-dla-build-output
D:\CodexWork\babel-dot-20260915\Artifacts\dot-20260915\player-02
-logFile
D:\CodexWork\babel-dot-20260915\Artifacts\dot-20260915\player-build-02\unity.log
Successfully changed project path to: D:\CodexWork\babel-dot-20260915\BenchmarkProject
D:/CodexWork/babel-dot-20260915/BenchmarkProject
[UnityMemory] Configuration Parameters - Can be set up in boot.config
    "memorysetup-temp-allocator-size-gi-baking-worker=262144"
    "memorysetup-temp-allocator-size-gi-baking-worker=262144"
    "memorysetup-temp-allocator-size-gi-baking-worker=262144"
    "memorysetup-temp-allocator-size-gi-baking-worker=262144"
    "memorysetup-temp-allocator-size-gi-baking-worker=262144"
    "memorysetup-temp-allocator-size-nav-mesh-worker=65536"
    "memorysetup-temp-allocator-size-audio-worker=65536"
    "memorysetup-temp-allocator-size-cloud-worker=32768"
    "memorysetup-temp-allocator-size-gfx=262144"
    "memorysetup-remapper-allocator-initial-capacity=32768"
    "memorysetup-temp-allocator-size-preload-manager=33554432"
    "memorysetup-allocator-temp-initial-block-size-main=262144"
    "memorysetup-allocator-temp-initial-block-size-worker=262144"
    "memorysetup-temp-allocator-size-job-worker=262144"
    "memorysetup-temp-allocator-size-background-worker=32768"
    "memorysetup-bucket-allocator-granularity=16"
    "memorysetup-bucket-allocator-bucket-count=8"
    "memorysetup-bucket-allocator-block-size=33554432"
    "memorysetup-bucket-allocator-block-count=8"
    "memorysetup-main-allocator-block-size=16777216"
    "memorysetup-thread-allocator-block-size=16777216"
    "memorysetup-main-allocator-mimalloc-enabled=0"
    "memorysetup-gfx-main-allocator-block-size=16777216"
    "memorysetup-gfx-thread-allocator-block-size=16777216"
    "memorysetup-cache-allocator-block-size=4194304"
    "memorysetup-typetree-allocator-block-size=2097152"
    "memorysetup-profiler-bucket-allocator-granularity=16"
    "memorysetup-profiler-bucket-allocator-bucket-count=8"
    "memorysetup-profiler-bucket-allocator-block-size=33554432"
    "memorysetup-profiler-bucket-allocator-block-count=8"
    "memorysetup-profiler-allocator-block-size=16777216"
    "memorysetup-profiler-editor-allocator-block-size=1048576"
    "memorysetup-temp-allocator-size-main=16777216"
    "memorysetup-job-temp-allocator-block-size=2097152"
    "memorysetup-job-temp-allocator-block-size-background=1048576"
    "memorysetup-job-temp-allocator-reduction-small-platforms=262144"
Logging is directed to a specific file, skipping project log.Player connection [50392]  Target information:

Player connection [50392]  * "[IP] 172.29.48.1 [Port] 55504 [Flags] 2 [Guid] 4211926261 [EditorId] 4211926261 [Version] 1048832 [Id] WindowsEditor(7,EdwinYNG) [Debug] 1 [PackageName] WindowsEditor [ProjectName] Editor" 

Player connection [50392]  * "[IP] 169.254.83.107 [Port] 55504 [Flags] 2 [Guid] 4211926261 [EditorId] 4211926261 [Version] 1048832 [Id] WindowsEditor(7,EdwinYNG) [Debug] 1 [PackageName] WindowsEditor [ProjectName] Editor" 

Player connection [50392]  * "[IP] 192.168.1.2 [Port] 55504 [Flags] 2 [Guid] 4211926261 [EditorId] 4211926261 [Version] 1048832 [Id] WindowsEditor(7,EdwinYNG) [Debug] 1 [PackageName] WindowsEditor [ProjectName] Editor" 

Player connection [50392] Host joined multi-casting on [225.0.0.222:54997]...
Player connection [50392] Host joined alternative multi-casting on [225.0.0.222:34997]...
Input System module state changed to: Initialized.
[Physics::Module] Initialized fallback backend.
[Physics::Module] Id: 0xdecafbad
[Licensing::Client] Handshaking with LicensingClient:
  Version:                 1.18.3+d7ffd15
  Session Id:              0d0db29ceec9479995a215418f5293a1
  Correlation Id:          ea86d54d0a3cfd304a810fa12f58e7ac
  External correlation Id: 4342427162790567590
  Machine Id:              Pu9Uue9I4rNnX++wHnK+FJjEgxo=
[Licensing::Module] Successfully connected to LicensingClient on channel: "LicenseClient-cgliu" (connect: 0.37s, validation: 0.12s, handshake: 0.04s)
[Licensing::IpcConnector] Successfully connected to: "LicenseClient-cgliu-notifications" at "2026-09-15T04:57:01.9443895Z"
[Licensing::Module] Connected to LicensingClient (PId: 46744, launch time: 0.01, total connection time: 0.54s)
[Licensing::Module] Error: Access token is unavailable; failed to update
[Licensing::Client] Successfully resolved entitlement details
[Licensing::Module] License group:
  Id: ewogICJzdWJzR3JvdXAiIDogInVuaXR5IGVkaXRvciIsCiAgIm5hbWVzcGFjZSIgOiAidW5pdHlfZWRpdG9yIiwKICAidHlwZSIgOiAiRURJVE9SIiwKICAidGFnIiA6ICJVbml0eVBlcnNvbmFsXXXX
  Product: Unity Personal Version
  Type: Assigned
  Expiration: Unlimited
[Licensing::Client] Successfully updated license, isAsync: True, time: 0.01
[Licensing::Client] Successfully resolved entitlement details
[Licensing::Module] Licensing Background thread has ended after 0.58s
[Package Manager] Connected to IPC stream "Upm-49544" after 0.2 seconds.
[Licensing::Client] Successfully resolved entitlement details
Library Redirect Path: Library/
[Physics::Module] Selected backend.
[Physics::Module] Name: PhysX
[Physics::Module] Id: 0xf2b8ea05
[Physics::Module] SDK Version: 4.1.2
[Physics::Module] Integration Version: 1.0.0
[Physics::Module] Threading Mode: Multi-Threaded
Artifact Garbage Collection - Removed 152 unused hashed content files
Initialize engine version: 6000.5.9f1 (b57deb96f08d)
[Subsystems] Discovering subsystems at path D:/CodexWork/babel-dot-20260915/Artifacts/dot-20260915/unity/Editor/Data/Resources/UnitySubsystems
[Subsystems] Discovering subsystems at path D:/CodexWork/babel-dot-20260915/BenchmarkProject/Assets
Forcing GfxDevice: Null
GfxDevice: creating device client; kGfxThreadingModeNonThreaded
NullGfxDevice:
    Version:  NULL 1.0 [1.0]
    Renderer: Null Device
    Vendor:   Unity Technologies
Initialize mono
Mono path[0] = 'D:/CodexWork/babel-dot-20260915/Artifacts/dot-20260915/unity/Editor/Data/Managed'
Mono path[1] = 'D:/CodexWork/babel-dot-20260915/Artifacts/dot-20260915/unity/Editor/Data/BCLExtensions/runtime/netstandard2.1'
Mono path[2] = 'D:/CodexWork/babel-dot-20260915/Artifacts/dot-20260915/unity/Editor/Data/MonoBleedingEdge/lib/mono/unityjit-win32'
Mono config path = 'D:/CodexWork/babel-dot-20260915/Artifacts/dot-20260915/unity/Editor/Data/MonoBleedingEdge/etc'
Using monoOptions --debugger-agent=transport=dt_socket,embedding=1,server=y,suspend=n,address=127.0.0.1:56544
CodeReloadManager initialized
ImportWorker Server TCP listen port: 0
AcceleratorClientConnectionCallback - disconnected - :0
Begin MonoManager ReloadAssembly
Registering precompiled unity dll's ...
Register platform support module: D:/CodexWork/babel-dot-20260915/Artifacts/dot-20260915/unity/Editor/Data/PlaybackEngines/WindowsStandaloneSupport/UnityEditor.WindowsStandalone.Extensions.dll
Registered in 0.006228 seconds.
Native extension for WindowsStandalone target not found
Package Manager log level set to [2]
ScheduleIndexationOnStartup MainProcess:False IndexOnStartup:False
Mono: successfully reloaded assembly
- Finished resetting the current domain, in  0.468 seconds
Domain Reload Profiling: 892ms
	BeginReloadAssembly (129ms)
		CreateAndSetChildDomain (16ms)
	RebuildCommonClasses (3ms)
	RebuildNativeTypeToScriptingClass (14ms)
	initialDomainReloadingComplete (64ms)
	LoadAllAssembliesAndSetupDomain (213ms)
		LoadAssemblies (106ms)
		AnalyzeDomain (152ms)
			TypeCache.Refresh (150ms)
				TypeCache.ScanAssembly (136ms)
	FinalizeReload (468ms)
		SetupLoadedEditorAssemblies (0ms)
			BeforeProcessingInitializeOnLoad (63ms)
			ProcessInitializeOnLoadAttributes (70ms)
			ProcessInitializeOnLoadMethodAttributes (282ms)
[Licensing::Client] Successfully resolved entitlement details
Application.AssetDatabase Initial Refresh Start
[Package Manager] Restoring resolved packages state from cache
[Licensing::Client] Successfully resolved entitlement details
[Package Manager] Registered 45 packages:
  Packages from [https://packages.unity.com]:
    com.unity.burst@1.8.30 (location: D:\CodexWork\babel-dot-20260915\BenchmarkProject\Library\PackageCache\com.unity.burst@2f3d916873ea)
    com.unity.nuget.mono-cecil@1.11.6 (location: D:\CodexWork\babel-dot-20260915\BenchmarkProject\Library\PackageCache\com.unity.nuget.mono-cecil@ecb9724e46ff)
    com.unity.test-framework.performance@3.5.0 (location: D:\CodexWork\babel-dot-20260915\BenchmarkProject\Library\PackageCache\com.unity.test-framework.performance@8b56083ec0f0)
  Built-in packages:
    com.unity.collections@6.5.0 (location: D:\CodexWork\babel-dot-20260915\BenchmarkProject\Library\PackageCache\com.unity.collections@ec2c217e4cb2)
    com.unity.mathematics@1.4.0 (location: D:\CodexWork\babel-dot-20260915\BenchmarkProject\Library\PackageCache\com.unity.mathematics@981956d94fb6)
    com.unity.multiplayer.center@1.0.1 (location: D:\CodexWork\babel-dot-20260915\BenchmarkProject\Library\PackageCache\com.unity.multiplayer.center@b860850997d0)
    com.unity.test-framework@1.7.0 (location: D:\CodexWork\babel-dot-20260915\BenchmarkProject\Library\PackageCache\com.unity.test-framework@1405238725ab)
    com.unity.modules.accessibility@1.0.0 (location: D:\CodexWork\babel-dot-20260915\BenchmarkProject\Library\PackageCache\com.unity.modules.accessibility)
    com.unity.modules.adaptiveperformance@1.0.0 (location: D:\CodexWork\babel-dot-20260915\BenchmarkProject\Library\PackageCache\com.unity.modules.adaptiveperformance)
    com.unity.modules.ai@1.0.0 (location: D:\CodexWork\babel-dot-20260915\BenchmarkProject\Library\PackageCache\com.unity.modules.ai)
    com.unity.modules.androidjni@1.0.0 (location: D:\CodexWork\babel-dot-20260915\BenchmarkProject\Library\PackageCache\com.unity.modules.androidjni)
    com.unity.modules.animation@1.0.0 (location: D:\CodexWork\babel-dot-20260915\BenchmarkProject\Library\PackageCache\com.unity.modules.animation)
    com.unity.modules.assetbundle@1.0.0 (location: D:\CodexWork\babel-dot-20260915\BenchmarkProject\Library\PackageCache\com.unity.modules.assetbundle)
    com.unity.modules.audio@1.0.0 (location: D:\CodexWork\babel-dot-20260915\BenchmarkProject\Library\PackageCache\com.unity.modules.audio)
    com.unity.modules.cloth@1.0.0 (location: D:\CodexWork\babel-dot-20260915\BenchmarkProject\Library\PackageCache\com.unity.modules.cloth)
    com.unity.modules.director@1.0.0 (location: D:\CodexWork\babel-dot-20260915\BenchmarkProject\Library\PackageCache\com.unity.modules.director)
    com.unity.modules.imageconversion@1.0.0 (location: D:\CodexWork\babel-dot-20260915\BenchmarkProject\Library\PackageCache\com.unity.modules.imageconversion)
    com.unity.modules.imgui@1.0.0 (location: D:\CodexWork\babel-dot-20260915\BenchmarkProject\Library\PackageCache\com.unity.modules.imgui)
    com.unity.modules.jsonserialize@1.0.0 (location: D:\CodexWork\babel-dot-20260915\BenchmarkProject\Library\PackageCache\com.unity.modules.jsonserialize)
    com.unity.modules.particlesystem@1.0.0 (location: D:\CodexWork\babel-dot-20260915\BenchmarkProject\Library\PackageCache\com.unity.modules.particlesystem)
    com.unity.modules.physics@1.0.0 (location: D:\CodexWork\babel-dot-20260915\BenchmarkProject\Library\PackageCache\com.unity.modules.physics)
    com.unity.modules.physics2d@1.0.0 (location: D:\CodexWork\babel-dot-20260915\BenchmarkProject\Library\PackageCache\com.unity.modules.physics2d)
    com.unity.modules.physicscore2d@1.0.0 (location: D:\CodexWork\babel-dot-20260915\BenchmarkProject\Library\PackageCache\com.unity.modules.physicscore2d)
    com.unity.modules.screencapture@1.0.0 (location: D:\CodexWork\babel-dot-20260915\BenchmarkProject\Library\PackageCache\com.unity.modules.screencapture)
    com.unity.modules.terrain@1.0.0 (location: D:\CodexWork\babel-dot-20260915\BenchmarkProject\Library\PackageCache\com.unity.modules.terrain)
    com.unity.modules.terrainphysics@1.0.0 (location: D:\CodexWork\babel-dot-20260915\BenchmarkProject\Library\PackageCache\com.unity.modules.terrainphysics)
    com.unity.modules.tilemap@1.0.0 (location: D:\CodexWork\babel-dot-20260915\BenchmarkProject\Library\PackageCache\com.unity.modules.tilemap)
    com.unity.modules.ui@1.0.0 (location: D:\CodexWork\babel-dot-20260915\BenchmarkProject\Library\PackageCache\com.unity.modules.ui)
    com.unity.modules.uielements@1.0.0 (location: D:\CodexWork\babel-dot-20260915\BenchmarkProject\Library\PackageCache\com.unity.modules.uielements)
    com.unity.modules.umbra@1.0.0 (location: D:\CodexWork\babel-dot-20260915\BenchmarkProject\Library\PackageCache\com.unity.modules.umbra)
    com.unity.modules.unityanalytics@1.0.0 (location: D:\CodexWork\babel-dot-20260915\BenchmarkProject\Library\PackageCache\com.unity.modules.unityanalytics)
    com.unity.modules.unitywebrequest@1.0.0 (location: D:\CodexWork\babel-dot-20260915\BenchmarkProject\Library\PackageCache\com.unity.modules.unitywebrequest)
    com.unity.modules.unitywebrequestassetbundle@1.0.0 (location: D:\CodexWork\babel-dot-20260915\BenchmarkProject\Library\PackageCache\com.unity.modules.unitywebrequestassetbundle)
    com.unity.modules.unitywebrequestaudio@1.0.0 (location: D:\CodexWork\babel-dot-20260915\BenchmarkProject\Library\PackageCache\com.unity.modules.unitywebrequestaudio)
    com.unity.modules.unitywebrequesttexture@1.0.0 (location: D:\CodexWork\babel-dot-20260915\BenchmarkProject\Library\PackageCache\com.unity.modules.unitywebrequesttexture)
    com.unity.modules.unitywebrequestwww@1.0.0 (location: D:\CodexWork\babel-dot-20260915\BenchmarkProject\Library\PackageCache\com.unity.modules.unitywebrequestwww)
    com.unity.modules.vectorgraphics@1.0.0 (location: D:\CodexWork\babel-dot-20260915\BenchmarkProject\Library\PackageCache\com.unity.modules.vectorgraphics)
    com.unity.modules.vehicles@1.0.0 (location: D:\CodexWork\babel-dot-20260915\BenchmarkProject\Library\PackageCache\com.unity.modules.vehicles)
    com.unity.modules.video@1.0.0 (location: D:\CodexWork\babel-dot-20260915\BenchmarkProject\Library\PackageCache\com.unity.modules.video)
    com.unity.modules.wind@1.0.0 (location: D:\CodexWork\babel-dot-20260915\BenchmarkProject\Library\PackageCache\com.unity.modules.wind)
    com.unity.modules.xr@1.0.0 (location: D:\CodexWork\babel-dot-20260915\BenchmarkProject\Library\PackageCache\com.unity.modules.xr)
    com.unity.modules.subsystems@1.0.0 (location: D:\CodexWork\babel-dot-20260915\BenchmarkProject\Library\PackageCache\com.unity.modules.subsystems)
    com.unity.modules.hierarchycore@1.0.0 (location: D:\CodexWork\babel-dot-20260915\BenchmarkProject\Library\PackageCache\com.unity.modules.hierarchycore)
    com.unity.ext.nunit@2.1.0 (location: D:\CodexWork\babel-dot-20260915\BenchmarkProject\Library\PackageCache\com.unity.ext.nunit@44f7d31723bd)
  Local packages:
    com.yanagisawa.data-layout-calibrator@file:D:\CodexWork\babel-dot-20260915\Packages\com.yanagisawa.data-layout-calibrator (location: D:\CodexWork\babel-dot-20260915\Packages\com.yanagisawa.data-layout-calibrator)
[Subsystems] No new subsystems found in resolved package list.
[Package Manager] Done registering packages in 0.02 seconds
info: Microsoft.Hosting.Lifetime[14]
      Now listening on: http://localhost:80
info: Microsoft.Hosting.Lifetime[0]
      Application started. Press Ctrl+C to shut down.
info: Microsoft.Hosting.Lifetime[0]
      Hosting environment: Production
info: Microsoft.Hosting.Lifetime[0]
      Content root path: D:\CodexWork\babel-dot-20260915\BenchmarkProject
info: Microsoft.AspNetCore.Hosting.Diagnostics[1]
      Request starting HTTP/2 POST http://ilpp/UnityILPP.PostProcessing/Ping - application/grpc -
info: Microsoft.AspNetCore.Routing.EndpointMiddleware[0]
      Executing endpoint 'gRPC - /UnityILPP.PostProcessing/Ping'
info: Microsoft.AspNetCore.Routing.EndpointMiddleware[1]
      Executed endpoint 'gRPC - /UnityILPP.PostProcessing/Ping'
info: Microsoft.AspNetCore.Hosting.Diagnostics[2]
      Request finished HTTP/2 POST http://ilpp/UnityILPP.PostProcessing/Ping - 200 - application/grpc 20.8337ms
Starting: D:\CodexWork\babel-dot-20260915\Artifacts\dot-20260915\unity\Editor\Data\Tools\BuildPipeline\bee_backend.exe --ipc --defer-dag-verification --dagfile="Library/Bee/1900b0aE.dag" --continue-on-failure --profile="Library/Bee/backend1.traceevents" ScriptAssemblies
WorkingDir: D:/CodexWork/babel-dot-20260915/BenchmarkProject
DisplayProgressbar: Compiling Scripts
info: Microsoft.AspNetCore.Hosting.Diagnostics[1]
      Request starting HTTP/2 POST http://ilpp/UnityILPP.PostProcessing/ConfigurePostProcessors - application/grpc -
info: Microsoft.AspNetCore.Routing.EndpointMiddleware[0]
      Executing endpoint 'gRPC - /UnityILPP.PostProcessing/ConfigurePostProcessors'
warn: Unity.ILPP.Runner.PostProcessingAssemblyLoadContext[0]
      Assembly system.runtime.interopservices.windowsruntime has duplicate hint path. Ignoring "C:\Program Files\Unity\Hub\Editor\6000.5.9f1\Editor\Data\UnityReferenceAssemblies\unity-4.8-api\Facades\System.Runtime.InteropServices.WindowsRuntime.dll" in favor of "C:\Program Files\Unity\Hub\Editor\6000.5.9f1\Editor\Data\NetStandard\Extensions\2.0.0\System.Runtime.InteropServices.WindowsRuntime.dll"
warn: Unity.ILPP.Runner.PostProcessingAssemblyLoadContext[0]
      Assembly system.componentmodel.composition has duplicate hint path. Ignoring "C:\Program Files\Unity\Hub\Editor\6000.5.9f1\Editor\Data\UnityReferenceAssemblies\unity-4.8-api\System.ComponentModel.Composition.dll" in favor of "C:\Program Files\Unity\Hub\Editor\6000.5.9f1\Editor\Data\NetStandard\compat\2.1.0\shims\netfx\System.ComponentModel.Composition.dll"
info: Unity.ILPP.Runner.PostProcessingAssemblyLoadContext[0]
      Resolved Unity.Burst.Cecil, Version=0.11.6.0, Culture=neutral, PublicKeyToken=50cebf1cceb9d05e with Library\PackageCache\com.unity.burst@2f3d916873ea\Unity.Burst.CodeGen\Unity.Burst.Cecil.dll
info: Unity.ILPP.Runner.PostProcessingAssemblyLoadContext[0]
      Resolved Mono.Cecil, Version=0.11.5.0, Culture=neutral, PublicKeyToken=50cebf1cceb9d05e with Library\PackageCache\com.unity.nuget.mono-cecil@ecb9724e46ff\Mono.Cecil.dll
info: Microsoft.AspNetCore.Routing.EndpointMiddleware[1]
      Executed endpoint 'gRPC - /UnityILPP.PostProcessing/ConfigurePostProcessors'
info: Microsoft.AspNetCore.Hosting.Diagnostics[2]
      Request finished HTTP/2 POST http://ilpp/UnityILPP.PostProcessing/ConfigurePostProcessors - 200 - application/grpc 36.9033ms
ExitCode: 4 Duration: 0s308ms
Rebuilding DAG because FileSignature timestamp changed: Library/Bee/1900b0aE-inputdata.json
[338/399    0s] ILPP-Configuration Library/ilpp-configuration.nevergeneratedoutput
*** Tundra requires additional run (0.27 seconds), 1 items updated, 337 evaluated
Starting: D:\CodexWork\babel-dot-20260915\Artifacts\dot-20260915\unity\Editor\Data\netcorerun\netcorerun.exe "D:\CodexWork\babel-dot-20260915\Artifacts\dot-20260915\unity\Editor\Data\Tools\BuildPipeline\ScriptCompilationBuildProgram.exe" "Library/Bee/1900b0aE.dag.json" "Library/Bee/1900b0aE-inputdata.json" "Library\Bee\buildprogram0.traceevents"
WorkingDir: D:/CodexWork/babel-dot-20260915/BenchmarkProject
ExitCode: 0 Duration: 0s388ms
Starting: D:\CodexWork\babel-dot-20260915\Artifacts\dot-20260915\unity\Editor\Data\Tools\BuildPipeline\bee_backend.exe --ipc --defer-dag-verification --dagfile="Library/Bee/1900b0aE.dag" --continue-on-failure --dagfilejson="Library\Bee\1900b0aE.dag.json" --profile="Library/Bee/backend2.traceevents" ScriptAssemblies
WorkingDir: D:/CodexWork/babel-dot-20260915/BenchmarkProject
info: Microsoft.AspNetCore.Hosting.Diagnostics[1]
      Request starting HTTP/2 POST http://ilpp/UnityILPP.PostProcessing/ConfigurePostProcessors - application/grpc -
info: Microsoft.AspNetCore.Routing.EndpointMiddleware[0]
      Executing endpoint 'gRPC - /UnityILPP.PostProcessing/ConfigurePostProcessors'
info: Unity.ILPP.Runner.PostProcessingAssemblyLoadContext[0]
      ALC ILPP context 1 is unloading
warn: Unity.ILPP.Runner.PostProcessingAssemblyLoadContext[0]
      Assembly system.runtime.interopservices.windowsruntime has duplicate hint path. Ignoring "D:\CodexWork\babel-dot-20260915\Artifacts\dot-20260915\unity\Editor\Data\UnityReferenceAssemblies\unity-4.8-api\Facades\System.Runtime.InteropServices.WindowsRuntime.dll" in favor of "D:\CodexWork\babel-dot-20260915\Artifacts\dot-20260915\unity\Editor\Data\NetStandard\Extensions\2.0.0\System.Runtime.InteropServices.WindowsRuntime.dll"
warn: Unity.ILPP.Runner.PostProcessingAssemblyLoadContext[0]
      Assembly system.componentmodel.composition has duplicate hint path. Ignoring "D:\CodexWork\babel-dot-20260915\Artifacts\dot-20260915\unity\Editor\Data\UnityReferenceAssemblies\unity-4.8-api\System.ComponentModel.Composition.dll" in favor of "D:\CodexWork\babel-dot-20260915\Artifacts\dot-20260915\unity\Editor\Data\NetStandard\compat\2.1.0\shims\netfx\System.ComponentModel.Composition.dll"
info: Unity.ILPP.Runner.PostProcessingAssemblyLoadContext[0]
      Resolved Unity.Burst.Cecil, Version=0.11.6.0, Culture=neutral, PublicKeyToken=50cebf1cceb9d05e with Library\PackageCache\com.unity.burst@2f3d916873ea\Unity.Burst.CodeGen\Unity.Burst.Cecil.dll
info: Unity.ILPP.Runner.PostProcessingAssemblyLoadContext[0]
      Resolved Mono.Cecil, Version=0.11.5.0, Culture=neutral, PublicKeyToken=50cebf1cceb9d05e with Library\PackageCache\com.unity.nuget.mono-cecil@ecb9724e46ff\Mono.Cecil.dll
info: Microsoft.AspNetCore.Routing.EndpointMiddleware[1]
      Executed endpoint 'gRPC - /UnityILPP.PostProcessing/ConfigurePostProcessors'
info: Microsoft.AspNetCore.Hosting.Diagnostics[2]
      Request finished HTTP/2 POST http://ilpp/UnityILPP.PostProcessing/ConfigurePostProcessors - 200 - application/grpc 50.4218ms
info: Microsoft.AspNetCore.Hosting.Diagnostics[1]
      Request starting HTTP/2 POST http://ilpp/UnityILPP.PostProcessing/PostProcessAssembly - application/grpc -
info: Microsoft.AspNetCore.Routing.EndpointMiddleware[0]
      Executing endpoint 'gRPC - /UnityILPP.PostProcessing/PostProcessAssembly'
info: Unity.ILPP.Runner.PostProcessingPipeline[0]
      Processing assembly Library/Bee/artifacts/1900b0aE.dag/Yanagisawa.DataLayoutCalibrator.Samples.TransformExport.Tests.Editor.dll, with 139 defines and 292 references
info: Unity.ILPP.Runner.PostProcessingPipeline[0]
      processors: Unity.Jobs.CodeGen.JobsILPostProcessor, zzzUnity.Burst.CodeGen.BurstILPostProcessor
info: Unity.ILPP.Runner.PostProcessingPipeline[0]
      running Unity.Jobs.CodeGen.JobsILPostProcessor
info: Unity.ILPP.Runner.PostProcessingAssemblyLoadContext[0]
      Resolved Unity.Collections, Version=0.0.0.0, Culture=neutral, PublicKeyToken=null with Library\Bee\artifacts\1900b0aE.dag\Unity.Collections.dll
info: Microsoft.AspNetCore.Hosting.Diagnostics[1]
      Request starting HTTP/2 POST http://ilpp/UnityILPP.PostProcessing/PostProcessAssembly - application/grpc -
info: Microsoft.AspNetCore.Routing.EndpointMiddleware[0]
      Executing endpoint 'gRPC - /UnityILPP.PostProcessing/PostProcessAssembly'
info: Unity.ILPP.Runner.PostProcessingPipeline[0]
      Processing assembly Library/Bee/artifacts/1900b0aE.dag/Unity.Multiplayer.Center.Editor.dll, with 139 defines and 292 references
info: Unity.ILPP.Runner.PostProcessingPipeline[0]
      processors: Unity.Jobs.CodeGen.JobsILPostProcessor, zzzUnity.Burst.CodeGen.BurstILPostProcessor
info: Unity.ILPP.Runner.PostProcessingPipeline[0]
      running Unity.Jobs.CodeGen.JobsILPostProcessor
info: Unity.ILPP.Runner.PostProcessingPipeline[0]
      running zzzUnity.Burst.CodeGen.BurstILPostProcessor
info: Microsoft.AspNetCore.Routing.EndpointMiddleware[1]
      Executed endpoint 'gRPC - /UnityILPP.PostProcessing/PostProcessAssembly'
info: Microsoft.AspNetCore.Hosting.Diagnostics[2]
      Request finished HTTP/2 POST http://ilpp/UnityILPP.PostProcessing/PostProcessAssembly - 200 - application/grpc 5.9421ms
info: Unity.ILPP.Runner.PostProcessingAssemblyLoadContext[0]
      Resolved UnityEditor.CoreModule, Version=0.0.0.0, Culture=neutral, PublicKeyToken=null with D:\CodexWork\babel-dot-20260915\Artifacts\dot-20260915\unity\Editor\Data\Managed\UnityEngine\UnityEditor.CoreModule.dll
info: Unity.ILPP.Runner.PostProcessingAssemblyLoadContext[0]
      Resolved UnityEngine.CoreModule, Version=0.0.0.0, Culture=neutral, PublicKeyToken=null with D:\CodexWork\babel-dot-20260915\Artifacts\dot-20260915\unity\Editor\Data\Managed\UnityEngine\UnityEngine.CoreModule.dll
info: Unity.ILPP.Runner.PostProcessingAssemblyLoadContext[0]
      Resolved Unity.Scripting, Version=0.0.0.0, Culture=neutral, PublicKeyToken=null with D:\CodexWork\babel-dot-20260915\Artifacts\dot-20260915\unity\Editor\Data\Managed\UnityEngine\Unity.Scripting.dll
info: Unity.ILPP.Runner.PostProcessingPipeline[0]
      running zzzUnity.Burst.CodeGen.BurstILPostProcessor
info: Microsoft.AspNetCore.Routing.EndpointMiddleware[1]
      Executed endpoint 'gRPC - /UnityILPP.PostProcessing/PostProcessAssembly'
info: Microsoft.AspNetCore.Hosting.Diagnostics[2]
      Request finished HTTP/2 POST http://ilpp/UnityILPP.PostProcessing/PostProcessAssembly - 200 - application/grpc 165.9736ms
info: Microsoft.AspNetCore.Hosting.Diagnostics[1]
      Request starting HTTP/2 POST http://ilpp/UnityILPP.PostProcessing/PostProcessAssembly - application/grpc -
info: Microsoft.AspNetCore.Hosting.Diagnostics[1]
      Request starting HTTP/2 POST http://ilpp/UnityILPP.PostProcessing/PostProcessAssembly - application/grpc -
info: Microsoft.AspNetCore.Routing.EndpointMiddleware[0]
      Executing endpoint 'gRPC - /UnityILPP.PostProcessing/PostProcessAssembly'
info: Microsoft.AspNetCore.Routing.EndpointMiddleware[0]
      Executing endpoint 'gRPC - /UnityILPP.PostProcessing/PostProcessAssembly'
info: Unity.ILPP.Runner.PostProcessingPipeline[0]
      Processing assembly Library/Bee/artifacts/1900b0aE.dag/Yanagisawa.DataLayoutCalibrator.Samples.AdditionalWorkloads.dll, with 141 defines and 286 references
info: Unity.ILPP.Runner.PostProcessingPipeline[0]
      processors: Unity.Jobs.CodeGen.JobsILPostProcessor, zzzUnity.Burst.CodeGen.BurstILPostProcessor
info: Unity.ILPP.Runner.PostProcessingPipeline[0]
      Processing assembly Library/Bee/artifacts/1900b0aE.dag/Unity.Collections.Editor.dll, with 140 defines and 292 references
info: Unity.ILPP.Runner.PostProcessingPipeline[0]
      processors: Unity.Jobs.CodeGen.JobsILPostProcessor, zzzUnity.Burst.CodeGen.BurstILPostProcessor
info: Unity.ILPP.Runner.PostProcessingPipeline[0]
      running Unity.Jobs.CodeGen.JobsILPostProcessor
info: Unity.ILPP.Runner.PostProcessingPipeline[0]
      running Unity.Jobs.CodeGen.JobsILPostProcessor
info: Unity.ILPP.Runner.PostProcessingPipeline[0]
      running zzzUnity.Burst.CodeGen.BurstILPostProcessor
info: Microsoft.AspNetCore.Routing.EndpointMiddleware[1]
      Executed endpoint 'gRPC - /UnityILPP.PostProcessing/PostProcessAssembly'
info: Microsoft.AspNetCore.Hosting.Diagnostics[2]
      Request finished HTTP/2 POST http://ilpp/UnityILPP.PostProcessing/PostProcessAssembly - 200 - application/grpc 6.0974ms
info: Unity.ILPP.Runner.PostProcessingAssemblyLoadContext[0]
      Resolved Mono.Cecil.Rocks, Version=0.11.5.0, Culture=neutral, PublicKeyToken=50cebf1cceb9d05e with Library\PackageCache\com.unity.nuget.mono-cecil@ecb9724e46ff\Mono.Cecil.Rocks.dll
info: Unity.ILPP.Runner.PostProcessingPipeline[0]
      running zzzUnity.Burst.CodeGen.BurstILPostProcessor
info: Unity.ILPP.Runner.PostProcessingAssemblyLoadContext[0]
      Resolved Unity.Burst.Cecil.Rocks, Version=0.11.6.0, Culture=neutral, PublicKeyToken=50cebf1cceb9d05e with Library\PackageCache\com.unity.burst@2f3d916873ea\Unity.Burst.CodeGen\Unity.Burst.Cecil.Rocks.dll
info: Microsoft.AspNetCore.Routing.EndpointMiddleware[1]
      Executed endpoint 'gRPC - /UnityILPP.PostProcessing/PostProcessAssembly'
info: Microsoft.AspNetCore.Hosting.Diagnostics[2]
      Request finished HTTP/2 POST http://ilpp/UnityILPP.PostProcessing/PostProcessAssembly - 200 - application/grpc 264.5388ms
info: Microsoft.AspNetCore.Hosting.Diagnostics[1]
      Request starting HTTP/2 POST http://ilpp/UnityILPP.PostProcessing/PostProcessAssembly - application/grpc -
info: Microsoft.AspNetCore.Hosting.Diagnostics[1]
      Request starting HTTP/2 POST http://ilpp/UnityILPP.PostProcessing/PostProcessAssembly - application/grpc -
info: Microsoft.AspNetCore.Routing.EndpointMiddleware[0]
      Executing endpoint 'gRPC - /UnityILPP.PostProcessing/PostProcessAssembly'
info: Microsoft.AspNetCore.Routing.EndpointMiddleware[0]
      Executing endpoint 'gRPC - /UnityILPP.PostProcessing/PostProcessAssembly'
info: Microsoft.AspNetCore.Hosting.Diagnostics[1]
      Request starting HTTP/2 POST http://ilpp/UnityILPP.PostProcessing/PostProcessAssembly - application/grpc -
info: Microsoft.AspNetCore.Routing.EndpointMiddleware[0]
      Executing endpoint 'gRPC - /UnityILPP.PostProcessing/PostProcessAssembly'
info: Unity.ILPP.Runner.PostProcessingPipeline[0]
      Processing assembly Library/Bee/artifacts/1900b0aE.dag/Unity.Burst.dll, with 141 defines and 280 references
info: Unity.ILPP.Runner.PostProcessingPipeline[0]
      processors: Unity.Jobs.CodeGen.JobsILPostProcessor, zzzUnity.Burst.CodeGen.BurstILPostProcessor
info: Unity.ILPP.Runner.PostProcessingPipeline[0]
      running Unity.Jobs.CodeGen.JobsILPostProcessor
info: Unity.ILPP.Runner.PostProcessingPipeline[0]
      running zzzUnity.Burst.CodeGen.BurstILPostProcessor
info: Unity.ILPP.Runner.PostProcessingPipeline[0]
      Processing assembly Library/Bee/artifacts/1900b0aE.dag/Yanagisawa.DataLayoutCalibrator.Benchmark.dll, with 141 defines and 290 references
info: Unity.ILPP.Runner.PostProcessingPipeline[0]
      Processing assembly Library/Bee/artifacts/1900b0aE.dag/Yanagisawa.DataLayoutCalibrator.Samples.TransformExport.dll, with 141 defines and 286 references
info: Unity.ILPP.Runner.PostProcessingPipeline[0]
      processors: Unity.Jobs.CodeGen.JobsILPostProcessor, zzzUnity.Burst.CodeGen.BurstILPostProcessor
info: Unity.ILPP.Runner.PostProcessingPipeline[0]
      processors: Unity.Jobs.CodeGen.JobsILPostProcessor, zzzUnity.Burst.CodeGen.BurstILPostProcessor
info: Unity.ILPP.Runner.PostProcessingPipeline[0]
      running Unity.Jobs.CodeGen.JobsILPostProcessor
info: Unity.ILPP.Runner.PostProcessingPipeline[0]
      running Unity.Jobs.CodeGen.JobsILPostProcessor
info: Unity.ILPP.Runner.PostProcessingPipeline[0]
      running zzzUnity.Burst.CodeGen.BurstILPostProcessor
info: Microsoft.AspNetCore.Routing.EndpointMiddleware[1]
      Executed endpoint 'gRPC - /UnityILPP.PostProcessing/PostProcessAssembly'
info: Microsoft.AspNetCore.Hosting.Diagnostics[2]
      Request finished HTTP/2 POST http://ilpp/UnityILPP.PostProcessing/PostProcessAssembly - 200 - application/grpc 33.3510ms
info: Unity.ILPP.Runner.PostProcessingPipeline[0]
      running zzzUnity.Burst.CodeGen.BurstILPostProcessor
info: Microsoft.AspNetCore.Routing.EndpointMiddleware[1]
      Executed endpoint 'gRPC - /UnityILPP.PostProcessing/PostProcessAssembly'
info: Microsoft.AspNetCore.Hosting.Diagnostics[2]
      Request finished HTTP/2 POST http://ilpp/UnityILPP.PostProcessing/PostProcessAssembly - 200 - application/grpc 61.4218ms
info: Microsoft.AspNetCore.Hosting.Diagnostics[1]
      Request starting HTTP/2 POST http://ilpp/UnityILPP.PostProcessing/PostProcessAssembly - application/grpc -
info: Microsoft.AspNetCore.Routing.EndpointMiddleware[0]
      Executing endpoint 'gRPC - /UnityILPP.PostProcessing/PostProcessAssembly'
info: Unity.ILPP.Runner.PostProcessingPipeline[0]
      Processing assembly Library/Bee/artifacts/1900b0aE.dag/Yanagisawa.DataLayoutCalibrator.Samples.ParticleIntegrate.dll, with 141 defines and 286 references
info: Unity.ILPP.Runner.PostProcessingPipeline[0]
      processors: Unity.Jobs.CodeGen.JobsILPostProcessor, zzzUnity.Burst.CodeGen.BurstILPostProcessor
info: Unity.ILPP.Runner.PostProcessingPipeline[0]
      running Unity.Jobs.CodeGen.JobsILPostProcessor
info: Microsoft.AspNetCore.Hosting.Diagnostics[1]
      Request starting HTTP/2 POST http://ilpp/UnityILPP.PostProcessing/PostProcessAssembly - application/grpc -
info: Microsoft.AspNetCore.Routing.EndpointMiddleware[0]
      Executing endpoint 'gRPC - /UnityILPP.PostProcessing/PostProcessAssembly'
info: Microsoft.AspNetCore.Hosting.Diagnostics[1]
      Request starting HTTP/2 POST http://ilpp/UnityILPP.PostProcessing/PostProcessAssembly - application/grpc -
info: Microsoft.AspNetCore.Routing.EndpointMiddleware[0]
      Executing endpoint 'gRPC - /UnityILPP.PostProcessing/PostProcessAssembly'
info: Unity.ILPP.Runner.PostProcessingPipeline[0]
      Processing assembly Library/Bee/artifacts/1900b0aE.dag/Yanagisawa.DataLayoutCalibrator.Samples.ParticleIntegrate.Tests.Editor.dll, with 139 defines and 292 references
info: Unity.ILPP.Runner.PostProcessingPipeline[0]
      processors: Unity.Jobs.CodeGen.JobsILPostProcessor, zzzUnity.Burst.CodeGen.BurstILPostProcessor
info: Unity.ILPP.Runner.PostProcessingPipeline[0]
      Processing assembly Library/Bee/artifacts/1900b0aE.dag/Yanagisawa.DataLayoutCalibrator.Samples.AdditionalWorkloads.Tests.Editor.dll, with 139 defines and 292 references
info: Unity.ILPP.Runner.PostProcessingPipeline[0]
      processors: Unity.Jobs.CodeGen.JobsILPostProcessor, zzzUnity.Burst.CodeGen.BurstILPostProcessor
info: Unity.ILPP.Runner.PostProcessingPipeline[0]
      running Unity.Jobs.CodeGen.JobsILPostProcessor
info: Unity.ILPP.Runner.PostProcessingPipeline[0]
      running Unity.Jobs.CodeGen.JobsILPostProcessor
info: Unity.ILPP.Runner.PostProcessingPipeline[0]
      running zzzUnity.Burst.CodeGen.BurstILPostProcessor
info: Unity.ILPP.Runner.PostProcessingPipeline[0]
      running zzzUnity.Burst.CodeGen.BurstILPostProcessor
info: Microsoft.AspNetCore.Routing.EndpointMiddleware[1]
      Executed endpoint 'gRPC - /UnityILPP.PostProcessing/PostProcessAssembly'
info: Microsoft.AspNetCore.Hosting.Diagnostics[2]
      Request finished HTTP/2 POST http://ilpp/UnityILPP.PostProcessing/PostProcessAssembly - 200 - application/grpc 27.0877ms
info: Microsoft.AspNetCore.Routing.EndpointMiddleware[1]
      Executed endpoint 'gRPC - /UnityILPP.PostProcessing/PostProcessAssembly'
info: Microsoft.AspNetCore.Hosting.Diagnostics[2]
      Request finished HTTP/2 POST http://ilpp/UnityILPP.PostProcessing/PostProcessAssembly - 200 - application/grpc 34.6744ms
info: Microsoft.AspNetCore.Hosting.Diagnostics[1]
      Request starting HTTP/2 POST http://ilpp/UnityILPP.PostProcessing/PostProcessAssembly - application/grpc -
info: Microsoft.AspNetCore.Routing.EndpointMiddleware[0]
      Executing endpoint 'gRPC - /UnityILPP.PostProcessing/PostProcessAssembly'
info: Microsoft.AspNetCore.Hosting.Diagnostics[1]
      Request starting HTTP/2 POST http://ilpp/UnityILPP.PostProcessing/PostProcessAssembly - application/grpc -
info: Microsoft.AspNetCore.Routing.EndpointMiddleware[0]
      Executing endpoint 'gRPC - /UnityILPP.PostProcessing/PostProcessAssembly'
info: Unity.ILPP.Runner.PostProcessingPipeline[0]
      Processing assembly Library/Bee/artifacts/1900b0aE.dag/Yanagisawa.DataLayoutCalibrator.Samples.ExternalWorkloads.dll, with 141 defines and 285 references
info: Unity.ILPP.Runner.PostProcessingPipeline[0]
      processors: Unity.Jobs.CodeGen.JobsILPostProcessor, zzzUnity.Burst.CodeGen.BurstILPostProcessor
info: Unity.ILPP.Runner.PostProcessingPipeline[0]
      Processing assembly Library/Bee/artifacts/1900b0aE.dag/Unity.PerformanceTesting.Editor.dll, with 140 defines and 289 references
info: Unity.ILPP.Runner.PostProcessingPipeline[0]
      processors: Unity.Jobs.CodeGen.JobsILPostProcessor, zzzUnity.Burst.CodeGen.BurstILPostProcessor
info: Unity.ILPP.Runner.PostProcessingPipeline[0]
      running zzzUnity.Burst.CodeGen.BurstILPostProcessor
info: Unity.ILPP.Runner.PostProcessingPipeline[0]
      running Unity.Jobs.CodeGen.JobsILPostProcessor
info: Unity.ILPP.Runner.PostProcessingPipeline[0]
      running Unity.Jobs.CodeGen.JobsILPostProcessor
info: Unity.ILPP.Runner.PostProcessingPipeline[0]
      running zzzUnity.Burst.CodeGen.BurstILPostProcessor
info: Microsoft.AspNetCore.Routing.EndpointMiddleware[1]
      Executed endpoint 'gRPC - /UnityILPP.PostProcessing/PostProcessAssembly'
info: Microsoft.AspNetCore.Hosting.Diagnostics[2]
      Request finished HTTP/2 POST http://ilpp/UnityILPP.PostProcessing/PostProcessAssembly - 200 - application/grpc 20.7274ms
info: Microsoft.AspNetCore.Hosting.Diagnostics[1]
      Request starting HTTP/2 POST http://ilpp/UnityILPP.PostProcessing/PostProcessAssembly - application/grpc -
info: Microsoft.AspNetCore.Hosting.Diagnostics[1]
      Request starting HTTP/2 POST http://ilpp/UnityILPP.PostProcessing/PostProcessAssembly - application/grpc -
info: Microsoft.AspNetCore.Hosting.Diagnostics[1]
      Request starting HTTP/2 POST http://ilpp/UnityILPP.PostProcessing/PostProcessAssembly - application/grpc -
info: Microsoft.AspNetCore.Routing.EndpointMiddleware[0]
      Executing endpoint 'gRPC - /UnityILPP.PostProcessing/PostProcessAssembly'
info: Microsoft.AspNetCore.Routing.EndpointMiddleware[0]
      Executing endpoint 'gRPC - /UnityILPP.PostProcessing/PostProcessAssembly'
info: Microsoft.AspNetCore.Hosting.Diagnostics[1]
      Request starting HTTP/2 POST http://ilpp/UnityILPP.PostProcessing/PostProcessAssembly - application/grpc -
info: Microsoft.AspNetCore.Hosting.Diagnostics[1]
      Request starting HTTP/2 POST http://ilpp/UnityILPP.PostProcessing/PostProcessAssembly - application/grpc -
info: Microsoft.AspNetCore.Routing.EndpointMiddleware[0]
      Executing endpoint 'gRPC - /UnityILPP.PostProcessing/PostProcessAssembly'
info: Microsoft.AspNetCore.Routing.EndpointMiddleware[0]
      Executing endpoint 'gRPC - /UnityILPP.PostProcessing/PostProcessAssembly'
info: Unity.ILPP.Runner.PostProcessingPipeline[0]
      Processing assembly Library/Bee/artifacts/1900b0aE.dag/Yanagisawa.DataLayoutCalibrator.dll, with 141 defines and 135 references
info: Unity.ILPP.Runner.PostProcessingPipeline[0]
      processors: Unity.Jobs.CodeGen.JobsILPostProcessor, zzzUnity.Burst.CodeGen.BurstILPostProcessor
info: Unity.ILPP.Runner.PostProcessingPipeline[0]
      Processing assembly Library/Bee/artifacts/1900b0aE.dag/Unity.Collections.dll, with 143 defines and 284 references
info: Unity.ILPP.Runner.PostProcessingPipeline[0]
      Processing assembly Library/Bee/artifacts/1900b0aE.dag/Yanagisawa.DataLayoutCalibrator.Tests.Editor.dll, with 139 defines and 291 references
info: Unity.ILPP.Runner.PostProcessingPipeline[0]
      processors: Unity.Jobs.CodeGen.JobsILPostProcessor, zzzUnity.Burst.CodeGen.BurstILPostProcessor
info: Unity.ILPP.Runner.PostProcessingPipeline[0]
      processors: Unity.Jobs.CodeGen.JobsILPostProcessor, zzzUnity.Burst.CodeGen.BurstILPostProcessor
info: Unity.ILPP.Runner.PostProcessingPipeline[0]
      Processing assembly Library/Bee/artifacts/1900b0aE.dag/Unity.PerformanceTesting.dll, with 142 defines and 279 references
info: Unity.ILPP.Runner.PostProcessingPipeline[0]
      processors: Unity.Jobs.CodeGen.JobsILPostProcessor, zzzUnity.Burst.CodeGen.BurstILPostProcessor
info: Microsoft.AspNetCore.Routing.EndpointMiddleware[0]
      Executing endpoint 'gRPC - /UnityILPP.PostProcessing/PostProcessAssembly'
info: Microsoft.AspNetCore.Hosting.Diagnostics[1]
      Request starting HTTP/2 POST http://ilpp/UnityILPP.PostProcessing/PostProcessAssembly - application/grpc -
info: Microsoft.AspNetCore.Routing.EndpointMiddleware[0]
      Executing endpoint 'gRPC - /UnityILPP.PostProcessing/PostProcessAssembly'
info: Unity.ILPP.Runner.PostProcessingPipeline[0]
      Processing assembly Library/Bee/artifacts/1900b0aE.dag/Yanagisawa.DataLayoutCalibrator.Benchmark.Editor.dll, with 139 defines and 295 references
info: Unity.ILPP.Runner.PostProcessingPipeline[0]
      Processing assembly Library/Bee/artifacts/1900b0aE.dag/Unity.Mathematics.dll, with 141 defines and 282 references
info: Unity.ILPP.Runner.PostProcessingPipeline[0]
      processors: Unity.Jobs.CodeGen.JobsILPostProcessor, zzzUnity.Burst.CodeGen.BurstILPostProcessor
info: Unity.ILPP.Runner.PostProcessingPipeline[0]
      processors: Unity.Jobs.CodeGen.JobsILPostProcessor, zzzUnity.Burst.CodeGen.BurstILPostProcessor
info: Unity.ILPP.Runner.PostProcessingPipeline[0]
      running Unity.Jobs.CodeGen.JobsILPostProcessor
info: Unity.ILPP.Runner.PostProcessingPipeline[0]
      running Unity.Jobs.CodeGen.JobsILPostProcessor
info: Unity.ILPP.Runner.PostProcessingPipeline[0]
      running Unity.Jobs.CodeGen.JobsILPostProcessor
info: Unity.ILPP.Runner.PostProcessingPipeline[0]
      running zzzUnity.Burst.CodeGen.BurstILPostProcessor
info: Unity.ILPP.Runner.PostProcessingPipeline[0]
      running zzzUnity.Burst.CodeGen.BurstILPostProcessor
info: Unity.ILPP.Runner.PostProcessingPipeline[0]
      running Unity.Jobs.CodeGen.JobsILPostProcessor
info: Microsoft.AspNetCore.Routing.EndpointMiddleware[1]
      Executed endpoint 'gRPC - /UnityILPP.PostProcessing/PostProcessAssembly'
info: Microsoft.AspNetCore.Hosting.Diagnostics[2]
      Request finished HTTP/2 POST http://ilpp/UnityILPP.PostProcessing/PostProcessAssembly - 200 - application/grpc 9.1907ms
info: Unity.ILPP.Runner.PostProcessingPipeline[0]
      running Unity.Jobs.CodeGen.JobsILPostProcessor
info: Unity.ILPP.Runner.PostProcessingPipeline[0]
      running zzzUnity.Burst.CodeGen.BurstILPostProcessor
info: Microsoft.AspNetCore.Routing.EndpointMiddleware[1]
      Executed endpoint 'gRPC - /UnityILPP.PostProcessing/PostProcessAssembly'
info: Microsoft.AspNetCore.Hosting.Diagnostics[2]
      Request finished HTTP/2 POST http://ilpp/UnityILPP.PostProcessing/PostProcessAssembly - 200 - application/grpc 11.2026ms
info: Unity.ILPP.Runner.PostProcessingPipeline[0]
      running zzzUnity.Burst.CodeGen.BurstILPostProcessor
info: Unity.ILPP.Runner.PostProcessingPipeline[0]
      running Unity.Jobs.CodeGen.JobsILPostProcessor
info: Unity.ILPP.Runner.PostProcessingPipeline[0]
      running zzzUnity.Burst.CodeGen.BurstILPostProcessor
info: Unity.ILPP.Runner.PostProcessingPipeline[0]
      running zzzUnity.Burst.CodeGen.BurstILPostProcessor
info: Microsoft.AspNetCore.Hosting.Diagnostics[1]
      Request starting HTTP/2 POST http://ilpp/UnityILPP.PostProcessing/PostProcessAssembly - application/grpc -
info: Microsoft.AspNetCore.Routing.EndpointMiddleware[0]
      Executing endpoint 'gRPC - /UnityILPP.PostProcessing/PostProcessAssembly'
info: Unity.ILPP.Runner.PostProcessingPipeline[0]
      Processing assembly Library/Bee/artifacts/1900b0aE.dag/Unity.Multiplayer.Center.Common.dll, with 141 defines and 282 references
info: Unity.ILPP.Runner.PostProcessingPipeline[0]
      processors: Unity.Jobs.CodeGen.JobsILPostProcessor, zzzUnity.Burst.CodeGen.BurstILPostProcessor
info: Microsoft.AspNetCore.Routing.EndpointMiddleware[1]
      Executed endpoint 'gRPC - /UnityILPP.PostProcessing/PostProcessAssembly'
info: Microsoft.AspNetCore.Hosting.Diagnostics[2]
      Request finished HTTP/2 POST http://ilpp/UnityILPP.PostProcessing/PostProcessAssembly - 200 - application/grpc 37.1177ms
info: Unity.ILPP.Runner.PostProcessingPipeline[0]
      running Unity.Jobs.CodeGen.JobsILPostProcessor
info: Unity.ILPP.Runner.PostProcessingPipeline[0]
      running zzzUnity.Burst.CodeGen.BurstILPostProcessor
info: Microsoft.AspNetCore.Routing.EndpointMiddleware[1]
      Executed endpoint 'gRPC - /UnityILPP.PostProcessing/PostProcessAssembly'
info: Microsoft.AspNetCore.Hosting.Diagnostics[2]
      Request finished HTTP/2 POST http://ilpp/UnityILPP.PostProcessing/PostProcessAssembly - 200 - application/grpc 37.5567ms
info: Microsoft.AspNetCore.Routing.EndpointMiddleware[1]
      Executed endpoint 'gRPC - /UnityILPP.PostProcessing/PostProcessAssembly'
info: Microsoft.AspNetCore.Hosting.Diagnostics[2]
      Request finished HTTP/2 POST http://ilpp/UnityILPP.PostProcessing/PostProcessAssembly - 200 - application/grpc 123.6544ms
info: Microsoft.AspNetCore.Routing.EndpointMiddleware[1]
      Executed endpoint 'gRPC - /UnityILPP.PostProcessing/PostProcessAssembly'
info: Microsoft.AspNetCore.Hosting.Diagnostics[2]
      Request finished HTTP/2 POST http://ilpp/UnityILPP.PostProcessing/PostProcessAssembly - 200 - application/grpc 6.4498ms
info: Microsoft.AspNetCore.Routing.EndpointMiddleware[1]
      Executed endpoint 'gRPC - /UnityILPP.PostProcessing/PostProcessAssembly'
info: Microsoft.AspNetCore.Hosting.Diagnostics[2]
      Request finished HTTP/2 POST http://ilpp/UnityILPP.PostProcessing/PostProcessAssembly - 200 - application/grpc 41.6320ms
info: Microsoft.AspNetCore.Routing.EndpointMiddleware[1]
      Executed endpoint 'gRPC - /UnityILPP.PostProcessing/PostProcessAssembly'
info: Microsoft.AspNetCore.Hosting.Diagnostics[2]
      Request finished HTTP/2 POST http://ilpp/UnityILPP.PostProcessing/PostProcessAssembly - 200 - application/grpc 71.4067ms
info: Unity.ILPP.Runner.PostProcessingPipeline[0]
      running zzzUnity.Burst.CodeGen.BurstILPostProcessor
info: Microsoft.AspNetCore.Routing.EndpointMiddleware[1]
      Executed endpoint 'gRPC - /UnityILPP.PostProcessing/PostProcessAssembly'
info: Microsoft.AspNetCore.Hosting.Diagnostics[2]
      Request finished HTTP/2 POST http://ilpp/UnityILPP.PostProcessing/PostProcessAssembly - 200 - application/grpc 469.9102ms
info: Microsoft.AspNetCore.Routing.EndpointMiddleware[1]
      Executed endpoint 'gRPC - /UnityILPP.PostProcessing/PostProcessAssembly'
info: Microsoft.AspNetCore.Hosting.Diagnostics[2]
      Request finished HTTP/2 POST http://ilpp/UnityILPP.PostProcessing/PostProcessAssembly - 200 - application/grpc 297.9612ms
info: Microsoft.AspNetCore.Hosting.Diagnostics[1]
      Request starting HTTP/2 POST http://ilpp/UnityILPP.PostProcessing/PostProcessAssembly - application/grpc -
info: Microsoft.AspNetCore.Routing.EndpointMiddleware[0]
      Executing endpoint 'gRPC - /UnityILPP.PostProcessing/PostProcessAssembly'
info: Unity.ILPP.Runner.PostProcessingPipeline[0]
      Processing assembly Library/Bee/artifacts/1900b0aE.dag/Unity.Burst.Editor.dll, with 139 defines and 292 references
info: Unity.ILPP.Runner.PostProcessingPipeline[0]
      processors: Unity.Jobs.CodeGen.JobsILPostProcessor, zzzUnity.Burst.CodeGen.BurstILPostProcessor
info: Unity.ILPP.Runner.PostProcessingPipeline[0]
      running Unity.Jobs.CodeGen.JobsILPostProcessor
info: Unity.ILPP.Runner.PostProcessingPipeline[0]
      running zzzUnity.Burst.CodeGen.BurstILPostProcessor
info: Microsoft.AspNetCore.Routing.EndpointMiddleware[1]
      Executed endpoint 'gRPC - /UnityILPP.PostProcessing/PostProcessAssembly'
info: Microsoft.AspNetCore.Hosting.Diagnostics[2]
      Request finished HTTP/2 POST http://ilpp/UnityILPP.PostProcessing/PostProcessAssembly - 200 - application/grpc 27.6292ms
ExitCode: 0 Duration: 8s600ms
Finished compiling graph: 402 nodes, 5064 flattened edges (4564 ToBuild, 48 ToUse), maximum node priority 184
[           0s] Delete 151 artifact files that are no longer in use. (like Library\Bee\artifacts\mvdfrm\UnityEngine.dll_4EAC6AA2A1F52B5C.mvfrm)
[  5/399    0s] MovedFromExtractor Library/Bee/artifacts/mvdfrm/UnityEngine.ShaderVariantAnalyticsModule.dll_A4F01B934C2BF3B5.mvfrm
[  6/399    0s] MovedFromExtractor Library/Bee/artifacts/mvdfrm/UnityEngine.SharedInternalsModule.dll_9B666C6FBAD557B6.mvfrm
[  7/399    0s] MovedFromExtractor Library/Bee/artifacts/mvdfrm/UnityEngine.StreamingModule.dll_53B751AEC1DEADF7.mvfrm
[  8/399    0s] MovedFromExtractor Library/Bee/artifacts/mvdfrm/UnityEngine.RuntimeInitializeOnLoadManagerInitializerModule.dll_AB44FCDBCC82FB17.mvfrm
[  9/399    0s] MovedFromExtractor Library/Bee/artifacts/mvdfrm/UnityEngine.TextRenderingModule.dll_E695A587C04F11B4.mvfrm
[ 10/399    0s] MovedFromExtractor Library/Bee/artifacts/mvdfrm/UnityEngine.TerrainPhysicsModule.dll_AC6425BACAC7E4E1.mvfrm
[ 11/399    0s] MovedFromExtractor Library/Bee/artifacts/mvdfrm/UnityEngine.SpriteMaskModule.dll_C42FA52B23157AE0.mvfrm
[ 12/399    0s] MovedFromExtractor Library/Bee/artifacts/mvdfrm/UnityEngine.TLSModule.dll_9CF21E64C17B6170.mvfrm
[ 13/399    0s] MovedFromExtractor Library/Bee/artifacts/mvdfrm/UnityEngine.ScriptingModule.dll_B643BD24F1DEA56C.mvfrm
[ 14/399    0s] MovedFromExtractor Library/Bee/artifacts/mvdfrm/UnityEngine.ScreenCaptureModule.dll_BD56337D091791BF.mvfrm
[ 15/399    0s] MovedFromExtractor Library/Bee/artifacts/mvdfrm/UnityEngine.TextCoreFontEngineModule.dll_D26C0DCB4FC1782C.mvfrm
[ 16/399    0s] MovedFromExtractor Library/Bee/artifacts/mvdfrm/UnityEngine.SubsystemsModule.dll_2EDD0B8CF15D62F3.mvfrm
[ 17/399    0s] MovedFromExtractor Library/Bee/artifacts/mvdfrm/UnityEngine.TerrainModule.dll_11D8B409EF98A08A.mvfrm
[ 18/399    0s] MovedFromExtractor Library/Bee/artifacts/mvdfrm/UnityEngine.RenderAs2DModule.dll_4976345F53EB93D9.mvfrm
[ 19/399    0s] MovedFromExtractor Library/Bee/artifacts/mvdfrm/UnityEngine.SubstanceModule.dll_306265F80D31AC05.mvfrm
[ 20/399    0s] MovedFromExtractor Library/Bee/artifacts/mvdfrm/UnityEngine.TilemapModule.dll_B0D51B8B07558193.mvfrm
[ 21/399    0s] MovedFromExtractor Library/Bee/artifacts/mvdfrm/UnityEngine.SpriteShapeModule.dll_0BA6071D47AB4711.mvfrm
[ 22/399    0s] MovedFromExtractor Library/Bee/artifacts/mvdfrm/UnityEngine.PropertiesModule.dll_083E71D9749149A2.mvfrm
[ 23/399    0s] MovedFromExtractor Library/Bee/artifacts/mvdfrm/UnityEngine.U2DRuntimeModule.dll_FFB95C53C1B8D900.mvfrm
[ 24/399    0s] MovedFromExtractor Library/Bee/artifacts/mvdfrm/UnityEngine.TextCoreTextEngineModule.dll_1A54443CDF45314A.mvfrm
[ 25/399    0s] MovedFromExtractor Library/Bee/artifacts/mvdfrm/UnityEngine.PerformanceReportingModule.dll_E5B9AB28C6D87D2D.mvfrm
[ 26/399    0s] MovedFromExtractor Library/Bee/artifacts/mvdfrm/UnityEngine.PhysicsBackendPhysXModule.dll_5F05269CAF9AC37E.mvfrm
[ 27/399    0s] MovedFromExtractor Library/Bee/artifacts/mvdfrm/UnityEngine.PhysicsModule.dll_F792389B19DA579C.mvfrm
[ 28/399    0s] MovedFromExtractor Library/Bee/artifacts/mvdfrm/UnityEngine.MultiplayerModule.dll_71ECF64F4AD09C7F.mvfrm
[ 29/399    0s] MovedFromExtractor Library/Bee/artifacts/mvdfrm/UnityEngine.Physics2DModule.dll_EBC8544F1353EE4E.mvfrm
[ 30/399    0s] MovedFromExtractor Library/Bee/artifacts/mvdfrm/UnityEngine.ParticleSystemModule.dll_ABE97CE7B184EA54.mvfrm
[ 31/399    0s] MovedFromExtractor Library/Bee/artifacts/mvdfrm/UnityEngine.JSONSerializeModule.dll_A36E85F7F4AB655D.mvfrm
[ 32/399    0s] MovedFromExtractor Library/Bee/artifacts/mvdfrm/UnityEngine.MarshallingModule.dll_9AAD785776313C59.mvfrm
[ 33/399    0s] MovedFromExtractor Library/Bee/artifacts/mvdfrm/UnityEngine.MathematicsModule.dll_1759879C0681063B.mvfrm
[ 34/399    0s] MovedFromExtractor Library/Bee/artifacts/mvdfrm/UnityEngine.InsightsModule.dll_696FE2B9A93EC38A.mvfrm
[ 35/399    0s] MovedFromExtractor Library/Bee/artifacts/mvdfrm/UnityEngine.InputLegacyModule.dll_8389F4E129FAC4F8.mvfrm
[ 36/399    0s] MovedFromExtractor Library/Bee/artifacts/mvdfrm/UnityEngine.LocalizationModule.dll_62D19A74AF66A538.mvfrm
[ 37/399    0s] MovedFromExtractor Library/Bee/artifacts/mvdfrm/UnityEngine.InputModule.dll_82E3B04C37BAA60F.mvfrm
[ 38/399    0s] MovedFromExtractor Library/Bee/artifacts/mvdfrm/UnityEngine.InputForUIModule.dll_DDB58CB461C68222.mvfrm
[ 39/399    0s] MovedFromExtractor Library/Bee/artifacts/mvdfrm/UnityEngine.PhysicsCore2DModule.dll_311AD4675414F9BD.mvfrm
[ 40/399    0s] MovedFromExtractor Library/Bee/artifacts/mvdfrm/UnityEngine.IdentifiersModule.dll_CACE61B85481DD1F.mvfrm
[ 41/399    0s] MovedFromExtractor Library/Bee/artifacts/mvdfrm/UnityEngine.ImageConversionModule.dll_17552D9A43A75C66.mvfrm
[ 42/399    0s] MovedFromExtractor Library/Bee/artifacts/mvdfrm/UnityEngine.IMGUIModule.dll_54CD880287B4154C.mvfrm
[ 43/399    0s] MovedFromExtractor Library/Bee/artifacts/mvdfrm/UnityEngine.HotReloadModule.dll_206B22644D8A123B.mvfrm
[ 44/399    0s] MovedFromExtractor Library/Bee/artifacts/mvdfrm/UnityEngine.HierarchyCoreModule.dll_BA719996641D5DC9.mvfrm
[ 45/399    0s] MovedFromExtractor Library/Bee/artifacts/mvdfrm/UnityEngine.GridModule.dll_BC2C46AE4B3B9065.mvfrm
[ 46/399    0s] MovedFromExtractor Library/Bee/artifacts/mvdfrm/UnityEngine.GraphicsStateCollectionSerializerModule.dll_A895650F8687B6BB.mvfrm
[ 47/399    0s] MovedFromExtractor Library/Bee/artifacts/mvdfrm/UnityEngine.DirectorModule.dll_CFA91A291EC1740B.mvfrm
[ 48/399    0s] MovedFromExtractor Library/Bee/artifacts/mvdfrm/UnityEngine.GameCenterModule.dll_DB03329B01A5E566.mvfrm
[ 49/399    0s] MovedFromExtractor Library/Bee/artifacts/mvdfrm/UnityEngine.GIModule.dll_69D05E7601CA7B51.mvfrm
[ 50/399    0s] MovedFromExtractor Library/Bee/artifacts/mvdfrm/UnityEngine.ClusterInputModule.dll_2484D02217EAB23F.mvfrm
[ 51/399    0s] MovedFromExtractor Library/Bee/artifacts/mvdfrm/UnityEngine.ClothModule.dll_835645969B9F604F.mvfrm
[ 52/399    0s] MovedFromExtractor Library/Bee/artifacts/mvdfrm/UnityEngine.ContentLoadModule.dll_8B5B3303608BB6F4.mvfrm
[ 53/399    0s] MovedFromExtractor Library/Bee/artifacts/mvdfrm/UnityEngine.AudioModule.dll_1C6DE89BC182816B.mvfrm
[ 54/399    0s] MovedFromExtractor Library/Bee/artifacts/mvdfrm/UnityEngine.CoreModule.dll_DEBB2AC032E6FA6E.mvfrm
[ 55/399    0s] MovedFromExtractor Library/Bee/artifacts/mvdfrm/UnityEngine.AnimationModule.dll_9F22645E7256F6B9.mvfrm
[ 56/399    0s] MovedFromExtractor Library/Bee/artifacts/mvdfrm/UnityEngine.CrashReportingModule.dll_58D7339B43735EC6.mvfrm
[ 57/399    0s] MovedFromExtractor Library/Bee/artifacts/mvdfrm/UnityEngine.DSPGraphModule.dll_D4FA7B929122452C.mvfrm
[ 58/399    0s] MovedFromExtractor Library/Bee/artifacts/mvdfrm/UnityEngine.ClusterRendererModule.dll_AB632FE9C182A472.mvfrm
[ 59/399    0s] MovedFromExtractor Library/Bee/artifacts/mvdfrm/UnityEngine.AssetBundleModule.dll_F244D9C292090F07.mvfrm
[ 60/399    0s] MovedFromExtractor Library/Bee/artifacts/mvdfrm/UnityEngine.AccessibilityModule.dll_4356FCBBF57004D3.mvfrm
[ 61/399    0s] MovedFromExtractor Library/Bee/artifacts/mvdfrm/UnityEngine.AndroidJNIModule.dll_B0B5E8803B64F475.mvfrm
[ 62/399    0s] MovedFromExtractor Library/Bee/artifacts/mvdfrm/UnityEngine.AdaptivePerformanceModule.dll_84F13F0FCCDE80BF.mvfrm
[ 63/399    0s] MovedFromExtractor Library/Bee/artifacts/mvdfrm/UnityEngine.ARModule.dll_8B06DA6BC338F200.mvfrm
[ 64/399    0s] MovedFromExtractor Library/Bee/artifacts/mvdfrm/UnityEngine.AIModule.dll_D1941568661B9337.mvfrm
[ 65/399    0s] MovedFromExtractor Library/Bee/artifacts/mvdfrm/UnityEditor.VFXModule.dll_11AF14802838BCD8.mvfrm
[ 66/399    0s] MovedFromExtractor Library/Bee/artifacts/mvdfrm/UnityEditor.dll_9489414FCF71D6E2.mvfrm
[ 67/399    0s] MovedFromExtractor Library/Bee/artifacts/mvdfrm/UnityEditor.VectorGraphicsModule.dll_880C5181279ECC92.mvfrm
[ 68/399    0s] MovedFromExtractor Library/Bee/artifacts/mvdfrm/UnityEditor.XRModule.dll_142A0B9081DA37EE.mvfrm
[ 69/399    0s] MovedFromExtractor Library/Bee/artifacts/mvdfrm/UnityEditor.VideoModule.dll_7B4AB0A252976C6B.mvfrm
[ 70/399    0s] MovedFromExtractor Library/Bee/artifacts/mvdfrm/UnityEditor.UnityConnectModule.dll_A4E85B0C6662DF79.mvfrm
[ 71/399    0s] MovedFromExtractor Library/Bee/artifacts/mvdfrm/UnityEditor.UmbraModule.dll_D115D8501D2BFC39.mvfrm
[ 72/399    0s] MovedFromExtractor Library/Bee/artifacts/mvdfrm/UnityEditor.UIElementsModule.dll_326CFFACF245859F.mvfrm
[ 73/399    0s] MovedFromExtractor Library/Bee/artifacts/mvdfrm/UnityEditor.TreeModule.dll_19464C7C12A72482.mvfrm
[ 74/399    0s] MovedFromExtractor Library/Bee/artifacts/mvdfrm/UnityEditor.UIElementsSamplesModule.dll_B159346537D1FABE.mvfrm
[ 75/399    0s] MovedFromExtractor Library/Bee/artifacts/mvdfrm/UnityEditor.UIToolkitAuthoringModule.dll_876327055B4A3D21.mvfrm
[ 76/399    0s] MovedFromExtractor Library/Bee/artifacts/mvdfrm/UnityEditor.TilemapModule.dll_BE5A62E0A2469A4E.mvfrm
[ 77/399    0s] MovedFromExtractor Library/Bee/artifacts/mvdfrm/UnityEditor.UIAutomationModule.dll_5A4F3C86DDF2C31F.mvfrm
[ 78/399    0s] MovedFromExtractor Library/Bee/artifacts/mvdfrm/UnityEditor.U2DModule.dll_3D87BF635DD51D37.mvfrm
[ 79/399    0s] MovedFromExtractor Library/Bee/artifacts/mvdfrm/UnityEditor.UIBuilderModule.dll_252595520AB29B47.mvfrm
[ 80/399    0s] MovedFromExtractor Library/Bee/artifacts/mvdfrm/UnityEditor.TextRenderingModule.dll_5A54B36047568E8F.mvfrm
[ 81/399    0s] MovedFromExtractor Library/Bee/artifacts/mvdfrm/UnityEditor.TextCoreTextEngineModule.dll_9BF4C8E9CC47727F.mvfrm
[ 82/399    0s] MovedFromExtractor Library/Bee/artifacts/mvdfrm/UnityEditor.TextCoreFontEngineModule.dll_540C92783CC3B961.mvfrm
[ 83/399    0s] MovedFromExtractor Library/Bee/artifacts/mvdfrm/UnityEditor.SubstanceModule.dll_7A7C750F27B1FA20.mvfrm
[ 84/399    0s] MovedFromExtractor Library/Bee/artifacts/mvdfrm/UnityEditor.TerrainModule.dll_1F5DFB5F8A89B945.mvfrm
[ 85/399    0s] MovedFromExtractor Library/Bee/artifacts/mvdfrm/UnityEditor.ShaderCompilationModule.dll_BD2796DD1AD5EF8E.mvfrm
[ 86/399    0s] MovedFromExtractor Library/Bee/artifacts/mvdfrm/UnityEditor.SketchUpModule.dll_BCA73CF8E628389B.mvfrm
[ 87/399    0s] MovedFromExtractor Library/Bee/artifacts/mvdfrm/UnityEditor.SpriteShapeModule.dll_05E0378E3571368C.mvfrm
[ 88/399    0s] MovedFromExtractor Library/Bee/artifacts/mvdfrm/UnityEditor.SpriteMaskModule.dll_C38137E320D16195.mvfrm
[ 89/399    0s] MovedFromExtractor Library/Bee/artifacts/mvdfrm/UnityEditor.ShaderBuildSettingsModule.dll_CC87F10264985EFC.mvfrm
[ 90/399    0s] MovedFromExtractor Library/Bee/artifacts/mvdfrm/UnityEditor.SceneViewModule.dll_0F4CCB3D8D1CEF21.mvfrm
[ 91/399    0s] MovedFromExtractor Library/Bee/artifacts/mvdfrm/UnityEditor.ShaderFoundryModule.dll_4F91616817A959C4.mvfrm
[ 92/399    0s] MovedFromExtractor Library/Bee/artifacts/mvdfrm/UnityEditor.SafeModeModule.dll_D49257A89AF69C84.mvfrm
[ 93/399    0s] MovedFromExtractor Library/Bee/artifacts/mvdfrm/UnityEditor.PropertiesModule.dll_07900491724D3057.mvfrm
[ 94/399    0s] MovedFromExtractor Library/Bee/artifacts/mvdfrm/UnityEditor.PresetsUIModule.dll_8C0321179A527A18.mvfrm
[ 95/399    0s] MovedFromExtractor Library/Bee/artifacts/mvdfrm/UnityEditor.PlayModeModule.dll_1A86496239BFABEB.mvfrm
[ 96/399    0s] MovedFromExtractor Library/Bee/artifacts/mvdfrm/UnityEditor.PhysicsCore2DModule.dll_A4D9E23FDB1C7698.mvfrm
[ 97/399    0s] MovedFromExtractor Library/Bee/artifacts/mvdfrm/UnityEditor.SceneTemplateModule.dll_10B19124F4F9DD36.mvfrm
[ 98/399    0s] MovedFromExtractor Library/Bee/artifacts/mvdfrm/UnityEditor.ProjectAuditorModule.dll_3B79C5B1EA311BA9.mvfrm
[ 99/399    0s] MovedFromExtractor Library/Bee/artifacts/mvdfrm/UnityEditor.PhysicsModule.dll_05177FF0B4CB7057.mvfrm
[100/399    0s] MovedFromExtractor Library/Bee/artifacts/mvdfrm/UnityEditor.QuickSearchModule.dll_AE5BA6D12FA25A15.mvfrm
[101/399    0s] MovedFromExtractor Library/Bee/artifacts/mvdfrm/UnityEditor.MultiplayerModule.dll_6C2726C038968BFA.mvfrm
[102/399    0s] MovedFromExtractor Library/Bee/artifacts/mvdfrm/UnityEditor.MathematicsModule.dll_1193B80CF446F5B6.mvfrm
[103/399    0s] MovedFromExtractor Library/Bee/artifacts/mvdfrm/UnityEditor.Physics2DModule.dll_35E263662DD43C69.mvfrm
[104/399    0s] MovedFromExtractor Library/Bee/artifacts/mvdfrm/UnityEditor.MediaModule.dll_220145C90E51D954.mvfrm
[105/399    0s] MovedFromExtractor Library/Bee/artifacts/mvdfrm/UnityEditor.GridModule.dll_990B735BA336253A.mvfrm
[106/399    0s] MovedFromExtractor Library/Bee/artifacts/mvdfrm/UnityEditor.LightingModule.dll_CE99CF24EDE265B0.mvfrm
[107/399    0s] MovedFromExtractor Library/Bee/artifacts/mvdfrm/UnityEditor.HierarchyModule.dll_BE10EF1155D960D5.mvfrm
[108/399    0s] MovedFromExtractor Library/Bee/artifacts/mvdfrm/UnityEditor.GraphicsStateCollectionSerializerModule.dll_9FA1981FB9886D56.mvfrm
[109/399    0s] MovedFromExtractor Library/Bee/artifacts/mvdfrm/UnityEngine.UnityWebRequestWWWModule.dll_E5168998CF04EDB6.mvfrm
[110/399    0s] MovedFromExtractor Library/Bee/artifacts/mvdfrm/UnityEditor.GraphViewModule.dll_D09CE83597FA2213.mvfrm
[111/399    0s] MovedFromExtractor Library/Bee/artifacts/mvdfrm/UnityEditor.GridAndSnapModule.dll_2D050C455A301AAB.mvfrm
[112/399    0s] MovedFromExtractor Library/Bee/artifacts/mvdfrm/UnityEditor.GraphToolkitModule.dll_C58B3241322E28E4.mvfrm
[113/399    0s] MovedFromExtractor Library/Bee/artifacts/mvdfrm/UnityEditor.GenericRemoteModule.dll_4D17606FDE1BAAAD.mvfrm
[114/399    0s] MovedFromExtractor Library/Bee/artifacts/mvdfrm/UnityEditor.GIModule.dll_2B61CCE6964D4786.mvfrm
[115/399    0s] MovedFromExtractor Library/Bee/artifacts/mvdfrm/UnityEditor.DiagnosticsModule.dll_234C25C3D6CB5DBC.mvfrm
[116/399    0s] MovedFromExtractor Library/Bee/artifacts/mvdfrm/UnityEditor.EmbreeModule.dll_C7E376CB1D0ECDEC.mvfrm
[117/399    0s] MovedFromExtractor Library/Bee/artifacts/mvdfrm/UnityEditor.CoreBusinessMetricsModule.dll_444CA3D3B7E05CB4.mvfrm
[118/399    0s] MovedFromExtractor Library/Bee/artifacts/mvdfrm/UnityEditor.DeviceSimulatorModule.dll_A5B66D7851C796EE.mvfrm
[119/399    0s] MovedFromExtractor Library/Bee/artifacts/mvdfrm/UnityEditor.ContentLoadModule.dll_859563744E51A66F.mvfrm
[120/399    0s] MovedFromExtractor Library/Bee/artifacts/mvdfrm/UnityEditor.EditorToolbarModule.dll_ED122066F60D32FE.mvfrm
[121/399    0s] MovedFromExtractor Library/Bee/artifacts/mvdfrm/UnityEditor.CoreModule.dll_BB9A576D8AE18F43.mvfrm
[122/399    0s] MovedFromExtractor Library/Bee/artifacts/mvdfrm/UnityEditor.BuildProfileModule.dll_A9AE4D96417EFA5F.mvfrm
[123/399    0s] MovedFromExtractor Library/Bee/artifacts/mvdfrm/UnityEditor.AssetComplianceModule.dll_DE917D66CC837B1B.mvfrm
[124/399    0s] MovedFromExtractor Library/Bee/artifacts/mvdfrm/UnityEditor.ClothModule.dll_BD2989326A222FAA.mvfrm
[125/399    0s] MovedFromExtractor Library/Bee/artifacts/mvdfrm/UnityEditor.AIModule.dll_932583D8FA9E5F6C.mvfrm
[126/399    0s] MovedFromExtractor Library/Bee/artifacts/mvdfrm/Unity.Scripting.dll_D91AFE2702F9850E.mvfrm
[127/399    0s] MovedFromExtractor Library/Bee/artifacts/mvdfrm/UnityEngine.WindModule.dll_550A05E8C41D78D7.mvfrm
[128/399    0s] MovedFromExtractor Library/Bee/artifacts/mvdfrm/UnityEngine.dll_C72D88282DE563C7.mvfrm
[129/399    0s] MovedFromExtractor Library/Bee/artifacts/mvdfrm/UnityEditor.AccessibilityModule.dll_B7160A947C7781AE.mvfrm
[130/399    0s] MovedFromExtractor Library/Bee/artifacts/mvdfrm/UnityEditor.AdaptivePerformanceModule.dll_C461AA5991992DBA.mvfrm
[131/399    0s] MovedFromExtractor Library/Bee/artifacts/mvdfrm/UnityEngine.XRModule.dll_52989D1FED576BB9.mvfrm
[132/399    0s] MovedFromExtractor Library/Bee/artifacts/mvdfrm/UnityEngine.VirtualTexturingModule.dll_8B16C115C6B0E78C.mvfrm
[133/399    0s] MovedFromExtractor Library/Bee/artifacts/mvdfrm/UnityEngine.VFXModule.dll_1DD0B6D397E8CADD.mvfrm
[134/399    0s] MovedFromExtractor Library/Bee/artifacts/mvdfrm/UnityEngine.VideoModule.dll_41776D0684149D10.mvfrm
[135/399    0s] WriteText Library/Bee/artifacts/1900b0aE.dag/Unity.Burst.dll.mvfrm.rsp
[136/399    0s] WriteText Library/Bee/artifacts/1900b0aE.dag/Unity.Mathematics.dll.mvfrm.rsp
[137/399    0s] WriteText Library/Bee/artifacts/1900b0aE.dag/Unity.Burst.rsp
[138/399    0s] WriteText Library/Bee/artifacts/1900b0aE.dag/Unity.Mathematics.rsp
[143/399    0s] WriteText Library/Bee/artifacts/1900b0aE.dag/Unity.Collections.dll.mvfrm.rsp
[144/399    0s] WriteText Library/Bee/artifacts/1900b0aE.dag/Unity.Collections.rsp
[145/399    0s] WriteText Library/Bee/artifacts/1900b0aE.dag/UnityEngine.TestRunner.dll.mvfrm.rsp
[146/399    0s] MovedFromExtractor Library/Bee/artifacts/mvdfrm/UnityEngine.VehiclesModule.dll_476C13A898EB43A6.mvfrm
[151/399    0s] WriteText Library/Bee/artifacts/1900b0aE.dag/UnityEngine.TestRunner.rsp
[152/399    0s] MovedFromExtractor Library/Bee/artifacts/mvdfrm/UnityEngine.VectorGraphicsModule.dll_4330B31C438B609D.mvfrm
[153/399    0s] MovedFromExtractor Library/Bee/artifacts/mvdfrm/UnityEngine.UnityWebRequestAudioModule.dll_5DB5FF074D4347C5.mvfrm
[158/399    0s] MovedFromExtractor Library/Bee/artifacts/mvdfrm/UnityEngine.UnityWebRequestTextureModule.dll_E435FDE2A05FB83A.mvfrm
[159/399    0s] MovedFromExtractor Library/Bee/artifacts/mvdfrm/UnityEditor.QuickInstallModule.dll_888D9BD583056892.mvfrm
[160/399    0s] MovedFromExtractor Library/Bee/artifacts/mvdfrm/UnityEngine.UnityWebRequestModule.dll_28F435444E9BF6E5.mvfrm
[161/399    0s] MovedFromExtractor Library/Bee/artifacts/mvdfrm/UnityEngine.UnityWebRequestAssetBundleModule.dll_27593089C8931B21.mvfrm
[162/399    0s] MovedFromExtractor Library/Bee/artifacts/mvdfrm/UnityEngine.UnityConnectModule.dll_9247DF1B60EAE024.mvfrm
[163/399    0s] WriteText Library/Bee/artifacts/1900b0aE.dag/Unity.Burst.CodeGen.dll.mvfrm.rsp
[164/399    0s] WriteText Library/Bee/artifacts/1900b0aE.dag/Unity.Collections.CodeGen.dll.mvfrm.rsp
[165/399    0s] WriteText Library/Bee/artifacts/1900b0aE.dag/Unity.Burst.CodeGen.rsp
[166/399    0s] WriteText Library/Bee/artifacts/1900b0aE.dag/Unity.Collections.CodeGen.rsp
[167/399    0s] MovedFromExtractor Library/Bee/artifacts/mvdfrm/UnityEngine.UnityCurlModule.dll_D23F058FE26AE8A6.mvfrm
[168/399    0s] MovedFromExtractor Library/Bee/artifacts/mvdfrm/UnityEngine.UnityConsentModule.dll_63ED76476DF57674.mvfrm
[170/399    0s] WriteText Library/Bee/artifacts/1900b0aE.dag/UnityEditor.TestRunner.dll.mvfrm.rsp
[171/399    0s] WriteText Library/Bee/artifacts/1900b0aE.dag/UnityEditor.TestRunner.rsp
[175/399    0s] WriteText Library/Bee/artifacts/1900b0aE.dag/Yanagisawa.DataLayoutCalibrator.rsp
[181/399    0s] WriteResponseFile Library/Bee/artifacts/rsp/4747638433968585886.rsp
[184/399    0s] WriteText Library/Bee/artifacts/1900b0aE.dag/Yanagisawa.DataLayoutCalibrator.Samples.ParticleIntegrate.dll.mvfrm.rsp
[187/399    0s] WriteText Library/Bee/artifacts/1900b0aE.dag/Yanagisawa.DataLayoutCalibrator.Samples.AdditionalWorkloads.dll.mvfrm.rsp
[188/399    0s] WriteText Library/Bee/artifacts/1900b0aE.dag/Yanagisawa.DataLayoutCalibrator.Samples.TransformExport.dll.mvfrm.rsp
[189/399    0s] WriteText Library/Bee/artifacts/1900b0aE.dag/Unity.Multiplayer.Center.Common.dll.mvfrm.rsp
[190/399    0s] WriteText Library/Bee/artifacts/1900b0aE.dag/Unity.PerformanceTesting.dll.mvfrm.rsp
[191/399    0s] WriteText Library/Bee/artifacts/1900b0aE.dag/Yanagisawa.DataLayoutCalibrator.Samples.ParticleIntegrate.rsp
[192/399    0s] WriteText Library/Bee/artifacts/1900b0aE.dag/Yanagisawa.DataLayoutCalibrator.Samples.TransformExport.rsp
[193/399    0s] WriteText Library/Bee/artifacts/1900b0aE.dag/Yanagisawa.DataLayoutCalibrator.Samples.AdditionalWorkloads.rsp
[194/399    0s] WriteText Library/Bee/artifacts/1900b0aE.dag/Yanagisawa.DataLayoutCalibrator.Samples.ExternalWorkloads.dll.mvfrm.rsp
[195/399    0s] WriteText Library/Bee/artifacts/1900b0aE.dag/Unity.Multiplayer.Center.Common.rsp
[198/399    0s] WriteText Library/Bee/artifacts/1900b0aE.dag/Yanagisawa.DataLayoutCalibrator.Samples.ExternalWorkloads.rsp
[199/399    0s] WriteText Library/Bee/artifacts/1900b0aE.dag/Unity.PerformanceTesting.rsp
[200/399    0s] WriteText Library/Bee/artifacts/1900b0aE.dag/Yanagisawa.DataLayoutCalibrator.Benchmark.dll.mvfrm.rsp
[201/399    0s] WriteText Library/Bee/artifacts/1900b0aE.dag/Yanagisawa.DataLayoutCalibrator.Benchmark.rsp
[202/399    0s] WriteText Library/Bee/artifacts/1900b0aE.dag/Unity.Burst.Editor.dll.mvfrm.rsp
[203/399    0s] WriteText Library/Bee/artifacts/1900b0aE.dag/Yanagisawa.DataLayoutCalibrator.Benchmark.Editor.dll.mvfrm.rsp
[204/399    0s] WriteText Library/Bee/artifacts/1900b0aE.dag/Unity.Collections.Editor.dll.mvfrm.rsp
[205/399    0s] WriteText Library/Bee/artifacts/1900b0aE.dag/Unity.PerformanceTesting.Editor.dll.mvfrm.rsp
[206/399    0s] WriteText Library/Bee/artifacts/1900b0aE.dag/Yanagisawa.DataLayoutCalibrator.Samples.TransformExport.Tests.Editor.dll.mvfrm.rsp
[207/399    0s] WriteText Library/Bee/artifacts/1900b0aE.dag/Yanagisawa.DataLayoutCalibrator.Samples.AdditionalWorkloads.Tests.Editor.dll.mvfrm.rsp
[208/399    0s] WriteText Library/Bee/artifacts/1900b0aE.dag/Yanagisawa.DataLayoutCalibrator.Tests.Editor.dll.mvfrm.rsp
[213/399    0s] WriteText Library/Bee/artifacts/1900b0aE.dag/Yanagisawa.DataLayoutCalibrator.Samples.ParticleIntegrate.Tests.Editor.dll.mvfrm.rsp
[222/399    0s] WriteText Library/Bee/artifacts/1900b0aE.dag/Unity.Multiplayer.Center.Editor.dll.mvfrm.rsp
[229/399    0s] WriteText Library/Bee/artifacts/1900b0aE.dag/Yanagisawa.DataLayoutCalibrator.Samples.AdditionalWorkloads.Tests.Editor.rsp
[230/399    0s] WriteText Library/Bee/artifacts/1900b0aE.dag/Yanagisawa.DataLayoutCalibrator.Samples.ParticleIntegrate.Tests.Editor.rsp
[231/399    0s] WriteText Library/Bee/artifacts/1900b0aE.dag/Yanagisawa.DataLayoutCalibrator.Samples.TransformExport.Tests.Editor.rsp
[232/399    0s] WriteText Library/Bee/artifacts/1900b0aE.dag/Yanagisawa.DataLayoutCalibrator.Tests.Editor.rsp
[233/399    0s] WriteText Library/Bee/artifacts/1900b0aE.dag/Unity.PerformanceTesting.Editor.rsp
[234/399    0s] WriteText Library/Bee/artifacts/1900b0aE.dag/Unity.Multiplayer.Center.Editor.rsp
[235/399    0s] WriteText Library/Bee/artifacts/1900b0aE.dag/Unity.Burst.Editor.rsp
[236/399    0s] MovedFromExtractor Library/Bee/artifacts/mvdfrm/UnityEngine.UmbraModule.dll_974294B44EA92CDE.mvfrm
[237/399    0s] WriteText Library/Bee/artifacts/1900b0aE.dag/Unity.Collections.Editor.rsp
[238/399    0s] WriteText Library/Bee/artifacts/1900b0aE.dag/Yanagisawa.DataLayoutCalibrator.Benchmark.Editor.rsp
[239/399    0s] WriteResponseFile Library/Bee/artifacts/rsp/11091894886958349808.rsp
[240/399    0s] WriteResponseFile Library/Bee/artifacts/rsp/13909235412005675431.rsp
[241/399    0s] WriteResponseFile Library/Bee/artifacts/rsp/2157608619508796868.rsp
[242/399    0s] WriteResponseFile Library/Bee/artifacts/rsp/13354563574836277378.rsp
[243/399    0s] WriteResponseFile Library/Bee/artifacts/rsp/7896431116894364725.rsp
[244/399    0s] WriteResponseFile Library/Bee/artifacts/rsp/8273759446914337924.rsp
[245/399    0s] WriteResponseFile Library/Bee/artifacts/rsp/14412142427250152426.rsp
[246/399    0s] WriteResponseFile Library/Bee/artifacts/rsp/10142702499866438521.rsp
[247/399    0s] MovedFromExtractor Library/Bee/artifacts/mvdfrm/UnityEngine.UnityAnalyticsCommonModule.dll_80F8686CE0C11B8B.mvfrm
[248/399    0s] WriteResponseFile Library/Bee/artifacts/rsp/5916180605834378387.rsp
[249/399    0s] WriteResponseFile Library/Bee/artifacts/rsp/13986889954699054386.rsp
[250/399    0s] WriteResponseFile Library/Bee/artifacts/rsp/1418726328684876121.rsp
[251/399    0s] WriteResponseFile Library/Bee/artifacts/rsp/8985129010274591923.rsp
[252/399    0s] WriteResponseFile Library/Bee/artifacts/rsp/6349597926445502166.rsp
[253/399    0s] WriteResponseFile Library/Bee/artifacts/rsp/11983448555424698632.rsp
[254/399    0s] WriteResponseFile Library/Bee/artifacts/rsp/6262281476893245489.rsp
[255/399    0s] MovedFromExtractor Library/Bee/artifacts/mvdfrm/UnityEngine.UIModule.dll_CD07B395C26298E3.mvfrm
[256/399    0s] WriteResponseFile Library/Bee/artifacts/rsp/29261204413134899.rsp
[257/399    0s] WriteResponseFile Library/Bee/artifacts/rsp/4898448832051868398.rsp
[258/399    0s] WriteResponseFile Library/Bee/artifacts/rsp/12248871281822510316.rsp
[259/399    0s] WriteResponseFile Library/Bee/artifacts/rsp/12900333509587573630.rsp
[260/399    0s] WriteResponseFile Library/Bee/artifacts/rsp/10831531723267835799.rsp
[261/399    0s] MovedFromExtractor Library/Bee/artifacts/mvdfrm/UnityEditor.WindowsStandalone.Extensions.dll_E4349C90A6AF818D.mvfrm
[262/399    0s] MovedFromExtractor Library/Bee/artifacts/mvdfrm/Unity.Collections.LowLevel.ILSupport.dll_0DA839304028E421.mvfrm
[263/399    0s] MovedFromExtractor Library/Bee/artifacts/mvdfrm/UnityEngine.UnityAnalyticsModule.dll_CB88EDB15DAC3C50.mvfrm
[264/399    0s] MovedFromExtractor Library/Bee/artifacts/mvdfrm/UnityEditor.Graphs.dll_FC35369792951675.mvfrm
[265/399    0s] MovedFromExtractor Library/Bee/artifacts/mvdfrm/UnityEngine.UIElementsModule.dll_331B6CF4F4899EEA.mvfrm
[266/399    0s] MovedFromExtractor Library/Bee/artifacts/mvdfrm/Unity.Burst.Unsafe.dll_367F88A078579676.mvfrm
[267/399    0s] MovedFromExtractor Library/Bee/artifacts/mvdfrm/UnityEngine.AMDModule.dll_9E625AFF9A4AE61D.mvfrm
[268/399    0s] MovedFromExtractor Library/Bee/artifacts/mvdfrm/Unity.Burst.Cecil.Pdb.dll_8728889FC6422D0D.mvfrm
[269/399    0s] MovedFromExtractor Library/Bee/artifacts/mvdfrm/UnityEngine.NVIDIAModule.dll_1FF48EB27AABE89A.mvfrm
[270/399    0s] MovedFromExtractor Library/Bee/artifacts/mvdfrm/Unity.Burst.Cecil.dll_D730C687224B8D0D.mvfrm
[271/399    0s] MovedFromExtractor Library/Bee/artifacts/mvdfrm/UnityEngine.HierarchyModule.dll_73F6DFFA3B5912BA.mvfrm
[272/399    0s] MovedFromExtractor Library/Bee/artifacts/mvdfrm/Unity.Burst.Cecil.Mdb.dll_6FD61030478D2B8A.mvfrm
[273/399    0s] MovedFromExtractor Library/Bee/artifacts/mvdfrm/Unity.CompilationPipeline.Common.dll_76B5561534638191.mvfrm
[274/399    0s] MovedFromExtractor Library/Bee/artifacts/mvdfrm/Unity.Burst.Cecil.Rocks.dll_B7B051B9044B80CD.mvfrm
[275/399    0s] MovedFromExtractor-Combine Library/Bee/artifacts/1900b0aE.dag/Yanagisawa.DataLayoutCalibrator.dll.mvfrm
[276/399    0s] MovedFromExtractor-Combine Library/Bee/artifacts/1900b0aE.dag/Unity.Burst.dll.mvfrm
[277/399    0s] MovedFromExtractor-Combine Library/Bee/artifacts/1900b0aE.dag/UnityEngine.TestRunner.dll.mvfrm
[278/399    0s] MovedFromExtractor-Combine Library/Bee/artifacts/1900b0aE.dag/Unity.Multiplayer.Center.Common.dll.mvfrm
[279/399    0s] MovedFromExtractor-Combine Library/Bee/artifacts/1900b0aE.dag/Unity.Mathematics.dll.mvfrm
[           0s] Csc Library/Bee/artifacts/1900b0aE.dag/Unity.Burst.dll (+2 others) [CacheMiss 531441cc801014fe16eafcabac60e6e400000000000000000000000000000006]
[           0s] Csc Library/Bee/artifacts/1900b0aE.dag/Yanagisawa.DataLayoutCalibrator.dll (+2 others) [CacheMiss d845030a595bb4846cead5da9ed6354a00000000000000000000000000000006]
[           0s] Csc Library/Bee/artifacts/1900b0aE.dag/Unity.Mathematics.dll (+2 others) [CacheMiss 675ca570a378bea868df6bf5bc9f5f8400000000000000000000000000000006]
[           0s] Csc Library/Bee/artifacts/1900b0aE.dag/UnityEngine.TestRunner.dll (+2 others) [CacheMiss 7a45eb463a9ed4cfb621df46eaa1d33300000000000000000000000000000006]
[           0s] Csc Library/Bee/artifacts/1900b0aE.dag/Unity.Multiplayer.Center.Common.dll (+2 others) [CacheMiss a34f4031961f7f74a04485225d52deb500000000000000000000000000000006]
[280/399    0s] Csc Library/Bee/artifacts/1900b0aE.dag/Unity.Mathematics.dll (+2 others)
[281/399    1s] Csc Library/Bee/artifacts/1900b0aE.dag/Unity.Multiplayer.Center.Common.dll (+2 others)
[282/399    1s] Csc Library/Bee/artifacts/1900b0aE.dag/Yanagisawa.DataLayoutCalibrator.dll (+2 others)
[           0s] Csc Library/Bee/artifacts/1900b0aE.dag/Unity.Mathematics.dll (+2 others) [CacheWrite 675ca570a378bea868df6bf5bc9f5f8400000000000000000000000000000006]
[           0s] Csc Library/Bee/artifacts/1900b0aE.dag/Unity.Multiplayer.Center.Common.dll (+2 others) [CacheWrite a34f4031961f7f74a04485225d52deb500000000000000000000000000000006]
[283/399    1s] Csc Library/Bee/artifacts/1900b0aE.dag/UnityEngine.TestRunner.dll (+2 others)
[           0s] Csc Library/Bee/artifacts/1900b0aE.dag/Yanagisawa.DataLayoutCalibrator.dll (+2 others) [CacheWrite d845030a595bb4846cead5da9ed6354a00000000000000000000000000000006]
[           0s] Csc Library/Bee/artifacts/1900b0aE.dag/UnityEngine.TestRunner.dll (+2 others) [CacheWrite 7a45eb463a9ed4cfb621df46eaa1d33300000000000000000000000000000006]
[286/399    0s] MovedFromExtractor Library/Bee/artifacts/mvdfrm/Unity.Multiplayer.Center.Common.ref.dll_EE36537354EA42C8.mvfrm
[287/399    0s] MovedFromExtractor Library/Bee/artifacts/mvdfrm/Unity.Mathematics.ref.dll_E8EFDB1B8D5C174E.mvfrm
[288/399    1s] Csc Library/Bee/artifacts/1900b0aE.dag/Unity.Burst.dll (+2 others)
[289/399    0s] MovedFromExtractor Library/Bee/artifacts/mvdfrm/UnityEngine.TestRunner.ref.dll_E55D0F7C63F01D9E.mvfrm
[           0s] Csc Library/Bee/artifacts/1900b0aE.dag/Unity.Burst.dll (+2 others) [CacheWrite 531441cc801014fe16eafcabac60e6e400000000000000000000000000000006]
[290/399    0s] MovedFromExtractor-Combine Library/Bee/artifacts/1900b0aE.dag/UnityEditor.TestRunner.dll.mvfrm
[291/399    0s] MovedFromExtractor-Combine Library/Bee/artifacts/1900b0aE.dag/Unity.PerformanceTesting.dll.mvfrm
[292/399    0s] MovedFromExtractor Library/Bee/artifacts/mvdfrm/Unity.Burst.ref.dll_F30DFA20C0DD1968.mvfrm
[           0s] Csc Library/Bee/artifacts/1900b0aE.dag/Unity.PerformanceTesting.dll (+2 others) [CacheMiss 3ff8b38e32cdb6cdf55cf84363b390df00000000000000000000000000000006]
[           0s] Csc Library/Bee/artifacts/1900b0aE.dag/UnityEditor.TestRunner.dll (+2 others) [CacheMiss 94f15645188b0f25a4d3f54be18072d700000000000000000000000000000006]
[293/399    0s] MovedFromExtractor-Combine Library/Bee/artifacts/1900b0aE.dag/Unity.Burst.CodeGen.dll.mvfrm
[294/399    0s] MovedFromExtractor-Combine Library/Bee/artifacts/1900b0aE.dag/Unity.Collections.dll.mvfrm
[           0s] Csc Library/Bee/artifacts/1900b0aE.dag/Unity.Burst.CodeGen.dll (+2 others) [CacheMiss 2ec8026c4b0e04ddad7da13e07e9cc6800000000000000000000000000000006]
[           0s] Csc Library/Bee/artifacts/1900b0aE.dag/Unity.Collections.dll (+2 others) [CacheMiss 2acf1e29db900ff1e2552c270e71789600000000000000000000000000000006]
[295/399    0s] Csc Library/Bee/artifacts/1900b0aE.dag/Unity.PerformanceTesting.dll (+2 others)
[           0s] Csc Library/Bee/artifacts/1900b0aE.dag/Unity.PerformanceTesting.dll (+2 others) [CacheWrite 3ff8b38e32cdb6cdf55cf84363b390df00000000000000000000000000000006]
[296/399    0s] Csc Library/Bee/artifacts/1900b0aE.dag/Unity.Burst.CodeGen.dll (+2 others)
[297/399    0s] MovedFromExtractor Library/Bee/artifacts/mvdfrm/Unity.PerformanceTesting.ref.dll_F99DC928B1D72E5E.mvfrm
[           0s] Csc Library/Bee/artifacts/1900b0aE.dag/Unity.Burst.CodeGen.dll (+2 others) [CacheWrite 2ec8026c4b0e04ddad7da13e07e9cc6800000000000000000000000000000006]
[300/399    0s] Csc Library/Bee/artifacts/1900b0aE.dag/UnityEditor.TestRunner.dll (+2 others)
[           0s] Csc Library/Bee/artifacts/1900b0aE.dag/UnityEditor.TestRunner.dll (+2 others) [CacheWrite 94f15645188b0f25a4d3f54be18072d700000000000000000000000000000006]
[303/399    0s] MovedFromExtractor Library/Bee/artifacts/mvdfrm/UnityEditor.TestRunner.ref.dll_193EC4CE382CBFB3.mvfrm
[304/399    0s] MovedFromExtractor-Combine Library/Bee/artifacts/1900b0aE.dag/Unity.PerformanceTesting.Editor.dll.mvfrm
[305/399    0s] MovedFromExtractor-Combine Library/Bee/artifacts/1900b0aE.dag/Unity.Multiplayer.Center.Editor.dll.mvfrm
[306/399    0s] MovedFromExtractor-Combine Library/Bee/artifacts/1900b0aE.dag/Yanagisawa.DataLayoutCalibrator.Benchmark.Editor.dll.mvfrm
[307/399    0s] MovedFromExtractor-Combine Library/Bee/artifacts/1900b0aE.dag/Unity.Burst.Editor.dll.mvfrm
[           0s] Csc Library/Bee/artifacts/1900b0aE.dag/Unity.Burst.Editor.dll (+2 others) [CacheMiss 640995cd9adb24a163f8b61c827e5aba00000000000000000000000000000006]
[           0s] Csc Library/Bee/artifacts/1900b0aE.dag/Unity.Multiplayer.Center.Editor.dll (+2 others) [CacheMiss f24066c7083126b87e40e7499449107900000000000000000000000000000006]
[           0s] Csc Library/Bee/artifacts/1900b0aE.dag/Unity.PerformanceTesting.Editor.dll (+2 others) [CacheMiss 4e24b4106a228b2e4a9017b62e286e1e00000000000000000000000000000006]
[308/399    1s] Csc Library/Bee/artifacts/1900b0aE.dag/Unity.Collections.dll (+2 others)
[           0s] Csc Library/Bee/artifacts/1900b0aE.dag/Unity.Collections.dll (+2 others) [CacheWrite 2acf1e29db900ff1e2552c270e71789600000000000000000000000000000006]
[309/399    0s] Csc Library/Bee/artifacts/1900b0aE.dag/Unity.Multiplayer.Center.Editor.dll (+2 others)
[310/399    0s] Csc Library/Bee/artifacts/1900b0aE.dag/Unity.PerformanceTesting.Editor.dll (+2 others)
[           0s] Csc Library/Bee/artifacts/1900b0aE.dag/Unity.PerformanceTesting.Editor.dll (+2 others) [CacheWrite 4e24b4106a228b2e4a9017b62e286e1e00000000000000000000000000000006]
[           0s] Csc Library/Bee/artifacts/1900b0aE.dag/Unity.Multiplayer.Center.Editor.dll (+2 others) [CacheWrite f24066c7083126b87e40e7499449107900000000000000000000000000000006]
[311/399    0s] MovedFromExtractor Library/Bee/artifacts/mvdfrm/Unity.Collections.ref.dll_656D7410E7809ECD.mvfrm
[312/399    0s] MovedFromExtractor-Combine Library/Bee/artifacts/1900b0aE.dag/Yanagisawa.DataLayoutCalibrator.Samples.ParticleIntegrate.Tests.Editor.dll.mvfrm
[313/399    0s] MovedFromExtractor-Combine Library/Bee/artifacts/1900b0aE.dag/Yanagisawa.DataLayoutCalibrator.Samples.ExternalWorkloads.dll.mvfrm
[314/399    0s] MovedFromExtractor-Combine Library/Bee/artifacts/1900b0aE.dag/Yanagisawa.DataLayoutCalibrator.Samples.TransformExport.dll.mvfrm
[315/399    0s] MovedFromExtractor-Combine Library/Bee/artifacts/1900b0aE.dag/Yanagisawa.DataLayoutCalibrator.Samples.TransformExport.Tests.Editor.dll.mvfrm
[316/399    0s] MovedFromExtractor-Combine Library/Bee/artifacts/1900b0aE.dag/Yanagisawa.DataLayoutCalibrator.Samples.ParticleIntegrate.dll.mvfrm
[317/399    0s] MovedFromExtractor-Combine Library/Bee/artifacts/1900b0aE.dag/Yanagisawa.DataLayoutCalibrator.Samples.AdditionalWorkloads.dll.mvfrm
[318/399    0s] MovedFromExtractor-Combine Library/Bee/artifacts/1900b0aE.dag/Yanagisawa.DataLayoutCalibrator.Benchmark.dll.mvfrm
[319/399    0s] MovedFromExtractor-Combine Library/Bee/artifacts/1900b0aE.dag/Yanagisawa.DataLayoutCalibrator.Tests.Editor.dll.mvfrm
[320/399    0s] MovedFromExtractor-Combine Library/Bee/artifacts/1900b0aE.dag/Yanagisawa.DataLayoutCalibrator.Samples.AdditionalWorkloads.Tests.Editor.dll.mvfrm
[321/399    0s] MovedFromExtractor-Combine Library/Bee/artifacts/1900b0aE.dag/Unity.Collections.CodeGen.dll.mvfrm
[322/399    0s] MovedFromExtractor-Combine Library/Bee/artifacts/1900b0aE.dag/Unity.Collections.Editor.dll.mvfrm
[           0s] Csc Library/Bee/artifacts/1900b0aE.dag/Yanagisawa.DataLayoutCalibrator.Samples.ExternalWorkloads.dll (+2 others) [CacheMiss cef6f5244350528afdbe2bb8f6244ba100000000000000000000000000000006]
[           0s] Csc Library/Bee/artifacts/1900b0aE.dag/Yanagisawa.DataLayoutCalibrator.Samples.TransformExport.dll (+2 others) [CacheMiss 9f87c6f80abc2738cc9d2184c252fd1900000000000000000000000000000006]
[           0s] Csc Library/Bee/artifacts/1900b0aE.dag/Yanagisawa.DataLayoutCalibrator.Samples.ParticleIntegrate.dll (+2 others) [CacheMiss d2c7cf98e91c78ef8372b489236c56e200000000000000000000000000000006]
[           0s] Csc Library/Bee/artifacts/1900b0aE.dag/Yanagisawa.DataLayoutCalibrator.Samples.AdditionalWorkloads.dll (+2 others) [CacheMiss d3dd91dc41b00746f9f15ca4289a747c00000000000000000000000000000006]
[           0s] Csc Library/Bee/artifacts/1900b0aE.dag/Unity.Collections.CodeGen.dll (+2 others) [CacheMiss fd1b9bb5455cb3f753871634e697429d00000000000000000000000000000006]
[           0s] Csc Library/Bee/artifacts/1900b0aE.dag/Yanagisawa.DataLayoutCalibrator.Tests.Editor.dll (+2 others) [CacheMiss df3ad889881a23a109b3bfaa2a3b2fae00000000000000000000000000000006]
[           0s] Csc Library/Bee/artifacts/1900b0aE.dag/Unity.Collections.Editor.dll (+2 others) [CacheMiss 6da70a7f11aae336cbe76dfd19038f4900000000000000000000000000000006]
[323/399    0s] Csc Library/Bee/artifacts/1900b0aE.dag/Unity.Collections.Editor.dll (+2 others)
[324/399    0s] Csc Library/Bee/artifacts/1900b0aE.dag/Yanagisawa.DataLayoutCalibrator.Samples.ExternalWorkloads.dll (+2 others)
[325/399    0s] Csc Library/Bee/artifacts/1900b0aE.dag/Unity.Collections.CodeGen.dll (+2 others)
[326/399    0s] Csc Library/Bee/artifacts/1900b0aE.dag/Yanagisawa.DataLayoutCalibrator.Samples.TransformExport.dll (+2 others)
[327/399    0s] Csc Library/Bee/artifacts/1900b0aE.dag/Yanagisawa.DataLayoutCalibrator.Samples.AdditionalWorkloads.dll (+2 others)
[328/399    0s] Csc Library/Bee/artifacts/1900b0aE.dag/Yanagisawa.DataLayoutCalibrator.Tests.Editor.dll (+2 others)
[329/399    0s] Csc Library/Bee/artifacts/1900b0aE.dag/Yanagisawa.DataLayoutCalibrator.Samples.ParticleIntegrate.dll (+2 others)
[           0s] Csc Library/Bee/artifacts/1900b0aE.dag/Yanagisawa.DataLayoutCalibrator.Samples.ExternalWorkloads.dll (+2 others) [CacheWrite cef6f5244350528afdbe2bb8f6244ba100000000000000000000000000000006]
[           0s] Csc Library/Bee/artifacts/1900b0aE.dag/Unity.Collections.Editor.dll (+2 others) [CacheWrite 6da70a7f11aae336cbe76dfd19038f4900000000000000000000000000000006]
[           0s] Csc Library/Bee/artifacts/1900b0aE.dag/Unity.Collections.CodeGen.dll (+2 others) [CacheWrite fd1b9bb5455cb3f753871634e697429d00000000000000000000000000000006]
[           0s] Csc Library/Bee/artifacts/1900b0aE.dag/Yanagisawa.DataLayoutCalibrator.Samples.TransformExport.dll (+2 others) [CacheWrite 9f87c6f80abc2738cc9d2184c252fd1900000000000000000000000000000006]
[           0s] Csc Library/Bee/artifacts/1900b0aE.dag/Yanagisawa.DataLayoutCalibrator.Samples.AdditionalWorkloads.dll (+2 others) [CacheWrite d3dd91dc41b00746f9f15ca4289a747c00000000000000000000000000000006]
[           0s] Csc Library/Bee/artifacts/1900b0aE.dag/Yanagisawa.DataLayoutCalibrator.Samples.ParticleIntegrate.dll (+2 others) [CacheWrite d2c7cf98e91c78ef8372b489236c56e200000000000000000000000000000006]
[           0s] Csc Library/Bee/artifacts/1900b0aE.dag/Yanagisawa.DataLayoutCalibrator.Tests.Editor.dll (+2 others) [CacheWrite df3ad889881a23a109b3bfaa2a3b2fae00000000000000000000000000000006]
[           0s] Csc Library/Bee/artifacts/1900b0aE.dag/Yanagisawa.DataLayoutCalibrator.Samples.AdditionalWorkloads.Tests.Editor.dll (+2 others) [CacheMiss fdbdd889b7f2a5c3d23bcade318a620200000000000000000000000000000006]
[           0s] Csc Library/Bee/artifacts/1900b0aE.dag/Yanagisawa.DataLayoutCalibrator.Samples.TransformExport.Tests.Editor.dll (+2 others) [CacheMiss 74ab88f9040adadde870c3557c55171e00000000000000000000000000000006]
[           0s] Csc Library/Bee/artifacts/1900b0aE.dag/Yanagisawa.DataLayoutCalibrator.Samples.ParticleIntegrate.Tests.Editor.dll (+2 others) [CacheMiss 6a93ecfc91a486af0f4381d7d8008a0b00000000000000000000000000000006]
[332/399    0s] ILPP-Configuration Library/ilpp-configuration.nevergeneratedoutput
[333/399    0s] Csc Library/Bee/artifacts/1900b0aE.dag/Yanagisawa.DataLayoutCalibrator.Samples.AdditionalWorkloads.Tests.Editor.dll (+2 others)
[334/399    0s] Csc Library/Bee/artifacts/1900b0aE.dag/Yanagisawa.DataLayoutCalibrator.Samples.TransformExport.Tests.Editor.dll (+2 others)
[335/399    0s] Csc Library/Bee/artifacts/1900b0aE.dag/Yanagisawa.DataLayoutCalibrator.Benchmark.dll (+2 others)
[336/399    0s] Csc Library/Bee/artifacts/1900b0aE.dag/Yanagisawa.DataLayoutCalibrator.Samples.ParticleIntegrate.Tests.Editor.dll (+2 others)
[           0s] Csc Library/Bee/artifacts/1900b0aE.dag/Yanagisawa.DataLayoutCalibrator.Samples.AdditionalWorkloads.Tests.Editor.dll (+2 others) [CacheWrite fdbdd889b7f2a5c3d23bcade318a620200000000000000000000000000000006]
[           0s] Csc Library/Bee/artifacts/1900b0aE.dag/Yanagisawa.DataLayoutCalibrator.Samples.TransformExport.Tests.Editor.dll (+2 others) [CacheWrite 74ab88f9040adadde870c3557c55171e00000000000000000000000000000006]
[337/399    1s] Csc Library/Bee/artifacts/1900b0aE.dag/Unity.Burst.Editor.dll (+2 others)
[           0s] Csc Library/Bee/artifacts/1900b0aE.dag/Yanagisawa.DataLayoutCalibrator.Samples.ParticleIntegrate.Tests.Editor.dll (+2 others) [CacheWrite 6a93ecfc91a486af0f4381d7d8008a0b00000000000000000000000000000006]
[338/399    0s] Csc Library/Bee/artifacts/1900b0aE.dag/Yanagisawa.DataLayoutCalibrator.Benchmark.Editor.dll (+2 others)
[339/399    0s] ILPostProcess Library/Bee/artifacts/1900b0aE.dag/post-processed/Unity.Multiplayer.Center.Editor.dll (+pdb)
Processing assembly Library/Bee/artifacts/1900b0aE.dag/Unity.Multiplayer.Center.Editor.dll, with 139 defines and 292 references

processors: Unity.Jobs.CodeGen.JobsILPostProcessor, zzzUnity.Burst.CodeGen.BurstILPostProcessor

running Unity.Jobs.CodeGen.JobsILPostProcessor

running zzzUnity.Burst.CodeGen.BurstILPostProcessor
[342/399    0s] ILPostProcess Library/Bee/artifacts/1900b0aE.dag/post-processed/Yanagisawa.DataLayoutCalibrator.Samples.TransformExport.Tests.Editor.dll (+pdb)
Processing assembly Library/Bee/artifacts/1900b0aE.dag/Yanagisawa.DataLayoutCalibrator.Samples.TransformExport.Tests.Editor.dll, with 139 defines and 292 references

processors: Unity.Jobs.CodeGen.JobsILPostProcessor, zzzUnity.Burst.CodeGen.BurstILPostProcessor

running Unity.Jobs.CodeGen.JobsILPostProcessor

running zzzUnity.Burst.CodeGen.BurstILPostProcessor
[345/399    0s] ILPostProcess Library/Bee/artifacts/1900b0aE.dag/post-processed/Unity.Collections.Editor.dll (+pdb)
Processing assembly Library/Bee/artifacts/1900b0aE.dag/Unity.Collections.Editor.dll, with 140 defines and 292 references

processors: Unity.Jobs.CodeGen.JobsILPostProcessor, zzzUnity.Burst.CodeGen.BurstILPostProcessor

running Unity.Jobs.CodeGen.JobsILPostProcessor

running zzzUnity.Burst.CodeGen.BurstILPostProcessor
[348/399    0s] ILPostProcess Library/Bee/artifacts/1900b0aE.dag/post-processed/Yanagisawa.DataLayoutCalibrator.Samples.AdditionalWorkloads.dll (+pdb)
Processing assembly Library/Bee/artifacts/1900b0aE.dag/Yanagisawa.DataLayoutCalibrator.Samples.AdditionalWorkloads.dll, with 141 defines and 286 references

processors: Unity.Jobs.CodeGen.JobsILPostProcessor, zzzUnity.Burst.CodeGen.BurstILPostProcessor

running Unity.Jobs.CodeGen.JobsILPostProcessor

running zzzUnity.Burst.CodeGen.BurstILPostProcessor
[349/399    0s] ILPostProcess Library/Bee/artifacts/1900b0aE.dag/post-processed/Yanagisawa.DataLayoutCalibrator.Samples.TransformExport.dll (+pdb)
Processing assembly Library/Bee/artifacts/1900b0aE.dag/Yanagisawa.DataLayoutCalibrator.Samples.TransformExport.dll, with 141 defines and 286 references

processors: Unity.Jobs.CodeGen.JobsILPostProcessor, zzzUnity.Burst.CodeGen.BurstILPostProcessor

running Unity.Jobs.CodeGen.JobsILPostProcessor

running zzzUnity.Burst.CodeGen.BurstILPostProcessor
[           1s] Csc Library/Bee/artifacts/1900b0aE.dag/Unity.Burst.Editor.dll (+2 others) [CacheWrite 640995cd9adb24a163f8b61c827e5aba00000000000000000000000000000006]
[352/399    0s] ILPostProcess Library/Bee/artifacts/1900b0aE.dag/post-processed/Yanagisawa.DataLayoutCalibrator.Benchmark.dll (+pdb)
Processing assembly Library/Bee/artifacts/1900b0aE.dag/Yanagisawa.DataLayoutCalibrator.Benchmark.dll, with 141 defines and 290 references

processors: Unity.Jobs.CodeGen.JobsILPostProcessor, zzzUnity.Burst.CodeGen.BurstILPostProcessor

running Unity.Jobs.CodeGen.JobsILPostProcessor

running zzzUnity.Burst.CodeGen.BurstILPostProcessor
[353/399    1s] ILPostProcess Library/Bee/artifacts/1900b0aE.dag/post-processed/Yanagisawa.DataLayoutCalibrator.Samples.AdditionalWorkloads.Tests.Editor.dll (+pdb)
Processing assembly Library/Bee/artifacts/1900b0aE.dag/Yanagisawa.DataLayoutCalibrator.Samples.AdditionalWorkloads.Tests.Editor.dll, with 139 defines and 292 references

processors: Unity.Jobs.CodeGen.JobsILPostProcessor, zzzUnity.Burst.CodeGen.BurstILPostProcessor

running Unity.Jobs.CodeGen.JobsILPostProcessor

running zzzUnity.Burst.CodeGen.BurstILPostProcessor
[354/399    1s] ILPostProcess Library/Bee/artifacts/1900b0aE.dag/post-processed/Yanagisawa.DataLayoutCalibrator.Samples.ParticleIntegrate.Tests.Editor.dll (+pdb)
Processing assembly Library/Bee/artifacts/1900b0aE.dag/Yanagisawa.DataLayoutCalibrator.Samples.ParticleIntegrate.Tests.Editor.dll, with 139 defines and 292 references

processors: Unity.Jobs.CodeGen.JobsILPostProcessor, zzzUnity.Burst.CodeGen.BurstILPostProcessor

running Unity.Jobs.CodeGen.JobsILPostProcessor

running zzzUnity.Burst.CodeGen.BurstILPostProcessor
[355/399    1s] ILPostProcess Library/Bee/artifacts/1900b0aE.dag/post-processed/Unity.PerformanceTesting.Editor.dll (+pdb)
Processing assembly Library/Bee/artifacts/1900b0aE.dag/Unity.PerformanceTesting.Editor.dll, with 140 defines and 289 references

processors: Unity.Jobs.CodeGen.JobsILPostProcessor, zzzUnity.Burst.CodeGen.BurstILPostProcessor

running Unity.Jobs.CodeGen.JobsILPostProcessor

running zzzUnity.Burst.CodeGen.BurstILPostProcessor
[356/399    1s] ILPostProcess Library/Bee/artifacts/1900b0aE.dag/post-processed/Yanagisawa.DataLayoutCalibrator.dll (+pdb)
Processing assembly Library/Bee/artifacts/1900b0aE.dag/Yanagisawa.DataLayoutCalibrator.dll, with 141 defines and 135 references

processors: Unity.Jobs.CodeGen.JobsILPostProcessor, zzzUnity.Burst.CodeGen.BurstILPostProcessor

running Unity.Jobs.CodeGen.JobsILPostProcessor

running zzzUnity.Burst.CodeGen.BurstILPostProcessor
[357/399    1s] ILPostProcess Library/Bee/artifacts/1900b0aE.dag/post-processed/Unity.Mathematics.dll (+pdb)
Processing assembly Library/Bee/artifacts/1900b0aE.dag/Unity.Mathematics.dll, with 141 defines and 282 references

processors: Unity.Jobs.CodeGen.JobsILPostProcessor, zzzUnity.Burst.CodeGen.BurstILPostProcessor

running Unity.Jobs.CodeGen.JobsILPostProcessor

running zzzUnity.Burst.CodeGen.BurstILPostProcessor
[358/399    1s] ILPostProcess Library/Bee/artifacts/1900b0aE.dag/post-processed/Yanagisawa.DataLayoutCalibrator.Tests.Editor.dll (+pdb)
Processing assembly Library/Bee/artifacts/1900b0aE.dag/Yanagisawa.DataLayoutCalibrator.Tests.Editor.dll, with 139 defines and 291 references

processors: Unity.Jobs.CodeGen.JobsILPostProcessor, zzzUnity.Burst.CodeGen.BurstILPostProcessor

running Unity.Jobs.CodeGen.JobsILPostProcessor

running zzzUnity.Burst.CodeGen.BurstILPostProcessor
[359/399    1s] ILPostProcess Library/Bee/artifacts/1900b0aE.dag/post-processed/Unity.PerformanceTesting.dll (+pdb)
Processing assembly Library/Bee/artifacts/1900b0aE.dag/Unity.PerformanceTesting.dll, with 142 defines and 279 references

processors: Unity.Jobs.CodeGen.JobsILPostProcessor, zzzUnity.Burst.CodeGen.BurstILPostProcessor

running Unity.Jobs.CodeGen.JobsILPostProcessor

running zzzUnity.Burst.CodeGen.BurstILPostProcessor
[360/399    1s] ILPostProcess Library/Bee/artifacts/1900b0aE.dag/post-processed/Yanagisawa.DataLayoutCalibrator.Samples.ParticleIntegrate.dll (+pdb)
Processing assembly Library/Bee/artifacts/1900b0aE.dag/Yanagisawa.DataLayoutCalibrator.Samples.ParticleIntegrate.dll, with 141 defines and 286 references

processors: Unity.Jobs.CodeGen.JobsILPostProcessor, zzzUnity.Burst.CodeGen.BurstILPostProcessor

running Unity.Jobs.CodeGen.JobsILPostProcessor

running zzzUnity.Burst.CodeGen.BurstILPostProcessor
[361/399    1s] ILPostProcess Library/Bee/artifacts/1900b0aE.dag/post-processed/Unity.Multiplayer.Center.Common.dll (+pdb)
Processing assembly Library/Bee/artifacts/1900b0aE.dag/Unity.Multiplayer.Center.Common.dll, with 141 defines and 282 references

processors: Unity.Jobs.CodeGen.JobsILPostProcessor, zzzUnity.Burst.CodeGen.BurstILPostProcessor

running Unity.Jobs.CodeGen.JobsILPostProcessor

running zzzUnity.Burst.CodeGen.BurstILPostProcessor
[362/399    1s] ILPostProcess Library/Bee/artifacts/1900b0aE.dag/post-processed/Yanagisawa.DataLayoutCalibrator.Benchmark.Editor.dll (+pdb)
Processing assembly Library/Bee/artifacts/1900b0aE.dag/Yanagisawa.DataLayoutCalibrator.Benchmark.Editor.dll, with 139 defines and 295 references

processors: Unity.Jobs.CodeGen.JobsILPostProcessor, zzzUnity.Burst.CodeGen.BurstILPostProcessor

running Unity.Jobs.CodeGen.JobsILPostProcessor

running zzzUnity.Burst.CodeGen.BurstILPostProcessor
[363/399    1s] ILPostProcess Library/Bee/artifacts/1900b0aE.dag/post-processed/Yanagisawa.DataLayoutCalibrator.Samples.ExternalWorkloads.dll (+pdb)
Processing assembly Library/Bee/artifacts/1900b0aE.dag/Yanagisawa.DataLayoutCalibrator.Samples.ExternalWorkloads.dll, with 141 defines and 285 references

processors: Unity.Jobs.CodeGen.JobsILPostProcessor, zzzUnity.Burst.CodeGen.BurstILPostProcessor

running Unity.Jobs.CodeGen.JobsILPostProcessor

running zzzUnity.Burst.CodeGen.BurstILPostProcessor
[368/399    1s] ILPostProcess Library/Bee/artifacts/1900b0aE.dag/post-processed/Unity.Burst.dll (+pdb)
Processing assembly Library/Bee/artifacts/1900b0aE.dag/Unity.Burst.dll, with 141 defines and 280 references

processors: Unity.Jobs.CodeGen.JobsILPostProcessor, zzzUnity.Burst.CodeGen.BurstILPostProcessor

running Unity.Jobs.CodeGen.JobsILPostProcessor

running zzzUnity.Burst.CodeGen.BurstILPostProcessor
[369/399    1s] ILPostProcess Library/Bee/artifacts/1900b0aE.dag/post-processed/Unity.Collections.dll (+pdb)
Processing assembly Library/Bee/artifacts/1900b0aE.dag/Unity.Collections.dll, with 143 defines and 284 references

processors: Unity.Jobs.CodeGen.JobsILPostProcessor, zzzUnity.Burst.CodeGen.BurstILPostProcessor

running Unity.Jobs.CodeGen.JobsILPostProcessor

running zzzUnity.Burst.CodeGen.BurstILPostProcessor
[396/399    0s] ILPostProcess Library/Bee/artifacts/1900b0aE.dag/post-processed/Unity.Burst.Editor.dll (+pdb)
Processing assembly Library/Bee/artifacts/1900b0aE.dag/Unity.Burst.Editor.dll, with 139 defines and 292 references

processors: Unity.Jobs.CodeGen.JobsILPostProcessor, zzzUnity.Burst.CodeGen.BurstILPostProcessor

running Unity.Jobs.CodeGen.JobsILPostProcessor

running zzzUnity.Burst.CodeGen.BurstILPostProcessor
*** Tundra build success (8.57 seconds), 301 items updated, 399 evaluated
AssetDatabase: script compilation time: 9.615560s
Begin MonoManager ReloadAssembly
Native extension for WindowsStandalone target not found
ScheduleIndexationOnStartup MainProcess:True IndexOnStartup:True
Mono: successfully reloaded assembly
- Finished resetting the current domain, in  0.656 seconds
Domain Reload Profiling: 1225ms
	BeginReloadAssembly (290ms)
		DisableScriptedObjects (29ms)
		CreateAndSetChildDomain (139ms)
	RebuildCommonClasses (6ms)
	RebuildNativeTypeToScriptingClass (11ms)
	initialDomainReloadingComplete (55ms)
	LoadAllAssembliesAndSetupDomain (205ms)
		LoadAssemblies (197ms)
		AnalyzeDomain (32ms)
			TypeCache.Refresh (22ms)
				TypeCache.ScanAssembly (18ms)
			BuildScriptInfoCaches (8ms)
	FinalizeReload (658ms)
		SetupLoadedEditorAssemblies (0ms)
			BeforeProcessingInitializeOnLoad (64ms)
			ProcessInitializeOnLoadAttributes (294ms)
			ProcessInitializeOnLoadMethodAttributes (138ms)
			AfterProcessingInitializeOnLoad (10ms)
		AwakeInstancesAfterBackupRestoration (28ms)
Importing 'GUID: 309cb84ccc5adfe4f9e30c70711d108b - Path: Assets/Resources/PerformanceTestRunInfo.json' with importer (TextScriptImporter)
Imported 'GUID: 309cb84ccc5adfe4f9e30c70711d108b' -> (Import Result ID: 'd758c1a254f56077f40d006a4a896fbc') in 0.017 seconds [static dependencies only]. Details - ImportResultOutputID=1a75b38d17212ab3b7dde72d450dcd65 DependenciesID=4ded79903898dd0f2f5f2a490c276def StaticDependenciesID=cb3e401330a7b25a423e24aad04be366 
Importing 'GUID: dac0b6312567a9f45901378c9cfd8108 - Path: Assets/Resources/PerformanceTestRunSettings.json' with importer (TextScriptImporter)
Imported 'GUID: dac0b6312567a9f45901378c9cfd8108' -> (Import Result ID: '0a33639789346e93f7a47682f26ec5cb') in 0.003 seconds [static dependencies only]. Details - ImportResultOutputID=581ed78fba1dbd88971761136b0d8769 DependenciesID=d38b4dc061af28bcc77b81b894756bd0 StaticDependenciesID=fa8eb44125d1a681c757a9ef9c0dcefe 
Starting new worker id: 0 with log in D:/CodexWork/babel-dot-20260915/BenchmarkProject/Logs/AssetImportWorkerHW0.log

Asset Pipeline Refresh (id=31ee177d493df2044bd7254491982dd7): Total: 11.194 seconds - Initiated by InitialRefreshV2(ForceSynchronousImport)
	(Values over 0.05ms)
	Summary:
		Imports: total=2 (actual=2, local cache=0, cache server=0)
		Asset DB Process Time: managed=1 ms, native=857 ms
		Asset DB Callback time: managed=64 ms, native=22 ms
		Scripting: domain reloads=1, domain reload time=616 ms, compile time=9619 ms, other=11 ms
		Project Asset Count: scripts=263, non-scripts=142
		Asset File Changes: new=2, changed=2, moved=0, deleted=0
		Scan Filter Count: 0
	InvokePackagesCallback: 26.828ms
	ApplyChangesToAssetFolders: 0.832ms
	Scan: 57.967ms
	Collect global state as custom dependencies: 9.688ms
	OnSourceAssetsModified: 0.541ms
	CategorizeScriptCompilationAssets: 6.781ms
	ProcessAssetsWithTransientArtifactChanges: 10.464ms
	CategorizeAssets: 2.978ms
	CompileScripts: 9619.283ms
	ImportOutOfDateAssets: 700.002ms (664.025ms without children)
		ImportManagerImport: 22.162ms (0.741ms without children)
		UnloadImportedAssets: 0.101ms
		ImportSchedulerStart: 13.653ms
	PostProcessAllAssets: 64.056ms
		VersionControlSettings.HiddenFilePostprocess 0.124ms
		MonoPostProcessAllAssets: 63.290ms
			AssetPostprocessor.OnPostprocessAllAssets 22.304ms
			StyleCatalogPostProcessor.OnPostprocessAllAssets 13.994ms
			WindowAssetPostprocessingWatcher.OnPostprocessAllAssets 7.315ms
			BuilderAssetPostprocessor.OnPostprocessAllAssets 3.993ms
			SyncVS.PostprocessSyncProject 3.464ms
			AssetChangedListener.OnPostprocessAllAssets 1.129ms
			RetainedModeAssetPostprocessor.OnPostprocessAllAssets 0.860ms
			SpeedTree9Postprocessor.OnPostprocessAllAssets 0.820ms
			TextAssetPostProcessor.OnPostprocessAllAssets 0.673ms
			EditModeScopePostprocessor.OnPostprocessAllAssets 0.669ms
			ArtifactBrowserPostProcessor.OnPostprocessAllAssets 0.408ms
			ReferencedClipsPostProcessor.OnPostprocessAllAssets 0.244ms
			AssetEvents.OnPostprocessAllAssets 0.213ms
			TerrainToolbarOverlayPostProcessor.OnPostprocessAllAssets 0.212ms
			AudioMixerPostprocessor.OnPostprocessAllAssets 0.203ms
			AssetDatabaseCallbacks.OnPostprocessAllAssets 0.184ms
			ScenarioDriftAssetsTracker.OnPostprocessAllAssets 0.168ms
			SpeedTreePostProcessor.OnPostprocessAllAssets 0.150ms
			ConfigAssetsTracker.OnPostprocessAllAssets 0.113ms
			RenderPipelineGlobalSettingsPostprocessor.OnPostprocessAllAssets 0.076ms
	PostAssetChangesProfiler: 1.674ms
	UnloadStreamsBegin: 1.205ms
	PersistCurrentRevisions: 0.051ms
	GenerateScriptTypeHashes: 0.561ms
	GenerateScriptTypeSerializationHashes: 1.304ms
	Untracked: 682.642ms

Application.AssetDatabase Initial Refresh End
Scanning for USB devices : 2.871ms
Initializing Unity extensions:
[MODES] ModeService[none].Initialize
[MODES] ModeService[none].LoadModes
[MODES] Loading mode Default (0) for mode-current-id-BenchmarkProject
Unloading 4 Unused Serialized files (Serialized files now loaded: 0)
Unloading 875 unused Assets / (0.9 MB). Loaded Objects now: 1643.
Memory consumption went from 227.2 MB to 226.4 MB.
Total: 4.407800 ms (FindLiveObjects: 0.118200 ms CreateObjectMapping: 0.140100 ms MarkObjects: 3.740800 ms  DeleteObjects: 0.404700 ms)

Asset Pipeline Refresh (id=f235ceb0f5309dc44b7333c4b54a469c): Total: 0.024 seconds - Initiated by RefreshV2(NoUpdateAssetOptions)
Asset Pipeline Refresh (id=c1c6730102f5f224380c09a196d80466): Total: 0.029 seconds - Initiated by RefreshV2(NoUpdateAssetOptions)
DisplayProgressbar: Burst
Opening scene 'Assets/DataLayoutCalibrator/Generated/DataLayoutCalibrator.unity'
Unloading 0 Unused Serialized files (Serialized files now loaded: 0)
Loaded scene 'Assets/DataLayoutCalibrator/Generated/DataLayoutCalibrator.unity'
	Deserialize:            0.901 ms
	Integration:            36.984 ms
	Integration of assets:  0.002 ms
	Thread Wait Time:       0.021 ms
	Total Operation Time:   37.908 ms
Unloading 2 unused Assets / (1.8 KB). Loaded Objects now: 1645.
Memory consumption went from 222.4 MB to 222.4 MB.
Total: 3.627100 ms (FindLiveObjects: 0.085200 ms CreateObjectMapping: 0.064200 ms MarkObjects: 3.453800 ms  DeleteObjects: 0.023300 ms)

Importing 'GUID: 00000000000000004000000000000000 - Path: ProjectSettings/ProjectSettings.asset' with importer (LibraryAssetImporter)
Imported 'GUID: 00000000000000004000000000000000' -> (Import Result ID: '346395ee4ab2382a9240441e5cf3b9fe') in 0.001 seconds [static dependencies only]. Details - ImportResultOutputID=276a810dac73e1f29404d5e5f692e214 DependenciesID=a375a62ceda9d79b2e6755d557134fd8 StaticDependenciesID=b70c18ffc53e1682f6192ec24605adce 
Asset Pipeline Refresh (id=fc55d94b8de48e0409726ca4fbd30369): Total: 0.015 seconds - Initiated by StopAssetImportingV2(NoUpdateAssetOptions)
Launched and connected shader compiler UnityShaderCompiler.exe after 0.02 seconds
info: Microsoft.AspNetCore.Hosting.Diagnostics[1]
      Request starting HTTP/2 POST http://ilpp/UnityILPP.PostProcessing/Ping - application/grpc -
info: Microsoft.AspNetCore.Routing.EndpointMiddleware[0]
      Executing endpoint 'gRPC - /UnityILPP.PostProcessing/Ping'
info: Microsoft.AspNetCore.Routing.EndpointMiddleware[1]
      Executed endpoint 'gRPC - /UnityILPP.PostProcessing/Ping'
info: Microsoft.AspNetCore.Hosting.Diagnostics[2]
      Request finished HTTP/2 POST http://ilpp/UnityILPP.PostProcessing/Ping - 200 - application/grpc 0.2563ms
Starting: D:\CodexWork\babel-dot-20260915\Artifacts\dot-20260915\unity\Editor\Data\Tools\BuildPipeline\bee_backend.exe --ipc --defer-dag-verification --dagfile="Library/Bee/1900b0aESkipCompile.dag" --continue-on-failure --profile="Library/Bee/backend1.traceevents" ScriptAssembliesAndTypeDB
WorkingDir: D:/CodexWork/babel-dot-20260915/BenchmarkProject
ExitCode: 4 Duration: 0s40ms
[             ] Require frontend run.  Library/Bee/1900b0aESkipCompile.dag couldn't be loaded
DisplayProgressbar: Compiling Scripts
Starting: D:\CodexWork\babel-dot-20260915\Artifacts\dot-20260915\unity\Editor\Data\netcorerun\netcorerun.exe "D:\CodexWork\babel-dot-20260915\Artifacts\dot-20260915\unity\Editor\Data\Tools\BuildPipeline\ScriptCompilationBuildProgram.exe" "Library/Bee/1900b0aESkipCompile.dag.json" "Library/Bee/1900b0aESkipCompile-inputdata.json" "Library\Bee\buildprogram0.traceevents"
WorkingDir: D:/CodexWork/babel-dot-20260915/BenchmarkProject
ExitCode: 0 Duration: 0s150ms
Starting: D:\CodexWork\babel-dot-20260915\Artifacts\dot-20260915\unity\Editor\Data\Tools\BuildPipeline\bee_backend.exe --ipc --defer-dag-verification --dagfile="Library/Bee/1900b0aESkipCompile.dag" --continue-on-failure --dagfilejson="Library\Bee\1900b0aESkipCompile.dag.json" --profile="Library/Bee/backend2.traceevents" ScriptAssembliesAndTypeDB
WorkingDir: D:/CodexWork/babel-dot-20260915/BenchmarkProject
ExitCode: 0 Duration: 0s601ms
Finished compiling graph: 4 nodes, 5 flattened edges (5 ToBuild, 0 ToUse), maximum node priority 3
[2/3        0s] BuildPlayerDataGenerator Library/BuildPlayerData/Editor/TypeDb-All.json
*** Tundra build success (0.57 seconds), 1 items updated, 3 evaluated
Asset Pipeline Refresh (id=e0375316ed3cc824c967abcbe9c8128c): Total: 0.015 seconds - Initiated by RefreshV2(NoUpdateAssetOptions)
[ScriptCompilation] Requested script compilation because: Recompiling scripts for player build.
BuildPlayer: start building target 19
info: Microsoft.AspNetCore.Hosting.Diagnostics[1]
      Request starting HTTP/2 POST http://ilpp/UnityILPP.PostProcessing/Ping - application/grpc -
info: Microsoft.AspNetCore.Routing.EndpointMiddleware[0]
      Executing endpoint 'gRPC - /UnityILPP.PostProcessing/Ping'
info: Microsoft.AspNetCore.Routing.EndpointMiddleware[1]
      Executed endpoint 'gRPC - /UnityILPP.PostProcessing/Ping'
info: Microsoft.AspNetCore.Hosting.Diagnostics[2]
      Request finished HTTP/2 POST http://ilpp/UnityILPP.PostProcessing/Ping - 200 - application/grpc 0.1832ms
Starting: D:\CodexWork\babel-dot-20260915\Artifacts\dot-20260915\unity\Editor\Data\Tools\BuildPipeline\bee_backend.exe --ipc --defer-dag-verification --dagfile="Library/Bee/1900b0aP.dag" --continue-on-failure --profile="Library/Bee/backend1.traceevents" ScriptAssembliesAndTypeDB
WorkingDir: D:/CodexWork/babel-dot-20260915/BenchmarkProject
ExitCode: 4 Duration: 0s33ms
[             ] Require frontend run.  Library/Bee/1900b0aP.dag couldn't be loaded
Starting: D:\CodexWork\babel-dot-20260915\Artifacts\dot-20260915\unity\Editor\Data\netcorerun\netcorerun.exe "D:\CodexWork\babel-dot-20260915\Artifacts\dot-20260915\unity\Editor\Data\Tools\BuildPipeline\ScriptCompilationBuildProgram.exe" "Library/Bee/1900b0aP.dag.json" "Library/Bee/1900b0aP-inputdata.json" "Library\Bee\buildprogram0.traceevents"
WorkingDir: D:/CodexWork/babel-dot-20260915/BenchmarkProject
Worker ready: AssetImportWorkerHW0 0
ExitCode: 0 Duration: 0s276ms
Starting: D:\CodexWork\babel-dot-20260915\Artifacts\dot-20260915\unity\Editor\Data\Tools\BuildPipeline\bee_backend.exe --ipc --defer-dag-verification --dagfile="Library/Bee/1900b0aP.dag" --continue-on-failure --dagfilejson="Library\Bee\1900b0aP.dag.json" --profile="Library/Bee/backend2.traceevents" ScriptAssembliesAndTypeDB
WorkingDir: D:/CodexWork/babel-dot-20260915/BenchmarkProject
Total cache size 279029768
Total cache size after purge 268414802, took 00:00:01.8577993
info: Microsoft.AspNetCore.Hosting.Diagnostics[1]
      Request starting HTTP/2 POST http://ilpp/UnityILPP.PostProcessing/ConfigurePostProcessors - application/grpc -
info: Microsoft.AspNetCore.Routing.EndpointMiddleware[0]
      Executing endpoint 'gRPC - /UnityILPP.PostProcessing/ConfigurePostProcessors'
info: Unity.ILPP.Runner.PostProcessingAssemblyLoadContext[0]
      ALC ILPP context 2 is unloading
warn: Unity.ILPP.Runner.PostProcessingAssemblyLoadContext[0]
      Assembly system.runtime.interopservices.windowsruntime has duplicate hint path. Ignoring "D:\CodexWork\babel-dot-20260915\Artifacts\dot-20260915\unity\Editor\Data\UnityReferenceAssemblies\unity-4.8-api\Facades\System.Runtime.InteropServices.WindowsRuntime.dll" in favor of "D:\CodexWork\babel-dot-20260915\Artifacts\dot-20260915\unity\Editor\Data\NetStandard\Extensions\2.0.0\System.Runtime.InteropServices.WindowsRuntime.dll"
warn: Unity.ILPP.Runner.PostProcessingAssemblyLoadContext[0]
      Assembly system.componentmodel.composition has duplicate hint path. Ignoring "D:\CodexWork\babel-dot-20260915\Artifacts\dot-20260915\unity\Editor\Data\UnityReferenceAssemblies\unity-4.8-api\System.ComponentModel.Composition.dll" in favor of "D:\CodexWork\babel-dot-20260915\Artifacts\dot-20260915\unity\Editor\Data\NetStandard\compat\2.1.0\shims\netfx\System.ComponentModel.Composition.dll"
info: Unity.ILPP.Runner.PostProcessingAssemblyLoadContext[0]
      Resolved Unity.Burst.Cecil, Version=0.11.6.0, Culture=neutral, PublicKeyToken=50cebf1cceb9d05e with Library\PackageCache\com.unity.burst@2f3d916873ea\Unity.Burst.CodeGen\Unity.Burst.Cecil.dll
info: Unity.ILPP.Runner.PostProcessingAssemblyLoadContext[0]
      Resolved Mono.Cecil, Version=0.11.5.0, Culture=neutral, PublicKeyToken=50cebf1cceb9d05e with Library\PackageCache\com.unity.nuget.mono-cecil@ecb9724e46ff\Mono.Cecil.dll
info: Microsoft.AspNetCore.Routing.EndpointMiddleware[1]
      Executed endpoint 'gRPC - /UnityILPP.PostProcessing/ConfigurePostProcessors'
info: Microsoft.AspNetCore.Hosting.Diagnostics[2]
      Request finished HTTP/2 POST http://ilpp/UnityILPP.PostProcessing/ConfigurePostProcessors - 200 - application/grpc 19.5993ms
info: Microsoft.AspNetCore.Hosting.Diagnostics[1]
      Request starting HTTP/2 POST http://ilpp/UnityILPP.PostProcessing/PostProcessAssembly - application/grpc -
info: Microsoft.AspNetCore.Hosting.Diagnostics[1]
      Request starting HTTP/2 POST http://ilpp/UnityILPP.PostProcessing/PostProcessAssembly - application/grpc -
info: Microsoft.AspNetCore.Routing.EndpointMiddleware[0]
      Executing endpoint 'gRPC - /UnityILPP.PostProcessing/PostProcessAssembly'
info: Microsoft.AspNetCore.Routing.EndpointMiddleware[0]
      Executing endpoint 'gRPC - /UnityILPP.PostProcessing/PostProcessAssembly'
info: Unity.ILPP.Runner.PostProcessingPipeline[0]
      Processing assembly Library/Bee/artifacts/1900b0aP.dag/Unity.Multiplayer.Center.Common.dll, with 130 defines and 216 references
info: Unity.ILPP.Runner.PostProcessingPipeline[0]
      Processing assembly Library/Bee/artifacts/1900b0aP.dag/Unity.Collections.dll, with 132 defines and 218 references
info: Unity.ILPP.Runner.PostProcessingPipeline[0]
      processors: Unity.Jobs.CodeGen.JobsILPostProcessor, zzzUnity.Burst.CodeGen.BurstILPostProcessor
info: Unity.ILPP.Runner.PostProcessingPipeline[0]
      processors: Unity.Jobs.CodeGen.JobsILPostProcessor, zzzUnity.Burst.CodeGen.BurstILPostProcessor
info: Unity.ILPP.Runner.PostProcessingPipeline[0]
      running Unity.Jobs.CodeGen.JobsILPostProcessor
info: Unity.ILPP.Runner.PostProcessingPipeline[0]
      running Unity.Jobs.CodeGen.JobsILPostProcessor
info: Unity.ILPP.Runner.PostProcessingPipeline[0]
      running zzzUnity.Burst.CodeGen.BurstILPostProcessor
info: Unity.ILPP.Runner.PostProcessingAssemblyLoadContext[0]
      Resolved Unity.Collections, Version=0.0.0.0, Culture=neutral, PublicKeyToken=null with Library\Bee\artifacts\StandaloneWindows64_CodeGen\Unity.Collections.dll
info: Microsoft.AspNetCore.Hosting.Diagnostics[1]
      Request starting HTTP/2 POST http://ilpp/UnityILPP.PostProcessing/PostProcessAssembly - application/grpc -
info: Microsoft.AspNetCore.Routing.EndpointMiddleware[0]
      Executing endpoint 'gRPC - /UnityILPP.PostProcessing/PostProcessAssembly'
info: Unity.ILPP.Runner.PostProcessingPipeline[0]
      Processing assembly Library/Bee/artifacts/1900b0aP.dag/Unity.Mathematics.dll, with 130 defines and 216 references
info: Unity.ILPP.Runner.PostProcessingPipeline[0]
      processors: Unity.Jobs.CodeGen.JobsILPostProcessor, zzzUnity.Burst.CodeGen.BurstILPostProcessor
info: Unity.ILPP.Runner.PostProcessingPipeline[0]
      running Unity.Jobs.CodeGen.JobsILPostProcessor
info: Unity.ILPP.Runner.PostProcessingPipeline[0]
      running zzzUnity.Burst.CodeGen.BurstILPostProcessor
info: Microsoft.AspNetCore.Hosting.Diagnostics[1]
      Request starting HTTP/2 POST http://ilpp/UnityILPP.PostProcessing/PostProcessAssembly - application/grpc -
info: Microsoft.AspNetCore.Routing.EndpointMiddleware[0]
      Executing endpoint 'gRPC - /UnityILPP.PostProcessing/PostProcessAssembly'
info: Unity.ILPP.Runner.PostProcessingPipeline[0]
      Processing assembly Library/Bee/artifacts/1900b0aP.dag/Yanagisawa.DataLayoutCalibrator.dll, with 130 defines and 134 references
info: Unity.ILPP.Runner.PostProcessingPipeline[0]
      processors: Unity.Jobs.CodeGen.JobsILPostProcessor, zzzUnity.Burst.CodeGen.BurstILPostProcessor
info: Unity.ILPP.Runner.PostProcessingPipeline[0]
      running Unity.Jobs.CodeGen.JobsILPostProcessor
info: Unity.ILPP.Runner.PostProcessingPipeline[0]
      running zzzUnity.Burst.CodeGen.BurstILPostProcessor
info: Microsoft.AspNetCore.Hosting.Diagnostics[1]
      Request starting HTTP/2 POST http://ilpp/UnityILPP.PostProcessing/PostProcessAssembly - application/grpc -
info: Microsoft.AspNetCore.Routing.EndpointMiddleware[0]
      Executing endpoint 'gRPC - /UnityILPP.PostProcessing/PostProcessAssembly'
info: Unity.ILPP.Runner.PostProcessingPipeline[0]
      Processing assembly Library/Bee/artifacts/1900b0aP.dag/Unity.Burst.dll, with 130 defines and 215 references
info: Unity.ILPP.Runner.PostProcessingPipeline[0]
      processors: Unity.Jobs.CodeGen.JobsILPostProcessor, zzzUnity.Burst.CodeGen.BurstILPostProcessor
info: Unity.ILPP.Runner.PostProcessingPipeline[0]
      running Unity.Jobs.CodeGen.JobsILPostProcessor
info: Unity.ILPP.Runner.PostProcessingPipeline[0]
      running zzzUnity.Burst.CodeGen.BurstILPostProcessor
info: Microsoft.AspNetCore.Routing.EndpointMiddleware[1]
      Executed endpoint 'gRPC - /UnityILPP.PostProcessing/PostProcessAssembly'
info: Microsoft.AspNetCore.Hosting.Diagnostics[2]
      Request finished HTTP/2 POST http://ilpp/UnityILPP.PostProcessing/PostProcessAssembly - 200 - application/grpc 102.5206ms
info: Microsoft.AspNetCore.Routing.EndpointMiddleware[1]
      Executed endpoint 'gRPC - /UnityILPP.PostProcessing/PostProcessAssembly'
info: Microsoft.AspNetCore.Routing.EndpointMiddleware[1]
      Executed endpoint 'gRPC - /UnityILPP.PostProcessing/PostProcessAssembly'
info: Microsoft.AspNetCore.Hosting.Diagnostics[2]
      Request finished HTTP/2 POST http://ilpp/UnityILPP.PostProcessing/PostProcessAssembly - 200 - application/grpc 71.7713ms
info: Microsoft.AspNetCore.Hosting.Diagnostics[2]
      Request finished HTTP/2 POST http://ilpp/UnityILPP.PostProcessing/PostProcessAssembly - 200 - application/grpc 40.5112ms
info: Microsoft.AspNetCore.Hosting.Diagnostics[1]
      Request starting HTTP/2 POST http://ilpp/UnityILPP.PostProcessing/PostProcessAssembly - application/grpc -
info: Microsoft.AspNetCore.Routing.EndpointMiddleware[0]
      Executing endpoint 'gRPC - /UnityILPP.PostProcessing/PostProcessAssembly'
info: Unity.ILPP.Runner.PostProcessingPipeline[0]
      Processing assembly Library/Bee/artifacts/1900b0aP.dag/Yanagisawa.DataLayoutCalibrator.Samples.TransformExport.dll, with 130 defines and 220 references
info: Unity.ILPP.Runner.PostProcessingPipeline[0]
      processors: Unity.Jobs.CodeGen.JobsILPostProcessor, zzzUnity.Burst.CodeGen.BurstILPostProcessor
info: Unity.ILPP.Runner.PostProcessingPipeline[0]
      running Unity.Jobs.CodeGen.JobsILPostProcessor
info: Unity.ILPP.Runner.PostProcessingAssemblyLoadContext[0]
      Resolved UnityEditor.CoreModule, Version=0.0.0.0, Culture=neutral, PublicKeyToken=null with D:\CodexWork\babel-dot-20260915\Artifacts\dot-20260915\unity\Editor\Data\Managed\UnityEngine\UnityEditor.CoreModule.dll
info: Unity.ILPP.Runner.PostProcessingAssemblyLoadContext[0]
      Resolved UnityEngine.CoreModule, Version=0.0.0.0, Culture=neutral, PublicKeyToken=null with D:\CodexWork\babel-dot-20260915\Artifacts\dot-20260915\unity\Editor\Data\Managed\UnityEngine\UnityEngine.CoreModule.dll
info: Unity.ILPP.Runner.PostProcessingAssemblyLoadContext[0]
      Resolved Unity.Scripting, Version=0.0.0.0, Culture=neutral, PublicKeyToken=null with D:\CodexWork\babel-dot-20260915\Artifacts\dot-20260915\unity\Editor\Data\Managed\UnityEngine\Unity.Scripting.dll
info: Unity.ILPP.Runner.PostProcessingAssemblyLoadContext[0]
      Resolved Mono.Cecil.Rocks, Version=0.11.5.0, Culture=neutral, PublicKeyToken=50cebf1cceb9d05e with Library\PackageCache\com.unity.nuget.mono-cecil@ecb9724e46ff\Mono.Cecil.Rocks.dll
info: Microsoft.AspNetCore.Hosting.Diagnostics[1]
      Request starting HTTP/2 POST http://ilpp/UnityILPP.PostProcessing/PostProcessAssembly - application/grpc -
info: Microsoft.AspNetCore.Routing.EndpointMiddleware[0]
      Executing endpoint 'gRPC - /UnityILPP.PostProcessing/PostProcessAssembly'
info: Unity.ILPP.Runner.PostProcessingPipeline[0]
      Processing assembly Library/Bee/artifacts/1900b0aP.dag/Yanagisawa.DataLayoutCalibrator.Samples.ExternalWorkloads.dll, with 130 defines and 219 references
info: Unity.ILPP.Runner.PostProcessingPipeline[0]
      processors: Unity.Jobs.CodeGen.JobsILPostProcessor, zzzUnity.Burst.CodeGen.BurstILPostProcessor
info: Unity.ILPP.Runner.PostProcessingPipeline[0]
      running Unity.Jobs.CodeGen.JobsILPostProcessor
info: Unity.ILPP.Runner.PostProcessingAssemblyLoadContext[0]
      Resolved Unity.Burst.Cecil.Rocks, Version=0.11.6.0, Culture=neutral, PublicKeyToken=50cebf1cceb9d05e with Library\PackageCache\com.unity.burst@2f3d916873ea\Unity.Burst.CodeGen\Unity.Burst.Cecil.Rocks.dll
info: Microsoft.AspNetCore.Hosting.Diagnostics[1]
      Request starting HTTP/2 POST http://ilpp/UnityILPP.PostProcessing/PostProcessAssembly - application/grpc -
info: Microsoft.AspNetCore.Routing.EndpointMiddleware[0]
      Executing endpoint 'gRPC - /UnityILPP.PostProcessing/PostProcessAssembly'
info: Unity.ILPP.Runner.PostProcessingPipeline[0]
      Processing assembly Library/Bee/artifacts/1900b0aP.dag/Yanagisawa.DataLayoutCalibrator.Samples.AdditionalWorkloads.dll, with 130 defines and 220 references
info: Unity.ILPP.Runner.PostProcessingPipeline[0]
      processors: Unity.Jobs.CodeGen.JobsILPostProcessor, zzzUnity.Burst.CodeGen.BurstILPostProcessor
info: Unity.ILPP.Runner.PostProcessingPipeline[0]
      running Unity.Jobs.CodeGen.JobsILPostProcessor
info: Microsoft.AspNetCore.Hosting.Diagnostics[1]
      Request starting HTTP/2 POST http://ilpp/UnityILPP.PostProcessing/PostProcessAssembly - application/grpc -
info: Microsoft.AspNetCore.Routing.EndpointMiddleware[0]
      Executing endpoint 'gRPC - /UnityILPP.PostProcessing/PostProcessAssembly'
info: Unity.ILPP.Runner.PostProcessingPipeline[0]
      Processing assembly Library/Bee/artifacts/1900b0aP.dag/Yanagisawa.DataLayoutCalibrator.Samples.ParticleIntegrate.dll, with 130 defines and 220 references
info: Unity.ILPP.Runner.PostProcessingPipeline[0]
      processors: Unity.Jobs.CodeGen.JobsILPostProcessor, zzzUnity.Burst.CodeGen.BurstILPostProcessor
info: Unity.ILPP.Runner.PostProcessingPipeline[0]
      running Unity.Jobs.CodeGen.JobsILPostProcessor
info: Unity.ILPP.Runner.PostProcessingPipeline[0]
      running zzzUnity.Burst.CodeGen.BurstILPostProcessor
info: Unity.ILPP.Runner.PostProcessingPipeline[0]
      running zzzUnity.Burst.CodeGen.BurstILPostProcessor
info: Unity.ILPP.Runner.PostProcessingPipeline[0]
      running zzzUnity.Burst.CodeGen.BurstILPostProcessor
info: Unity.ILPP.Runner.PostProcessingPipeline[0]
      running zzzUnity.Burst.CodeGen.BurstILPostProcessor
info: Microsoft.AspNetCore.Routing.EndpointMiddleware[1]
      Executed endpoint 'gRPC - /UnityILPP.PostProcessing/PostProcessAssembly'
info: Microsoft.AspNetCore.Routing.EndpointMiddleware[1]
      Executed endpoint 'gRPC - /UnityILPP.PostProcessing/PostProcessAssembly'
info: Microsoft.AspNetCore.Routing.EndpointMiddleware[1]
      Executed endpoint 'gRPC - /UnityILPP.PostProcessing/PostProcessAssembly'
info: Microsoft.AspNetCore.Routing.EndpointMiddleware[1]
      Executed endpoint 'gRPC - /UnityILPP.PostProcessing/PostProcessAssembly'
info: Microsoft.AspNetCore.Hosting.Diagnostics[2]
      Request finished HTTP/2 POST http://ilpp/UnityILPP.PostProcessing/PostProcessAssembly - 200 - application/grpc 245.2231ms
info: Microsoft.AspNetCore.Hosting.Diagnostics[2]
      Request finished HTTP/2 POST http://ilpp/UnityILPP.PostProcessing/PostProcessAssembly - 200 - application/grpc 159.5342ms
info: Microsoft.AspNetCore.Hosting.Diagnostics[2]
      Request finished HTTP/2 POST http://ilpp/UnityILPP.PostProcessing/PostProcessAssembly - 200 - application/grpc 143.9715ms
info: Microsoft.AspNetCore.Hosting.Diagnostics[2]
      Request finished HTTP/2 POST http://ilpp/UnityILPP.PostProcessing/PostProcessAssembly - 200 - application/grpc 189.7932ms
info: Unity.ILPP.Runner.PostProcessingPipeline[0]
      running zzzUnity.Burst.CodeGen.BurstILPostProcessor
info: Microsoft.AspNetCore.Hosting.Diagnostics[1]
      Request starting HTTP/2 POST http://ilpp/UnityILPP.PostProcessing/PostProcessAssembly - application/grpc -
info: Microsoft.AspNetCore.Routing.EndpointMiddleware[0]
      Executing endpoint 'gRPC - /UnityILPP.PostProcessing/PostProcessAssembly'
info: Unity.ILPP.Runner.PostProcessingPipeline[0]
      Processing assembly Library/Bee/artifacts/1900b0aP.dag/Yanagisawa.DataLayoutCalibrator.Benchmark.dll, with 130 defines and 224 references
info: Unity.ILPP.Runner.PostProcessingPipeline[0]
      processors: Unity.Jobs.CodeGen.JobsILPostProcessor, zzzUnity.Burst.CodeGen.BurstILPostProcessor
info: Unity.ILPP.Runner.PostProcessingPipeline[0]
      running Unity.Jobs.CodeGen.JobsILPostProcessor
info: Unity.ILPP.Runner.PostProcessingPipeline[0]
      running zzzUnity.Burst.CodeGen.BurstILPostProcessor
info: Microsoft.AspNetCore.Routing.EndpointMiddleware[1]
      Executed endpoint 'gRPC - /UnityILPP.PostProcessing/PostProcessAssembly'
info: Microsoft.AspNetCore.Hosting.Diagnostics[2]
      Request finished HTTP/2 POST http://ilpp/UnityILPP.PostProcessing/PostProcessAssembly - 200 - application/grpc 40.2460ms
info: Microsoft.AspNetCore.Routing.EndpointMiddleware[1]
      Executed endpoint 'gRPC - /UnityILPP.PostProcessing/PostProcessAssembly'
info: Microsoft.AspNetCore.Hosting.Diagnostics[2]
      Request finished HTTP/2 POST http://ilpp/UnityILPP.PostProcessing/PostProcessAssembly - 200 - application/grpc 571.6187ms
info: Microsoft.AspNetCore.Routing.EndpointMiddleware[1]
      Executed endpoint 'gRPC - /UnityILPP.PostProcessing/PostProcessAssembly'
info: Microsoft.AspNetCore.Hosting.Diagnostics[2]
      Request finished HTTP/2 POST http://ilpp/UnityILPP.PostProcessing/PostProcessAssembly - 200 - application/grpc 478.3773ms
ExitCode: 0 Duration: 5s862ms
Finished compiling graph: 381 nodes, 2671 flattened edges (2419 ToBuild, 30 ToUse), maximum node priority 91
[ 75/380    0s] WriteText Library/Bee/artifacts/StandaloneWindows64_CodeGen/Unity.Burst.UnityAdditionalFile.txt
[ 77/380    0s] WriteText Library/Bee/artifacts/StandaloneWindows64_CodeGen/Unity.Burst.rsp2
[103/380    0s] WriteText Library/Bee/artifacts/StandaloneWindows64_CodeGen/Unity.Mathematics.rsp2
[153/380    0s] WriteText Library/Bee/artifacts/StandaloneWindows64_CodeGen/Unity.Mathematics.UnityAdditionalFile.txt
[154/380    0s] WriteText Library/Bee/artifacts/StandaloneWindows64_CodeGen/Unity.Burst.dll.mvfrm.rsp
[155/380    0s] WriteText Library/Bee/artifacts/StandaloneWindows64_CodeGen/Unity.Burst.rsp
[156/380    0s] WriteText Library/Bee/artifacts/1900b0aP.dag/Unity.Mathematics.UnityAdditionalFile.txt
[157/380    0s] WriteText Library/Bee/artifacts/1900b0aP.dag/Unity.Burst.rsp2
[158/380    0s] WriteText Library/Bee/artifacts/1900b0aP.dag/Unity.Mathematics.rsp2
[159/380    0s] WriteText Library/Bee/artifacts/1900b0aP.dag/Unity.Burst.UnityAdditionalFile.txt
[160/380    0s] MovedFromExtractor Library/Bee/artifacts/mvdfrm/UnityEngine.UnityWebRequestAudioModule.dll_D76D52273D84A1FC.mvfrm
[161/380    0s] MovedFromExtractor Library/Bee/artifacts/mvdfrm/UnityEngine.UnityConnectModule.dll_9AB76C6E9D8BDEDB.mvfrm
[162/380    0s] MovedFromExtractor Library/Bee/artifacts/mvdfrm/UnityEngine.UnityConsentModule.dll_6C5D039AAA96752B.mvfrm
[163/380    0s] MovedFromExtractor Library/Bee/artifacts/mvdfrm/UnityEngine.VirtualTexturingModule.dll_FBCEB2B5701A5C03.mvfrm
[164/380    0s] MovedFromExtractor Library/Bee/artifacts/mvdfrm/UnityEngine.XRModule.dll_E62921C69DB50E10.mvfrm
[165/380    0s] MovedFromExtractor Library/Bee/artifacts/mvdfrm/UnityEngine.UnityAnalyticsModule.dll_376981B8208F47E7.mvfrm
[166/380    0s] MovedFromExtractor Library/Bee/artifacts/mvdfrm/UnityEngine.UnityWebRequestAssetBundleModule.dll_019408B666887FF8.mvfrm
[167/380    0s] MovedFromExtractor Library/Bee/artifacts/mvdfrm/UnityEngine.UnityAnalyticsCommonModule.dll_FAAFBB8CD10275C2.mvfrm
[168/380    0s] MovedFromExtractor Library/Bee/artifacts/mvdfrm/UnityEngine.VFXModule.dll_C9A672AA2FB84B96.mvfrm
[169/380    0s] MovedFromExtractor Library/Bee/artifacts/mvdfrm/UnityEngine.UnityWebRequestModule.dll_64DB111E7011DA5E.mvfrm
[170/380    0s] MovedFromExtractor Library/Bee/artifacts/mvdfrm/UnityEngine.WindModule.dll_489FBF7C86EBDC0E.mvfrm
[171/380    0s] MovedFromExtractor Library/Bee/artifacts/mvdfrm/UnityEngine.UnityWebRequestWWWModule.dll_DB764A83D79CA70D.mvfrm
[172/380    0s] MovedFromExtractor Library/Bee/artifacts/mvdfrm/UnityEngine.VehiclesModule.dll_4E2EB4FCC9773C9D.mvfrm
[173/380    0s] MovedFromExtractor Library/Bee/artifacts/mvdfrm/UnityEngine.UnityCurlModule.dll_D6D8BFCBC86ED8BF.mvfrm
[174/380    0s] MovedFromExtractor Library/Bee/artifacts/mvdfrm/UnityEngine.PhysicsBackendPhysXModule.dll_27CA1ADD9BF73D37.mvfrm
[175/380    0s] MovedFromExtractor Library/Bee/artifacts/mvdfrm/UnityEngine.dll_B23AAB2BBF6DFAE0.mvfrm
[176/380    0s] MovedFromExtractor Library/Bee/artifacts/mvdfrm/UnityEngine.VideoModule.dll_914B6AAE405D5EE9.mvfrm
[177/380    0s] MovedFromExtractor Library/Bee/artifacts/mvdfrm/UnityEngine.UnityWebRequestTextureModule.dll_5106B2DC56098F51.mvfrm
[178/380    0s] MovedFromExtractor Library/Bee/artifacts/mvdfrm/UnityEngine.VectorGraphicsModule.dll_AF114723066E6C34.mvfrm
[179/380    0s] MovedFromExtractor-Combine Library/Bee/artifacts/StandaloneWindows64_CodeGen/Unity.Burst.dll.mvfrm
[180/380    0s] MovedFromExtractor Library/Bee/artifacts/mvdfrm/UnityEngine.UmbraModule.dll_E716925C0AF1EEB7.mvfrm
[181/380    0s] MovedFromExtractor Library/Bee/artifacts/mvdfrm/UnityEngine.TextRenderingModule.dll_89785DB33FC7C00D.mvfrm
[182/380    0s] MovedFromExtractor Library/Bee/artifacts/mvdfrm/UnityEngine.UIModule.dll_6098383C72C03B3A.mvfrm
[183/380    0s] MovedFromExtractor Library/Bee/artifacts/mvdfrm/UnityEngine.TLSModule.dll_48C7DA3B594AE229.mvfrm
[184/380    0s] MovedFromExtractor Library/Bee/artifacts/mvdfrm/UnityEngine.UIElementsModule.dll_3A56963A5C396CC1.mvfrm
[185/380    0s] MovedFromExtractor Library/Bee/artifacts/mvdfrm/UnityEngine.U2DRuntimeModule.dll_06F485992968A6D7.mvfrm
[186/380    0s] MovedFromExtractor Library/Bee/artifacts/mvdfrm/UnityEngine.TilemapModule.dll_571D61098068E88C.mvfrm
[187/380    0s] MovedFromExtractor Library/Bee/artifacts/mvdfrm/UnityEngine.TextCoreTextEngineModule.dll_10B40527E7DCEAA1.mvfrm
[188/380    0s] MovedFromExtractor Library/Bee/artifacts/mvdfrm/UnityEngine.TextCoreFontEngineModule.dll_C8CBCEB658593183.mvfrm
[189/380    0s] MovedFromExtractor Library/Bee/artifacts/mvdfrm/UnityEngine.TerrainPhysicsModule.dll_1844B9C18DAAF078.mvfrm
[190/380    0s] MovedFromExtractor Library/Bee/artifacts/mvdfrm/UnityEngine.TerrainModule.dll_B820F98868AC0783.mvfrm
[191/380    0s] MovedFromExtractor Library/Bee/artifacts/mvdfrm/UnityEngine.SpriteShapeModule.dll_C20558AD222A244A.mvfrm
[192/380    0s] MovedFromExtractor Library/Bee/artifacts/mvdfrm/UnityEngine.SubstanceModule.dll_34FC2033F3359C1E.mvfrm
[193/380    0s] MovedFromExtractor Library/Bee/artifacts/mvdfrm/UnityEngine.SpriteMaskModule.dll_CB6ACE708AC548B7.mvfrm
[194/380    0s] MovedFromExtractor Library/Bee/artifacts/mvdfrm/UnityEngine.SharedInternalsModule.dll_D74D4849DC4B3B2F.mvfrm
[195/380    0s] MovedFromExtractor Library/Bee/artifacts/mvdfrm/UnityEngine.SubsystemsModule.dll_361834D2590D30CA.mvfrm
[196/380    0s] MovedFromExtractor Library/Bee/artifacts/mvdfrm/UnityEngine.StreamingModule.dll_58510BEAA7E29E10.mvfrm
[197/380    0s] MovedFromExtractor Library/Bee/artifacts/mvdfrm/UnityEngine.ScriptingModule.dll_BADD7760D7E29585.mvfrm
[198/380    0s] MovedFromExtractor Library/Bee/artifacts/mvdfrm/UnityEngine.JSONSerializeModule.dll_46513E23742413B6.mvfrm
[199/380    0s] MovedFromExtractor Library/Bee/artifacts/mvdfrm/UnityEngine.ShaderVariantAnalyticsModule.dll_11C0D08D01D5CACC.mvfrm
[200/380    0s] MovedFromExtractor Library/Bee/artifacts/mvdfrm/UnityEngine.RuntimeInitializeOnLoadManagerInitializerModule.dll_D48B9ACB03489D30.mvfrm
[201/380    0s] MovedFromExtractor Library/Bee/artifacts/mvdfrm/UnityEngine.ScreenCaptureModule.dll_6038EBA888904018.mvfrm
[202/380    0s] MovedFromExtractor Library/Bee/artifacts/mvdfrm/UnityEngine.PropertiesModule.dll_0F799B1EDC411779.mvfrm
[203/380    0s] MovedFromExtractor Library/Bee/artifacts/mvdfrm/UnityEngine.PhysicsModule.dll_9DDA7E1992EDBE95.mvfrm
[204/380    0s] MovedFromExtractor Library/Bee/artifacts/mvdfrm/UnityEngine.PhysicsCore2DModule.dll_D3FD8C92D38DA816.mvfrm
[205/380    0s] MovedFromExtractor Library/Bee/artifacts/mvdfrm/UnityEngine.RenderAs2DModule.dll_50B15DA4BB9B61B0.mvfrm
[206/380    0s] MovedFromExtractor Library/Bee/artifacts/mvdfrm/UnityEngine.MultiplayerModule.dll_284C47DF254F79B8.mvfrm
[207/380    0s] MovedFromExtractor Library/Bee/artifacts/mvdfrm/UnityEngine.Physics2DModule.dll_F0620E8AF957DE67.mvfrm
[208/380    0s] MovedFromExtractor Library/Bee/artifacts/mvdfrm/UnityEngine.MarshallingModule.dll_510CC9E750B01992.mvfrm
[209/380    0s] MovedFromExtractor Library/Bee/artifacts/mvdfrm/UnityEngine.PerformanceReportingModule.dll_5F70FE48B719D764.mvfrm
[210/380    0s] MovedFromExtractor Library/Bee/artifacts/mvdfrm/UnityEngine.LocalizationModule.dll_6B4127C7EC07A3EF.mvfrm
[211/380    0s] MovedFromExtractor Library/Bee/artifacts/mvdfrm/UnityEngine.ParticleSystemModule.dll_17CA10EE7467F5EB.mvfrm
[212/380    0s] MovedFromExtractor Library/Bee/artifacts/mvdfrm/UnityEngine.InsightsModule.dll_7032840DD9CABC81.mvfrm
[213/380    0s] MovedFromExtractor Library/Bee/artifacts/mvdfrm/UnityEngine.MathematicsModule.dll_CDB8D92BE0FFE374.mvfrm
[214/380    0s] MovedFromExtractor Library/Bee/artifacts/mvdfrm/UnityEngine.DirectorModule.dll_D66BBB7D4F4D6D02.mvfrm
[215/380    0s] MovedFromExtractor Library/Bee/artifacts/mvdfrm/UnityEngine.InputModule.dll_D2B7ADF3F40367E8.mvfrm
[216/380    0s] MovedFromExtractor Library/Bee/artifacts/mvdfrm/UnityEngine.InputForUIModule.dll_E4F0B5F9C9764FF9.mvfrm
[217/380    0s] MovedFromExtractor Library/Bee/artifacts/mvdfrm/UnityEngine.InputLegacyModule.dll_39E946710479A231.mvfrm
[218/380    0s] MovedFromExtractor Library/Bee/artifacts/mvdfrm/UnityEngine.ImageConversionModule.dll_533C0974651D3FDF.mvfrm
[219/380    0s] MovedFromExtractor Library/Bee/artifacts/mvdfrm/UnityEngine.IdentifiersModule.dll_812DB3482F00BA58.mvfrm
[220/380    0s] MovedFromExtractor Library/Bee/artifacts/mvdfrm/UnityEngine.IMGUIModule.dll_A4A185AA43FCD725.mvfrm
[221/380    0s] MovedFromExtractor Library/Bee/artifacts/mvdfrm/UnityEngine.HotReloadModule.dll_2504DCA0338E0254.mvfrm
[222/380    0s] MovedFromExtractor Library/Bee/artifacts/mvdfrm/UnityEngine.GridModule.dll_AFC200420E09F39C.mvfrm
[223/380    0s] MovedFromExtractor Library/Bee/artifacts/mvdfrm/UnityEngine.HierarchyCoreModule.dll_5D5451C1E3960C22.mvfrm
[224/380    0s] MovedFromExtractor Library/Bee/artifacts/mvdfrm/UnityEngine.ClusterRendererModule.dll_E74A0BC3E2F887EB.mvfrm
[225/380    0s] MovedFromExtractor Library/Bee/artifacts/mvdfrm/UnityEngine.ClothModule.dll_D32A433E57E82228.mvfrm
[226/380    0s] WriteText Library/Bee/artifacts/StandaloneWindows64_CodeGen/Unity.Mathematics.dll.mvfrm.rsp
[227/380    0s] MovedFromExtractor Library/Bee/artifacts/mvdfrm/UnityEngine.GIModule.dll_FD60E31CB2281DA8.mvfrm
[228/380    0s] WriteText Library/Bee/artifacts/StandaloneWindows64_CodeGen/Unity.Mathematics.rsp
[229/380    0s] WriteText Library/Bee/artifacts/StandaloneWindows64_CodeGen/Unity.Collections.UnityAdditionalFile.txt
[230/380    0s] MovedFromExtractor Library/Bee/artifacts/mvdfrm/UnityEngine.DSPGraphModule.dll_DBBD1CE6C1AE3E23.mvfrm
[231/380    0s] WriteText Library/Bee/artifacts/1900b0aP.dag/Unity.Mathematics.dll.mvfrm.rsp
[232/380    0s] MovedFromExtractor Library/Bee/artifacts/mvdfrm/UnityEngine.CrashReportingModule.dll_C4B7C7A206566A5D.mvfrm
[233/380    0s] WriteText Library/Bee/artifacts/StandaloneWindows64_CodeGen/Unity.Collections.rsp2
[234/380    0s] WriteText Library/Bee/artifacts/1900b0aP.dag/Unity.Burst.dll.mvfrm.rsp
[235/380    0s] MovedFromExtractor Library/Bee/artifacts/mvdfrm/UnityEngine.GraphicsStateCollectionSerializerModule.dll_A76D508766538C54.mvfrm
[236/380    0s] MovedFromExtractor Library/Bee/artifacts/mvdfrm/UnityEngine.GameCenterModule.dll_E23E5BE06955B33D.mvfrm
[237/380    0s] WriteText Library/Bee/artifacts/1900b0aP.dag/Unity.Burst.rsp
[238/380    0s] WriteText Library/Bee/artifacts/1900b0aP.dag/Unity.Mathematics.rsp
[239/380    0s] WriteText Library/Bee/artifacts/StandaloneWindows64_CodeGen/Unity.Collections.dll.mvfrm.rsp
[240/380    0s] WriteText Library/Bee/artifacts/StandaloneWindows64_CodeGen/Unity.Collections.rsp
[241/380    0s] WriteText Library/Bee/artifacts/StandaloneWindows64_CodeGen/Unity.Collections.CodeGen.rsp2
[242/380    0s] WriteText Library/Bee/artifacts/1900b0aP.dag/Unity.Collections.UnityAdditionalFile.txt
[243/380    0s] WriteText Library/Bee/artifacts/1900b0aP.dag/Unity.Collections.rsp2
[251/380    0s] MovedFromExtractor Library/Bee/artifacts/mvdfrm/UnityEngine.AssetBundleModule.dll_A8A42B526C87EC40.mvfrm
[253/380    0s] WriteText Library/Bee/artifacts/StandaloneWindows64_CodeGen/Unity.Burst.CodeGen.rsp2
[254/380    0s] WriteText Library/Bee/artifacts/1900b0aP.dag/Yanagisawa.DataLayoutCalibrator.UnityAdditionalFile.txt
[255/380    0s] WriteText Library/Bee/artifacts/1900b0aP.dag/Unity.Collections.rsp
[256/380    0s] WriteText Library/Bee/artifacts/StandaloneWindows64_CodeGen/Unity.Collections.CodeGen.UnityAdditionalFile.txt
[257/380    0s] WriteText Library/Bee/artifacts/StandaloneWindows64_CodeGen/Unity.Burst.CodeGen.UnityAdditionalFile.txt
[258/380    0s] WriteText Library/Bee/artifacts/StandaloneWindows64_CodeGen/Unity.Collections.CodeGen.dll.mvfrm.rsp
[259/380    0s] WriteText Library/Bee/artifacts/1900b0aP.dag/Unity.Collections.dll.mvfrm.rsp
[260/380    0s] WriteText Library/Bee/artifacts/1900b0aP.dag/Yanagisawa.DataLayoutCalibrator.rsp2
[261/380    0s] WriteText Library/Bee/artifacts/1900b0aP.dag/Yanagisawa.DataLayoutCalibrator.dll.mvfrm.rsp
[262/380    0s] WriteText Library/Bee/artifacts/1900b0aP.dag/Yanagisawa.DataLayoutCalibrator.Samples.TransformExport.rsp2
[263/380    0s] WriteText Library/Bee/artifacts/StandaloneWindows64_CodeGen/Unity.Burst.CodeGen.rsp
[264/380    0s] WriteText Library/Bee/artifacts/StandaloneWindows64_CodeGen/Unity.Burst.CodeGen.dll.mvfrm.rsp
[265/380    0s] WriteText Library/Bee/artifacts/StandaloneWindows64_CodeGen/Unity.Collections.CodeGen.rsp
[266/380    0s] WriteText Library/Bee/artifacts/1900b0aP.dag/Yanagisawa.DataLayoutCalibrator.rsp
[267/380    0s] WriteResponseFile Library/Bee/artifacts/rsp/4747638433968585886.rsp
[268/380    0s] WriteText Library/Bee/artifacts/1900b0aP.dag/Yanagisawa.DataLayoutCalibrator.Samples.ExternalWorkloads.UnityAdditionalFile.txt
[269/380    0s] WriteText Library/Bee/artifacts/1900b0aP.dag/Yanagisawa.DataLayoutCalibrator.Samples.AdditionalWorkloads.UnityAdditionalFile.txt
[270/380    0s] WriteText Library/Bee/artifacts/1900b0aP.dag/Yanagisawa.DataLayoutCalibrator.Samples.ExternalWorkloads.rsp2
[271/380    0s] WriteText Library/Bee/artifacts/1900b0aP.dag/Yanagisawa.DataLayoutCalibrator.Samples.ParticleIntegrate.rsp2
[272/380    0s] WriteText Library/Bee/artifacts/1900b0aP.dag/Yanagisawa.DataLayoutCalibrator.Samples.AdditionalWorkloads.rsp2
[273/380    0s] WriteText Library/Bee/artifacts/1900b0aP.dag/Yanagisawa.DataLayoutCalibrator.Samples.ParticleIntegrate.UnityAdditionalFile.txt
[274/380    0s] WriteText Library/Bee/artifacts/1900b0aP.dag/Yanagisawa.DataLayoutCalibrator.Samples.TransformExport.UnityAdditionalFile.txt
[275/380    0s] WriteText Library/Bee/artifacts/1900b0aP.dag/Yanagisawa.DataLayoutCalibrator.Samples.ParticleIntegrate.dll.mvfrm.rsp
[276/380    0s] WriteText Library/Bee/artifacts/1900b0aP.dag/Yanagisawa.DataLayoutCalibrator.Samples.ExternalWorkloads.dll.mvfrm.rsp
[277/380    0s] WriteText Library/Bee/artifacts/1900b0aP.dag/Yanagisawa.DataLayoutCalibrator.Samples.AdditionalWorkloads.dll.mvfrm.rsp
[278/380    0s] WriteText Library/Bee/artifacts/1900b0aP.dag/Yanagisawa.DataLayoutCalibrator.Samples.ExternalWorkloads.rsp
[279/380    0s] WriteText Library/Bee/artifacts/1900b0aP.dag/Yanagisawa.DataLayoutCalibrator.Samples.TransformExport.dll.mvfrm.rsp
[280/380    0s] WriteText Library/Bee/artifacts/1900b0aP.dag/Yanagisawa.DataLayoutCalibrator.Samples.ParticleIntegrate.rsp
[281/380    0s] WriteText Library/Bee/artifacts/1900b0aP.dag/Yanagisawa.DataLayoutCalibrator.Samples.AdditionalWorkloads.rsp
[282/380    0s] WriteText Library/Bee/artifacts/1900b0aP.dag/Yanagisawa.DataLayoutCalibrator.Benchmark.dll.mvfrm.rsp
[283/380    0s] WriteText Library/Bee/artifacts/1900b0aP.dag/Unity.Multiplayer.Center.Common.dll.mvfrm.rsp
[284/380    0s] WriteText Library/Bee/artifacts/1900b0aP.dag/Yanagisawa.DataLayoutCalibrator.Samples.TransformExport.rsp
[285/380    0s] WriteText Library/Bee/artifacts/1900b0aP.dag/Unity.Multiplayer.Center.Common.UnityAdditionalFile.txt
[286/380    0s] WriteText Library/Bee/artifacts/1900b0aP.dag/Unity.Multiplayer.Center.Common.rsp2
[287/380    0s] WriteText Library/Bee/artifacts/1900b0aP.dag/Yanagisawa.DataLayoutCalibrator.Benchmark.UnityAdditionalFile.txt
[288/380    0s] WriteText Library/Bee/artifacts/1900b0aP.dag/Yanagisawa.DataLayoutCalibrator.Benchmark.rsp2
[289/380    0s] WriteText Library/Bee/artifacts/1900b0aP.dag/Unity.Multiplayer.Center.Common.rsp
[290/380    0s] WriteText Library/Bee/artifacts/1900b0aP.dag/Yanagisawa.DataLayoutCalibrator.Benchmark.rsp
[291/380    0s] WriteResponseFile Library/Bee/artifacts/rsp/10745255971020873685.rsp
[292/380    0s] WriteResponseFile Library/Bee/artifacts/rsp/5437261266887214395.rsp
[293/380    0s] WriteResponseFile Library/Bee/artifacts/rsp/2595278970140689822.rsp
[294/380    0s] WriteResponseFile Library/Bee/artifacts/rsp/4606872990685059183.rsp
[295/380    0s] WriteResponseFile Library/Bee/artifacts/rsp/12777052554256862767.rsp
[296/380    0s] WriteResponseFile Library/Bee/artifacts/rsp/18230003593039174797.rsp
[297/380    0s] WriteResponseFile Library/Bee/artifacts/rsp/15018142518069335940.rsp
[298/380    0s] WriteResponseFile Library/Bee/artifacts/rsp/16535624540582444286.rsp
[299/380    0s] WriteResponseFile Library/Bee/artifacts/rsp/18345886388837496740.rsp
[300/380    0s] WriteResponseFile Library/Bee/artifacts/rsp/14795340959058682048.rsp
[301/380    0s] MovedFromExtractor Library/Bee/artifacts/mvdfrm/UnityEngine.ClusterInputModule.dll_2CF45D75548BB0F6.mvfrm
[302/380    0s] MovedFromExtractor Library/Bee/artifacts/mvdfrm/UnityEngine.ContentLoadModule.dll_41BA84933B0A942D.mvfrm
[303/380    0s] MovedFromExtractor Library/Bee/artifacts/mvdfrm/UnityEngine.CoreModule.dll_D250E453F5B55DA5.mvfrm
[304/380    0s] MovedFromExtractor Library/Bee/artifacts/mvdfrm/UnityEngine.AnimationModule.dll_A3BC1E9A585AE6D2.mvfrm
[305/380    0s] MovedFromExtractor Library/Bee/artifacts/mvdfrm/UnityEngine.AudioModule.dll_6C41E6437DCB4344.mvfrm
[306/380    0s] MovedFromExtractor Library/Bee/artifacts/mvdfrm/UnityEngine.AdaptivePerformanceModule.dll_4DB63350B93AFA78.mvfrm
[307/380    0s] MovedFromExtractor Library/Bee/artifacts/mvdfrm/UnityEngine.AndroidJNIModule.dll_B7F111C5A314C24C.mvfrm
[           0s] Csc Library/Bee/artifacts/StandaloneWindows64_CodeGen/Unity.Burst.dll (+2 others) [CacheMiss 641438676218116a33fb0da88a137bc200000000000000000000000000000006]
[308/380    0s] MovedFromExtractor Library/Bee/artifacts/mvdfrm/UnityEngine.AccessibilityModule.dll_E639B4E774E8B32C.mvfrm
[309/380    0s] MovedFromExtractor Library/Bee/artifacts/mvdfrm/UnityEngine.AIModule.dll_65249A0F1679358E.mvfrm
[310/380    0s] MovedFromExtractor Library/Bee/artifacts/mvdfrm/Unity.Scripting.dll_1BDFB9E710689A67.mvfrm
[311/380    0s] MovedFromExtractor-Combine Library/Bee/artifacts/1900b0aP.dag/Yanagisawa.DataLayoutCalibrator.dll.mvfrm
[312/380    0s] MovedFromExtractor Library/Bee/artifacts/mvdfrm/UnityEngine.ARModule.dll_1E975F1273969457.mvfrm
[313/380    0s] MovedFromExtractor-Combine Library/Bee/artifacts/StandaloneWindows64_CodeGen/Unity.Mathematics.dll.mvfrm
[           0s] Csc Library/Bee/artifacts/1900b0aP.dag/Yanagisawa.DataLayoutCalibrator.dll (+2 others) [CacheMiss 741d5c712355d401cb44fcce223ebe7800000000000000000000000000000006]
[           0s] Csc Library/Bee/artifacts/StandaloneWindows64_CodeGen/Unity.Mathematics.dll (+2 others) [CacheMiss 5865a2c58b0a5bcb8019e8a72e05d8c600000000000000000000000000000006]
[314/380    0s] MovedFromExtractor-Combine Library/Bee/artifacts/1900b0aP.dag/Unity.Mathematics.dll.mvfrm
[315/380    0s] MovedFromExtractor-Combine Library/Bee/artifacts/1900b0aP.dag/Unity.Burst.dll.mvfrm
[316/380    0s] MovedFromExtractor-Combine Library/Bee/artifacts/1900b0aP.dag/Unity.Multiplayer.Center.Common.dll.mvfrm
[           0s] Csc Library/Bee/artifacts/1900b0aP.dag/Unity.Burst.dll (+2 others) [CacheMiss 487d2d893faccb2011673336239a4fac00000000000000000000000000000006]
[           0s] Csc Library/Bee/artifacts/1900b0aP.dag/Unity.Mathematics.dll (+2 others) [CacheMiss abee376f045c0fc6e54ca3ca21cb83a400000000000000000000000000000006]
[           0s] Csc Library/Bee/artifacts/1900b0aP.dag/Unity.Multiplayer.Center.Common.dll (+2 others) [CacheMiss ef119fee37c27d3b71ff663a2d49dbe400000000000000000000000000000006]
[317/380    0s] Csc Library/Bee/artifacts/1900b0aP.dag/Yanagisawa.DataLayoutCalibrator.dll (+2 others)
[318/380    0s] Csc Library/Bee/artifacts/StandaloneWindows64_CodeGen/Unity.Mathematics.dll (+2 others)
[319/380    0s] Csc Library/Bee/artifacts/1900b0aP.dag/Unity.Mathematics.dll (+2 others)
[320/380    0s] Csc Library/Bee/artifacts/1900b0aP.dag/Unity.Multiplayer.Center.Common.dll (+2 others)
[           0s] Csc Library/Bee/artifacts/1900b0aP.dag/Unity.Multiplayer.Center.Common.dll (+2 others) [CacheWrite ef119fee37c27d3b71ff663a2d49dbe400000000000000000000000000000006]
[           0s] Csc Library/Bee/artifacts/StandaloneWindows64_CodeGen/Unity.Mathematics.dll (+2 others) [CacheWrite 5865a2c58b0a5bcb8019e8a72e05d8c600000000000000000000000000000006]
[           0s] Csc Library/Bee/artifacts/1900b0aP.dag/Unity.Mathematics.dll (+2 others) [CacheWrite abee376f045c0fc6e54ca3ca21cb83a400000000000000000000000000000006]
[           0s] Csc Library/Bee/artifacts/1900b0aP.dag/Yanagisawa.DataLayoutCalibrator.dll (+2 others) [CacheWrite 741d5c712355d401cb44fcce223ebe7800000000000000000000000000000006]
[321/380    0s] MovedFromExtractor Library/Bee/artifacts/mvdfrm/Unity.Mathematics.ref.dll_14D1A32168A0AD59.mvfrm
[322/380    0s] MovedFromExtractor Library/Bee/artifacts/mvdfrm/Unity.Mathematics.ref.dll_628E19C683409F6A.mvfrm
[323/380    1s] Csc Library/Bee/artifacts/StandaloneWindows64_CodeGen/Unity.Burst.dll (+2 others)
[           0s] Csc Library/Bee/artifacts/StandaloneWindows64_CodeGen/Unity.Burst.dll (+2 others) [CacheWrite 641438676218116a33fb0da88a137bc200000000000000000000000000000006]
[324/380    1s] Csc Library/Bee/artifacts/1900b0aP.dag/Unity.Burst.dll (+2 others)
[325/380    0s] MovedFromExtractor Library/Bee/artifacts/mvdfrm/Unity.Burst.ref.dll_1FE2D3C1A29D2F04.mvfrm
[           0s] Csc Library/Bee/artifacts/1900b0aP.dag/Unity.Burst.dll (+2 others) [CacheWrite 487d2d893faccb2011673336239a4fac00000000000000000000000000000006]
[326/380    0s] MovedFromExtractor-Combine Library/Bee/artifacts/StandaloneWindows64_CodeGen/Unity.Collections.dll.mvfrm
[327/380    0s] MovedFromExtractor-Combine Library/Bee/artifacts/StandaloneWindows64_CodeGen/Unity.Burst.CodeGen.dll.mvfrm
[           0s] Csc Library/Bee/artifacts/StandaloneWindows64_CodeGen/Unity.Burst.CodeGen.dll (+2 others) [CacheMiss 7eaaadbe66376f31f4a9e472498782ba00000000000000000000000000000006]
[           0s] Csc Library/Bee/artifacts/StandaloneWindows64_CodeGen/Unity.Collections.dll (+2 others) [CacheMiss 4c5a8a021d70309b87893c52ba0a8f4e00000000000000000000000000000006]
[328/380    0s] MovedFromExtractor Library/Bee/artifacts/mvdfrm/Unity.Burst.ref.dll_14316E70964BB953.mvfrm
[329/380    0s] MovedFromExtractor-Combine Library/Bee/artifacts/1900b0aP.dag/Unity.Collections.dll.mvfrm
[           0s] Csc Library/Bee/artifacts/1900b0aP.dag/Unity.Collections.dll (+2 others) [CacheMiss 84a942a41a24a6aca66e715174fafddd00000000000000000000000000000006]
[330/380    0s] Csc Library/Bee/artifacts/StandaloneWindows64_CodeGen/Unity.Burst.CodeGen.dll (+2 others)
[           0s] Csc Library/Bee/artifacts/StandaloneWindows64_CodeGen/Unity.Burst.CodeGen.dll (+2 others) [CacheWrite 7eaaadbe66376f31f4a9e472498782ba00000000000000000000000000000006]
[331/380    0s] Csc Library/Bee/artifacts/StandaloneWindows64_CodeGen/Unity.Collections.dll (+2 others)
[           0s] Csc Library/Bee/artifacts/StandaloneWindows64_CodeGen/Unity.Collections.dll (+2 others) [CacheWrite 4c5a8a021d70309b87893c52ba0a8f4e00000000000000000000000000000006]
[332/380    0s] Csc Library/Bee/artifacts/1900b0aP.dag/Unity.Collections.dll (+2 others)
[333/380    0s] MovedFromExtractor Library/Bee/artifacts/mvdfrm/Unity.Collections.ref.dll_DF0BB2BBDD6526E9.mvfrm
[           0s] Csc Library/Bee/artifacts/1900b0aP.dag/Unity.Collections.dll (+2 others) [CacheWrite 84a942a41a24a6aca66e715174fafddd00000000000000000000000000000006]
[334/380    0s] MovedFromExtractor-Combine Library/Bee/artifacts/StandaloneWindows64_CodeGen/Unity.Collections.CodeGen.dll.mvfrm
[335/380    0s] MovedFromExtractor Library/Bee/artifacts/mvdfrm/Unity.Collections.ref.dll_914F3C16C2C534D8.mvfrm
[           0s] Csc Library/Bee/artifacts/StandaloneWindows64_CodeGen/Unity.Collections.CodeGen.dll (+2 others) [CacheMiss 3be7cf15746e4a598fa8853fcbabb19a00000000000000000000000000000006]
[336/380    0s] MovedFromExtractor-Combine Library/Bee/artifacts/1900b0aP.dag/Yanagisawa.DataLayoutCalibrator.Samples.ExternalWorkloads.dll.mvfrm
[337/380    0s] MovedFromExtractor-Combine Library/Bee/artifacts/1900b0aP.dag/Yanagisawa.DataLayoutCalibrator.Benchmark.dll.mvfrm
[338/380    0s] MovedFromExtractor-Combine Library/Bee/artifacts/1900b0aP.dag/Yanagisawa.DataLayoutCalibrator.Samples.AdditionalWorkloads.dll.mvfrm
[339/380    0s] MovedFromExtractor-Combine Library/Bee/artifacts/1900b0aP.dag/Yanagisawa.DataLayoutCalibrator.Samples.ParticleIntegrate.dll.mvfrm
[340/380    0s] MovedFromExtractor-Combine Library/Bee/artifacts/1900b0aP.dag/Yanagisawa.DataLayoutCalibrator.Samples.TransformExport.dll.mvfrm
[           0s] Csc Library/Bee/artifacts/1900b0aP.dag/Yanagisawa.DataLayoutCalibrator.Samples.ParticleIntegrate.dll (+2 others) [CacheMiss 3bb0544085060eba28441f552d44e7f200000000000000000000000000000006]
[           0s] Csc Library/Bee/artifacts/1900b0aP.dag/Yanagisawa.DataLayoutCalibrator.Samples.ExternalWorkloads.dll (+2 others) [CacheMiss da36689410111af72a5a88a82150fca400000000000000000000000000000006]
[           0s] Csc Library/Bee/artifacts/1900b0aP.dag/Yanagisawa.DataLayoutCalibrator.Samples.TransformExport.dll (+2 others) [CacheMiss fdf567ff2e951d1a65779b2cfaa1488a00000000000000000000000000000006]
[           0s] Csc Library/Bee/artifacts/1900b0aP.dag/Yanagisawa.DataLayoutCalibrator.Samples.AdditionalWorkloads.dll (+2 others) [CacheMiss 3dcde26d68fd163f696c3e6018eef17600000000000000000000000000000006]
[341/380    0s] Csc Library/Bee/artifacts/StandaloneWindows64_CodeGen/Unity.Collections.CodeGen.dll (+2 others)
[           0s] Csc Library/Bee/artifacts/StandaloneWindows64_CodeGen/Unity.Collections.CodeGen.dll (+2 others) [CacheWrite 3be7cf15746e4a598fa8853fcbabb19a00000000000000000000000000000006]
[342/380    0s] ILPP-Configuration Library/ilpp-configuration.nevergeneratedoutput
[343/380    0s] Csc Library/Bee/artifacts/1900b0aP.dag/Yanagisawa.DataLayoutCalibrator.Samples.ExternalWorkloads.dll (+2 others)
[344/380    0s] Csc Library/Bee/artifacts/1900b0aP.dag/Yanagisawa.DataLayoutCalibrator.Samples.TransformExport.dll (+2 others)
[345/380    0s] Csc Library/Bee/artifacts/1900b0aP.dag/Yanagisawa.DataLayoutCalibrator.Samples.AdditionalWorkloads.dll (+2 others)
[346/380    0s] Csc Library/Bee/artifacts/1900b0aP.dag/Yanagisawa.DataLayoutCalibrator.Samples.ParticleIntegrate.dll (+2 others)
[           0s] Csc Library/Bee/artifacts/1900b0aP.dag/Yanagisawa.DataLayoutCalibrator.Samples.ExternalWorkloads.dll (+2 others) [CacheWrite da36689410111af72a5a88a82150fca400000000000000000000000000000006]
[           0s] Csc Library/Bee/artifacts/1900b0aP.dag/Yanagisawa.DataLayoutCalibrator.Samples.TransformExport.dll (+2 others) [CacheWrite fdf567ff2e951d1a65779b2cfaa1488a00000000000000000000000000000006]
[           0s] Csc Library/Bee/artifacts/1900b0aP.dag/Yanagisawa.DataLayoutCalibrator.Samples.AdditionalWorkloads.dll (+2 others) [CacheWrite 3dcde26d68fd163f696c3e6018eef17600000000000000000000000000000006]
[           0s] Csc Library/Bee/artifacts/1900b0aP.dag/Yanagisawa.DataLayoutCalibrator.Samples.ParticleIntegrate.dll (+2 others) [CacheWrite 3bb0544085060eba28441f552d44e7f200000000000000000000000000000006]
[347/380    0s] ILPostProcess Library/Bee/artifacts/1900b0aP.dag/post-processed/Unity.Multiplayer.Center.Common.dll (+pdb)
Processing assembly Library/Bee/artifacts/1900b0aP.dag/Unity.Multiplayer.Center.Common.dll, with 130 defines and 216 references

processors: Unity.Jobs.CodeGen.JobsILPostProcessor, zzzUnity.Burst.CodeGen.BurstILPostProcessor

running Unity.Jobs.CodeGen.JobsILPostProcessor

running zzzUnity.Burst.CodeGen.BurstILPostProcessor
[348/380    0s] ILPostProcess Library/Bee/artifacts/1900b0aP.dag/post-processed/Yanagisawa.DataLayoutCalibrator.dll (+pdb)
Processing assembly Library/Bee/artifacts/1900b0aP.dag/Yanagisawa.DataLayoutCalibrator.dll, with 130 defines and 134 references

processors: Unity.Jobs.CodeGen.JobsILPostProcessor, zzzUnity.Burst.CodeGen.BurstILPostProcessor

running Unity.Jobs.CodeGen.JobsILPostProcessor

running zzzUnity.Burst.CodeGen.BurstILPostProcessor
[349/380    0s] ILPostProcess Library/Bee/artifacts/1900b0aP.dag/post-processed/Unity.Mathematics.dll (+pdb)
Processing assembly Library/Bee/artifacts/1900b0aP.dag/Unity.Mathematics.dll, with 130 defines and 216 references

processors: Unity.Jobs.CodeGen.JobsILPostProcessor, zzzUnity.Burst.CodeGen.BurstILPostProcessor

running Unity.Jobs.CodeGen.JobsILPostProcessor

running zzzUnity.Burst.CodeGen.BurstILPostProcessor
[350/380    0s] CopyFiles Library/Bee/PlayerScriptAssemblies/Unity.Mathematics.pdb
[351/380    0s] CopyFiles Library/Bee/PlayerScriptAssemblies/Unity.Multiplayer.Center.Common.pdb
[352/380    0s] CopyFiles Library/Bee/PlayerScriptAssemblies/Yanagisawa.DataLayoutCalibrator.pdb
[353/380    0s] CopyFiles Library/Bee/PlayerScriptAssemblies/Unity.Multiplayer.Center.Common.dll
[354/380    0s] CopyFiles Library/Bee/PlayerScriptAssemblies/Unity.Mathematics.dll
[355/380    0s] CopyFiles Library/Bee/PlayerScriptAssemblies/Yanagisawa.DataLayoutCalibrator.dll
[356/380    0s] Csc Library/Bee/artifacts/1900b0aP.dag/Yanagisawa.DataLayoutCalibrator.Benchmark.dll (+2 others)
[357/380    0s] ILPostProcess Library/Bee/artifacts/1900b0aP.dag/post-processed/Yanagisawa.DataLayoutCalibrator.Samples.TransformExport.dll (+pdb)
Processing assembly Library/Bee/artifacts/1900b0aP.dag/Yanagisawa.DataLayoutCalibrator.Samples.TransformExport.dll, with 130 defines and 220 references

processors: Unity.Jobs.CodeGen.JobsILPostProcessor, zzzUnity.Burst.CodeGen.BurstILPostProcessor

running Unity.Jobs.CodeGen.JobsILPostProcessor

running zzzUnity.Burst.CodeGen.BurstILPostProcessor
[358/380    0s] ILPostProcess Library/Bee/artifacts/1900b0aP.dag/post-processed/Yanagisawa.DataLayoutCalibrator.Samples.ParticleIntegrate.dll (+pdb)
Processing assembly Library/Bee/artifacts/1900b0aP.dag/Yanagisawa.DataLayoutCalibrator.Samples.ParticleIntegrate.dll, with 130 defines and 220 references

processors: Unity.Jobs.CodeGen.JobsILPostProcessor, zzzUnity.Burst.CodeGen.BurstILPostProcessor

running Unity.Jobs.CodeGen.JobsILPostProcessor

running zzzUnity.Burst.CodeGen.BurstILPostProcessor
[359/380    0s] ILPostProcess Library/Bee/artifacts/1900b0aP.dag/post-processed/Yanagisawa.DataLayoutCalibrator.Samples.AdditionalWorkloads.dll (+pdb)
Processing assembly Library/Bee/artifacts/1900b0aP.dag/Yanagisawa.DataLayoutCalibrator.Samples.AdditionalWorkloads.dll, with 130 defines and 220 references

processors: Unity.Jobs.CodeGen.JobsILPostProcessor, zzzUnity.Burst.CodeGen.BurstILPostProcessor

running Unity.Jobs.CodeGen.JobsILPostProcessor

running zzzUnity.Burst.CodeGen.BurstILPostProcessor
[360/380    0s] ILPostProcess Library/Bee/artifacts/1900b0aP.dag/post-processed/Yanagisawa.DataLayoutCalibrator.Samples.ExternalWorkloads.dll (+pdb)
Processing assembly Library/Bee/artifacts/1900b0aP.dag/Yanagisawa.DataLayoutCalibrator.Samples.ExternalWorkloads.dll, with 130 defines and 219 references

processors: Unity.Jobs.CodeGen.JobsILPostProcessor, zzzUnity.Burst.CodeGen.BurstILPostProcessor

running Unity.Jobs.CodeGen.JobsILPostProcessor

running zzzUnity.Burst.CodeGen.BurstILPostProcessor
[361/380    0s] CopyFiles Library/Bee/PlayerScriptAssemblies/Yanagisawa.DataLayoutCalibrator.Samples.TransformExport.pdb
[362/380    0s] CopyFiles Library/Bee/PlayerScriptAssemblies/Yanagisawa.DataLayoutCalibrator.Samples.TransformExport.dll
[363/380    0s] CopyFiles Library/Bee/PlayerScriptAssemblies/Yanagisawa.DataLayoutCalibrator.Samples.ParticleIntegrate.pdb
[364/380    0s] CopyFiles Library/Bee/PlayerScriptAssemblies/Yanagisawa.DataLayoutCalibrator.Samples.ParticleIntegrate.dll
[365/380    0s] CopyFiles Library/Bee/PlayerScriptAssemblies/Yanagisawa.DataLayoutCalibrator.Samples.AdditionalWorkloads.pdb
[366/380    0s] CopyFiles Library/Bee/PlayerScriptAssemblies/Yanagisawa.DataLayoutCalibrator.Samples.ExternalWorkloads.pdb
[367/380    0s] CopyFiles Library/Bee/PlayerScriptAssemblies/Yanagisawa.DataLayoutCalibrator.Samples.AdditionalWorkloads.dll
[368/380    0s] CopyFiles Library/Bee/PlayerScriptAssemblies/Yanagisawa.DataLayoutCalibrator.Samples.ExternalWorkloads.dll
[369/380    0s] ILPostProcess Library/Bee/artifacts/1900b0aP.dag/post-processed/Yanagisawa.DataLayoutCalibrator.Benchmark.dll (+pdb)
Processing assembly Library/Bee/artifacts/1900b0aP.dag/Yanagisawa.DataLayoutCalibrator.Benchmark.dll, with 130 defines and 224 references

processors: Unity.Jobs.CodeGen.JobsILPostProcessor, zzzUnity.Burst.CodeGen.BurstILPostProcessor

running Unity.Jobs.CodeGen.JobsILPostProcessor

running zzzUnity.Burst.CodeGen.BurstILPostProcessor
[370/380    0s] CopyFiles Library/Bee/PlayerScriptAssemblies/Yanagisawa.DataLayoutCalibrator.Benchmark.pdb
[371/380    0s] ILPostProcess Library/Bee/artifacts/1900b0aP.dag/post-processed/Unity.Burst.dll (+pdb)
Processing assembly Library/Bee/artifacts/1900b0aP.dag/Unity.Burst.dll, with 130 defines and 215 references

processors: Unity.Jobs.CodeGen.JobsILPostProcessor, zzzUnity.Burst.CodeGen.BurstILPostProcessor

running Unity.Jobs.CodeGen.JobsILPostProcessor

running zzzUnity.Burst.CodeGen.BurstILPostProcessor
[372/380    0s] ILPostProcess Library/Bee/artifacts/1900b0aP.dag/post-processed/Unity.Collections.dll (+pdb)
Processing assembly Library/Bee/artifacts/1900b0aP.dag/Unity.Collections.dll, with 132 defines and 218 references

processors: Unity.Jobs.CodeGen.JobsILPostProcessor, zzzUnity.Burst.CodeGen.BurstILPostProcessor

running Unity.Jobs.CodeGen.JobsILPostProcessor

running zzzUnity.Burst.CodeGen.BurstILPostProcessor
[373/380    0s] CopyFiles Library/Bee/PlayerScriptAssemblies/Yanagisawa.DataLayoutCalibrator.Benchmark.dll
[374/380    0s] CopyFiles Library/Bee/PlayerScriptAssemblies/Unity.Collections.pdb
[375/380    0s] CopyFiles Library/Bee/PlayerScriptAssemblies/Unity.Burst.pdb
[376/380    0s] CopyFiles Library/Bee/PlayerScriptAssemblies/Unity.Burst.dll
[377/380    0s] CopyFiles Library/Bee/PlayerScriptAssemblies/Unity.Collections.dll
[379/380    0s] BuildPlayerDataGenerator Library/BuildPlayerData/Player/RuntimeInitializeOnLoads.json (+1 other)
*** Tundra build success (5.84 seconds), 221 items updated, 380 evaluated


Mono dependencies included in the build
Dependency assembly - System.Security.Cryptography.Pkcs.dll
Dependency assembly - System.Text.Encodings.Web.dll
Dependency assembly - System.Globalization.Calendars.dll
Dependency assembly - System.Transactions.dll
Dependency assembly - System.Threading.Thread.dll
Dependency assembly - System.ObjectModel.dll
Dependency assembly - System.ServiceModel.NetTcp.dll
Dependency assembly - System.Collections.Concurrent.dll
Dependency assembly - Accessibility.dll
Dependency assembly - System.Diagnostics.Process.dll
Dependency assembly - System.Threading.Timer.dll
Dependency assembly - System.Xml.XPath.XDocument.dll
Dependency assembly - System.Net.WebHeaderCollection.dll
Dependency assembly - System.Windows.Forms.DataVisualization.dll
Dependency assembly - System.Reflection.Primitives.dll
Dependency assembly - Mono.Security.dll
Dependency assembly - System.Collections.Immutable.dll
Dependency assembly - System.IO.Compression.dll
Dependency assembly - System.ServiceProcess.dll
Dependency assembly - System.ServiceModel.dll
Dependency assembly - System.Reflection.Extensions.dll
Dependency assembly - System.Security.SecureString.dll
Dependency assembly - I18N.West.dll
Dependency assembly - I18N.CJK.dll
Dependency assembly - System.Data.Services.dll
Dependency assembly - I18N.Other.dll
Dependency assembly - System.ServiceModel.Internals.dll
Dependency assembly - System.Diagnostics.Debug.dll
Dependency assembly - System.ServiceModel.Primitives.dll
Dependency assembly - System.Net.dll
Dependency assembly - System.IO.FileSystem.dll
Dependency assembly - System.Runtime.Handles.dll
Dependency assembly - System.Resources.Writer.dll
Dependency assembly - System.Security.Cryptography.Hashing.dll
Dependency assembly - Microsoft.Bcl.AsyncInterfaces.dll
Dependency assembly - System.Reflection.Emit.Lightweight.dll
Dependency assembly - System.Security.Cryptography.RSA.dll
Dependency assembly - System.Xml.dll
Dependency assembly - System.Web.Services.dll
Dependency assembly - System.Xml.XPath.dll
Dependency assembly - System.Security.Principal.dll
Dependency assembly - System.IO.IsolatedStorage.dll
Dependency assembly - System.Threading.Tasks.dll
Dependency assembly - System.ServiceModel.Http.dll
Dependency assembly - System.Runtime.Numerics.dll
Dependency assembly - System.ComponentModel.DataAnnotations.dll
Dependency assembly - System.Net.Ping.dll
Dependency assembly - System.Drawing.dll
Dependency assembly - System.Data.dll
Dependency assembly - System.IO.Compression.ZipFile.dll
Dependency assembly - System.Net.Cache.dll
Dependency assembly - System.ServiceModel.Duplex.dll
Dependency assembly - System.Linq.Queryable.dll
Dependency assembly - System.IO.Compression.FileSystem.dll
Dependency assembly - System.Net.Utilities.dll
Dependency assembly - System.Security.Cryptography.OpenSsl.dll
Dependency assembly - System.Windows.Forms.dll
Dependency assembly - System.Runtime.CompilerServices.VisualC.dll
Dependency assembly - System.Reflection.Metadata.dll
Dependency assembly - System.Data.DataSetExtensions.dll
Dependency assembly - System.ServiceModel.Activation.dll
Dependency assembly - System.Messaging.dll
Dependency assembly - System.Net.Requests.dll
Dependency assembly - System.Security.Cryptography.Encryption.ECDiffieHellman.dll
Dependency assembly - System.Runtime.Serialization.Primitives.dll
Dependency assembly - System.Threading.AccessControl.dll
Dependency assembly - Mono.Data.Sqlite.dll
Dependency assembly - Yanagisawa.DataLayoutCalibrator.Samples.TransformExport.dll
Dependency assembly - System.ComponentModel.Annotations.dll
Dependency assembly - System.Threading.Tasks.Extensions.dll
Dependency assembly - System.Xml.Serialization.dll
Dependency assembly - System.Globalization.Extensions.dll
Dependency assembly - System.Console.dll
Dependency assembly - System.Dynamic.Runtime.dll
Dependency assembly - System.DirectoryServices.Protocols.dll
Dependency assembly - System.Diagnostics.Contracts.dll
Dependency assembly - System.Security.Cryptography.Csp.dll
Dependency assembly - System.ComponentModel.dll
Dependency assembly - System.Net.NameResolution.dll
Dependency assembly - System.Threading.ThreadPool.dll
Dependency assembly - System.Reflection.DispatchProxy.dll
Dependency assembly - System.Collections.NonGeneric.dll
Dependency assembly - System.Configuration.dll
Dependency assembly - System.Resources.ResourceManager.dll
Dependency assembly - System.ComponentModel.Primitives.dll
Dependency assembly - System.Text.Encoding.CodePages.dll
Dependency assembly - System.Security.Cryptography.X509Certificates.dll
Dependency assembly - System.Security.Cryptography.Cng.dll
Dependency assembly - System.Globalization.dll
Dependency assembly - System.Runtime.Serialization.Formatters.Soap.dll
Dependency assembly - System.Runtime.DurableInstancing.dll
Dependency assembly - System.IO.UnmanagedMemoryStream.dll
Dependency assembly - System.Runtime.InteropServices.RuntimeInformation.dll
Dependency assembly - System.Collections.dll
Dependency assembly - Yanagisawa.DataLayoutCalibrator.Samples.ExternalWorkloads.dll
Dependency assembly - I18N.dll
Dependency assembly - System.Xml.ReaderWriter.dll
Dependency assembly - System.Net.AuthenticationManager.dll
Dependency assembly - System.Security.Cryptography.ProtectedData.dll
Dependency assembly - Unity.Burst.Unsafe.dll
Dependency assembly - System.Xml.Linq.dll
Dependency assembly - System.Runtime.dll
Dependency assembly - System.Linq.Parallel.dll
Dependency assembly - System.Runtime.InteropServices.WindowsRuntime.dll
Dependency assembly - System.Security.Cryptography.Algorithms.dll
Dependency assembly - System.Runtime.InteropServices.dll
Dependency assembly - System.Runtime.Caching.dll
Dependency assembly - System.Web.RegularExpressions.dll
Dependency assembly - System.Data.Linq.dll
Dependency assembly - System.Runtime.Serialization.Formatters.dll
Dependency assembly - System.ServiceModel.Routing.dll
Dependency assembly - System.Diagnostics.FileVersionInfo.dll
Dependency assembly - Microsoft.Extensions.DependencyInjection.Abstractions.dll
Dependency assembly - System.Security.Principal.Windows.dll
Dependency assembly - System.IO.FileSystem.AccessControl.dll
Dependency assembly - System.Memory.dll
Dependency assembly - System.Resources.Reader.dll
Dependency assembly - System.Net.Http.dll
Dependency assembly - System.Runtime.Serialization.dll
Dependency assembly - System.Security.AccessControl.dll
Dependency assembly - System.Net.Http.WebRequest.dll
Dependency assembly - System.Text.Encoding.dll
Dependency assembly - System.Xml.XDocument.dll
Dependency assembly - System.Security.Claims.dll
Dependency assembly - System.IO.Pipes.dll
Dependency assembly - System.Web.dll
Dependency assembly - I18N.MidEast.dll
Dependency assembly - Unity.Multiplayer.Center.Common.dll
Dependency assembly - System.IdentityModel.Selectors.dll
Dependency assembly - System.dll
Dependency assembly - System.Buffers.dll
Dependency assembly - System.Diagnostics.Tracing.dll
Dependency assembly - System.Threading.dll
Dependency assembly - System.Runtime.Serialization.Xml.dll
Dependency assembly - System.Security.Cryptography.Encryption.dll
Dependency assembly - System.Runtime.Loader.dll
Dependency assembly - System.ValueTuple.dll
Dependency assembly - System.Security.Cryptography.Encryption.Aes.dll
Dependency assembly - System.Web.Extensions.Design.dll
Dependency assembly - System.Runtime.Remoting.dll
Dependency assembly - System.Threading.Tasks.Parallel.dll
Dependency assembly - System.Runtime.Serialization.Json.dll
Dependency assembly - System.Diagnostics.StackTrace.dll
Dependency assembly - System.Resources.ReaderWriter.dll
Dependency assembly - System.Text.Json.dll
Dependency assembly - System.Windows.dll
Dependency assembly - System.Reflection.Emit.ILGeneration.dll
Dependency assembly - System.Web.DynamicData.dll
Dependency assembly - Unity.Collections.dll
Dependency assembly - System.Net.Security.dll
Dependency assembly - Yanagisawa.DataLayoutCalibrator.dll
Dependency assembly - System.Security.dll
Dependency assembly - System.Xaml.dll
Dependency assembly - Yanagisawa.DataLayoutCalibrator.Samples.AdditionalWorkloads.dll
Dependency assembly - System.Linq.Expressions.dll
Dependency assembly - netstandard.dll
Dependency assembly - System.Drawing.Design.dll
Dependency assembly - System.Data.Entity.dll
Dependency assembly - System.Diagnostics.DiagnosticSource.dll
Dependency assembly - System.Drawing.Primitives.dll
Dependency assembly - System.Net.HttpListener.dll
Dependency assembly - System.Net.Mail.dll
Dependency assembly - System.Text.RegularExpressions.dll
Dependency assembly - System.Collections.Specialized.dll
Dependency assembly - System.Linq.dll
Dependency assembly - System.Management.dll
Dependency assembly - System.IO.FileSystem.DriveInfo.dll
Dependency assembly - System.Security.Cryptography.Hashing.Algorithms.dll
Dependency assembly - System.Security.Cryptography.Primitives.dll
Dependency assembly - System.Design.dll
Dependency assembly - Microsoft.Win32.Primitives.dll
Dependency assembly - System.Diagnostics.TraceSource.dll
Dependency assembly - System.Net.NetworkInformation.dll
Dependency assembly - System.Runtime.Extensions.dll
Dependency assembly - System.IO.FileSystem.Watcher.dll
Dependency assembly - System.IO.Hashing.dll
Dependency assembly - System.ServiceProcess.ServiceController.dll
Dependency assembly - System.Runtime.CompilerServices.Unsafe.dll
Dependency assembly - System.Numerics.Vectors.dll
Dependency assembly - System.Threading.Overlapped.dll
Dependency assembly - System.IO.MemoryMappedFiles.dll
Dependency assembly - mscorlib.dll
Dependency assembly - Unity.Burst.dll
Dependency assembly - System.Xml.XmlSerializer.dll
Dependency assembly - System.IO.dll
Dependency assembly - System.Reflection.TypeExtensions.dll
Dependency assembly - System.Reflection.Context.dll
Dependency assembly - System.Web.ApplicationServices.dll
Dependency assembly - System.Net.Sockets.dll
Dependency assembly - System.Configuration.Install.dll
Dependency assembly - System.Data.SqlClient.dll
Dependency assembly - System.Data.OracleClient.dll
Dependency assembly - System.Net.WebSockets.dll
Dependency assembly - System.ServiceModel.Discovery.dll
Dependency assembly - System.Diagnostics.Tools.dll
Dependency assembly - System.ServiceModel.Security.dll
Dependency assembly - System.AppContext.dll
Dependency assembly - Unity.Collections.LowLevel.ILSupport.dll
Dependency assembly - System.Data.Common.dll
Dependency assembly - System.Security.Cryptography.RandomNumberGenerator.dll
Dependency assembly - Microsoft.CSharp.dll
Dependency assembly - System.Diagnostics.TraceEvent.dll
Dependency assembly - System.Xml.XmlDocument.dll
Dependency assembly - System.Reflection.dll
Dependency assembly - System.Xml.XPath.XmlDocument.dll
Dependency assembly - System.Net.Primitives.dll
Dependency assembly - System.ComponentModel.EventBasedAsync.dll
Dependency assembly - System.Xml.Xsl.Primitives.dll
Dependency assembly - System.Net.ServicePoint.dll
Dependency assembly - System.ComponentModel.TypeConverter.dll
Dependency assembly - System.Reflection.Emit.dll
Dependency assembly - Microsoft.Win32.Registry.dll
Dependency assembly - Unity.Mathematics.dll
Dependency assembly - Yanagisawa.DataLayoutCalibrator.Benchmark.dll
Dependency assembly - System.DirectoryServices.dll
Dependency assembly - System.ServiceModel.Web.dll
Dependency assembly - Mono.Data.Tds.dll
Dependency assembly - System.Core.dll
Dependency assembly - System.IO.FileSystem.Primitives.dll
Dependency assembly - System.Security.Cryptography.Encryption.ECDsa.dll
Dependency assembly - System.ComponentModel.Composition.dll
Dependency assembly - System.Net.WebSockets.Client.dll
Dependency assembly - System.Security.Cryptography.DeriveBytes.dll
Dependency assembly - System.Text.Encoding.Extensions.dll
Dependency assembly - I18N.Rare.dll
Dependency assembly - System.IdentityModel.dll
Dependency assembly - Microsoft.Extensions.Logging.Abstractions.dll
Dependency assembly - System.Json.dll
Dependency assembly - Microsoft.Win32.Registry.AccessControl.dll
Dependency assembly - System.Security.Cryptography.Encoding.dll
Dependency assembly - System.Diagnostics.TextWriterTraceListener.dll
Dependency assembly - System.EnterpriseServices.dll
Dependency assembly - System.Data.Services.Client.dll
Dependency assembly - System.Numerics.dll
Dependency assembly - System.Web.Extensions.dll
Dependency assembly - Yanagisawa.DataLayoutCalibrator.Samples.ParticleIntegrate.dll

Opening scene 'Assets/DataLayoutCalibrator/Generated/DataLayoutCalibrator.unity'
Unloading 1 Unused Serialized files (Serialized files now loaded: 0)
Loaded scene 'Assets/DataLayoutCalibrator/Generated/DataLayoutCalibrator.unity'
	Deserialize:            0.402 ms
	Integration:            71.182 ms
	Integration of assets:  0.002 ms
	Thread Wait Time:       15.126 ms
	Total Operation Time:   86.713 ms
Unloading 46 unused Assets / (1.2 MB). Loaded Objects now: 1658.
Memory consumption went from 276.3 MB to 275.1 MB.
Total: 4.488500 ms (FindLiveObjects: 0.086700 ms CreateObjectMapping: 0.053800 ms MarkObjects: 3.985500 ms  DeleteObjects: 0.361500 ms)

Unloading 4 Unused Serialized files (Serialized files now loaded: 0)
Unloading 29 unused Assets / (1.2 MB). Loaded Objects now: 1663.
Memory consumption went from 276.5 MB to 275.4 MB.
Total: 4.391300 ms (FindLiveObjects: 0.063900 ms CreateObjectMapping: 0.045200 ms MarkObjects: 3.964600 ms  DeleteObjects: 0.316100 ms)

Unloading 0 Unused Serialized files (Serialized files now loaded: 0)
Unloading 0 unused Assets / (Unknown). Loaded Objects now: 1663.
Memory consumption went from 275.3 MB to 275.4 MB.
Total: 3.221600 ms (FindLiveObjects: 0.080600 ms CreateObjectMapping: 0.063200 ms MarkObjects: 3.073600 ms  DeleteObjects: 0.003400 ms)

Total cache size 272634910
Unloading 1 Unused Serialized files (Serialized files now loaded: 0)
Unloading 185 unused Assets / (150.9 MB). Loaded Objects now: 1663.
Memory consumption went from 427.3 MB to 276.4 MB.
Total: 17.652500 ms (FindLiveObjects: 0.056800 ms CreateObjectMapping: 0.053500 ms MarkObjects: 3.956100 ms  DeleteObjects: 13.585300 ms)

Compiling shader "Skybox/Procedural"
  Pass "" (vp)
    Target graphics API: d3d11
    Full variant space:         3
    After settings filtering:   3
    After built-in stripping:   3
    After scriptable stripping: 3
    Processed in 0.01 seconds
  Pass "" (fp)
    Target graphics API: d3d11
    Full variant space:         3
    After settings filtering:   3
    After built-in stripping:   3
    After scriptable stripping: 3
    Processed in 0.00 seconds
Launched and connected shader compiler UnityShaderCompiler.exe after 0.01 seconds
Total cache size after purge 268435206, took 00:00:00.4949584
Launched and connected shader compiler UnityShaderCompiler.exe after 0.01 seconds
Launched and connected shader compiler UnityShaderCompiler.exe after 0.01 seconds
Launched and connected shader compiler UnityShaderCompiler.exe after 0.01 seconds
Launched and connected shader compiler UnityShaderCompiler.exe after 0.01 seconds
  Pass  (vp, d3d11) finished in 0.24 seconds. Local cache hits 0 (0.00s CPU time), remote cache hits 0 (0.00s CPU time), compiled 3 variants (0.56s CPU time), skipped 0 variants.
    Prepared data for serialisation in 0.00s
Launched and connected shader compiler UnityShaderCompiler.exe after 0.01 seconds
  Pass  (fp, d3d11) finished in 0.26 seconds. Local cache hits 0 (0.00s CPU time), remote cache hits 0 (0.00s CPU time), compiled 3 variants (0.48s CPU time), skipped 0 variants.
    Prepared data for serialisation in 0.00s
Serialized binary data for shader Skybox/Procedural in 0.00s
    d3d11 (total internal programs: 6, unique: 6)
Compiling shader "Legacy Shaders/VertexLit"
  Pass "" (vp)
    Target graphics API: d3d11
    Full variant space:         12
    After settings filtering:   12
    After built-in stripping:   3
    After scriptable stripping: 3
    Processed in 0.00 seconds
  Pass "" (fp)
    Target graphics API: d3d11
    Full variant space:         12
    After settings filtering:   12
    After built-in stripping:   3
    After scriptable stripping: 3
    Processed in 0.00 seconds
  Pass "" (vp)
    Target graphics API: d3d11
    Full variant space:         4
    After settings filtering:   4
    After built-in stripping:   1
    After scriptable stripping: 1
    Processed in 0.00 seconds
  Pass "" (fp)
    Target graphics API: d3d11
    Full variant space:         4
    After settings filtering:   4
    After built-in stripping:   1
    After scriptable stripping: 1
    Processed in 0.00 seconds
  Pass "ShadowCaster" (vp)
    Target graphics API: d3d11
    Full variant space:         4
    After settings filtering:   4
    After built-in stripping:   2
    After scriptable stripping: 2
    Processed in 0.00 seconds
  Pass "ShadowCaster" (fp)
    Target graphics API: d3d11
    Full variant space:         4
    After settings filtering:   4
    After built-in stripping:   2
    After scriptable stripping: 2
    Processed in 0.00 seconds
  Pass  (vp, d3d11) finished in 0.02 seconds. Local cache hits 0 (0.00s CPU time), remote cache hits 0 (0.00s CPU time), compiled 3 variants (0.06s CPU time), skipped 0 variants.
    Prepared data for serialisation in 0.00s
Launched and connected shader compiler UnityShaderCompiler.exe after 0.01 seconds
  Pass  (fp, d3d11) finished in 0.05 seconds. Local cache hits 0 (0.00s CPU time), remote cache hits 0 (0.00s CPU time), compiled 3 variants (0.06s CPU time), skipped 0 variants.
    Prepared data for serialisation in 0.00s
Launched and connected shader compiler UnityShaderCompiler.exe after 0.01 seconds
  Pass  (vp, d3d11) finished in 0.09 seconds. Local cache hits 0 (0.00s CPU time), remote cache hits 0 (0.00s CPU time), compiled 1 variants (0.09s CPU time), skipped 0 variants.
    Prepared data for serialisation in 0.00s
Launched and connected shader compiler UnityShaderCompiler.exe after 0.01 seconds
  Pass  (fp, d3d11) finished in 0.12 seconds. Local cache hits 0 (0.00s CPU time), remote cache hits 0 (0.00s CPU time), compiled 1 variants (0.12s CPU time), skipped 0 variants.
    Prepared data for serialisation in 0.00s
Launched and connected shader compiler UnityShaderCompiler.exe after 0.01 seconds
Launched and connected shader compiler UnityShaderCompiler.exe after 0.01 seconds
  Pass ShadowCaster (vp, d3d11) finished in 0.20 seconds. Local cache hits 0 (0.00s CPU time), remote cache hits 0 (0.00s CPU time), compiled 2 variants (0.37s CPU time), skipped 0 variants.
    Prepared data for serialisation in 0.00s
Launched and connected shader compiler UnityShaderCompiler.exe after 0.01 seconds
Launched and connected shader compiler UnityShaderCompiler.exe after 0.01 seconds
  Pass ShadowCaster (fp, d3d11) finished in 0.28 seconds. Local cache hits 0 (0.00s CPU time), remote cache hits 0 (0.00s CPU time), compiled 2 variants (0.51s CPU time), skipped 0 variants.
    Prepared data for serialisation in 0.00s
Serialized binary data for shader Legacy Shaders/VertexLit in 0.00s
    d3d11 (total internal programs: 12, unique: 12)
Compiling shader "Legacy Shaders/Diffuse"
  Pass "FORWARD" (vp)
    Target graphics API: d3d11
    Full variant space:         664
    After settings filtering:   664
    After built-in stripping:   8
    After scriptable stripping: 8
    Processed in 0.00 seconds
  Pass "FORWARD" (fp)
    Target graphics API: d3d11
    Full variant space:         504
    After settings filtering:   504
    After built-in stripping:   4
    After scriptable stripping: 4
    Processed in 0.00 seconds
  Pass "FORWARD" (vp)
    Target graphics API: d3d11
    Full variant space:         20
    After settings filtering:   20
    After built-in stripping:   5
    After scriptable stripping: 5
    Processed in 0.00 seconds
  Pass "FORWARD" (fp)
    Target graphics API: d3d11
    Full variant space:         20
    After settings filtering:   20
    After built-in stripping:   5
    After scriptable stripping: 5
    Processed in 0.00 seconds
  Pass "DEFERRED" (vp)
    Target graphics API: d3d11
    Full variant space:         76
    After settings filtering:   76
    After built-in stripping:   4
    After scriptable stripping: 4
    Processed in 0.00 seconds
  Pass "DEFERRED" (fp)
    Target graphics API: d3d11
    Full variant space:         76
    After settings filtering:   76
    After built-in stripping:   4
    After scriptable stripping: 4
    Processed in 0.00 seconds
  Pass FORWARD (vp, d3d11) finished in 0.03 seconds. Local cache hits 0 (0.00s CPU time), remote cache hits 0 (0.00s CPU time), compiled 8 variants (0.17s CPU time), skipped 0 variants.
    Prepared data for serialisation in 0.00s
Launched and connected shader compiler UnityShaderCompiler.exe after 0.01 seconds
  Pass FORWARD (fp, d3d11) finished in 0.07 seconds. Local cache hits 0 (0.00s CPU time), remote cache hits 0 (0.00s CPU time), compiled 4 variants (0.14s CPU time), skipped 0 variants.
    Prepared data for serialisation in 0.00s
Launched and connected shader compiler UnityShaderCompiler.exe after 0.01 seconds
Launched and connected shader compiler UnityShaderCompiler.exe after 0.01 seconds
Launched and connected shader compiler UnityShaderCompiler.exe after 0.01 seconds
  Pass FORWARD (vp, d3d11) finished in 0.17 seconds. Local cache hits 0 (0.00s CPU time), remote cache hits 0 (0.00s CPU time), compiled 5 variants (0.45s CPU time), skipped 0 variants.
    Prepared data for serialisation in 0.00s
Launched and connected shader compiler UnityShaderCompiler.exe after 0.01 seconds
Launched and connected shader compiler UnityShaderCompiler.exe after 0.01 seconds
  Pass FORWARD (fp, d3d11) finished in 0.25 seconds. Local cache hits 0 (0.00s CPU time), remote cache hits 0 (0.00s CPU time), compiled 5 variants (0.51s CPU time), skipped 0 variants.
    Prepared data for serialisation in 0.00s
  Pass DEFERRED (vp, d3d11) finished in 0.23 seconds. Local cache hits 0 (0.00s CPU time), remote cache hits 0 (0.00s CPU time), compiled 4 variants (0.06s CPU time), skipped 0 variants.
    Prepared data for serialisation in 0.00s
  Pass DEFERRED (fp, d3d11) finished in 0.23 seconds. Local cache hits 0 (0.00s CPU time), remote cache hits 0 (0.00s CPU time), compiled 4 variants (0.05s CPU time), skipped 0 variants.
    Prepared data for serialisation in 0.00s
Serialized binary data for shader Legacy Shaders/Diffuse in 0.00s
    d3d11 (total internal programs: 30, unique: 30)
Compiling shader "Hidden/Internal-StencilWrite"
  Pass "" (vp)
    Target graphics API: d3d11
    Full variant space:         1
    After settings filtering:   1
    After built-in stripping:   1
    After scriptable stripping: 1
    Processed in 0.00 seconds
  Pass "" (fp)
    Target graphics API: d3d11
    Full variant space:         1
    After settings filtering:   1
    After built-in stripping:   1
    After scriptable stripping: 1
    Processed in 0.00 seconds
  Pass  (vp, d3d11) finished in 0.01 seconds. Local cache hits 0 (0.00s CPU time), remote cache hits 0 (0.00s CPU time), compiled 1 variants (0.01s CPU time), skipped 0 variants.
    Prepared data for serialisation in 0.00s
  Pass  (fp, d3d11) finished in 0.01 seconds. Local cache hits 0 (0.00s CPU time), remote cache hits 0 (0.00s CPU time), compiled 1 variants (0.01s CPU time), skipped 0 variants.
    Prepared data for serialisation in 0.00s
Serialized binary data for shader Hidden/Internal-StencilWrite in 0.00s
    d3d11 (total internal programs: 2, unique: 2)
Compiling shader "Hidden/Internal-DepthNormalsTexture"
  Pass "" (vp)
    Target graphics API: d3d11
    Full variant space:         1
    After settings filtering:   1
    After built-in stripping:   1
    After scriptable stripping: 1
    Processed in 0.00 seconds
  Pass "" (fp)
    Target graphics API: d3d11
    Full variant space:         1
    After settings filtering:   1
    After built-in stripping:   1
    After scriptable stripping: 1
    Processed in 0.00 seconds
  Pass "" (vp)
    Target graphics API: d3d11
    Full variant space:         1
    After settings filtering:   1
    After built-in stripping:   1
    After scriptable stripping: 1
    Processed in 0.00 seconds
  Pass "" (fp)
    Target graphics API: d3d11
    Full variant space:         1
    After settings filtering:   1
    After built-in stripping:   1
    After scriptable stripping: 1
    Processed in 0.00 seconds
  Pass "" (vp)
    Target graphics API: d3d11
    Full variant space:         1
    After settings filtering:   1
    After built-in stripping:   1
    After scriptable stripping: 1
    Processed in 0.00 seconds
  Pass "" (fp)
    Target graphics API: d3d11
    Full variant space:         1
    After settings filtering:   1
    After built-in stripping:   1
    After scriptable stripping: 1
    Processed in 0.00 seconds
  Pass "" (vp)
    Target graphics API: d3d11
    Full variant space:         1
    After settings filtering:   1
    After built-in stripping:   1
    After scriptable stripping: 1
    Processed in 0.00 seconds
  Pass "" (fp)
    Target graphics API: d3d11
    Full variant space:         1
    After settings filtering:   1
    After built-in stripping:   1
    After scriptable stripping: 1
    Processed in 0.00 seconds
  Pass "" (vp)
    Target graphics API: d3d11
    Full variant space:         1
    After settings filtering:   1
    After built-in stripping:   1
    After scriptable stripping: 1
    Processed in 0.00 seconds
  Pass "" (fp)
    Target graphics API: d3d11
    Full variant space:         1
    After settings filtering:   1
    After built-in stripping:   1
    After scriptable stripping: 1
    Processed in 0.00 seconds
  Pass "" (vp)
    Target graphics API: d3d11
    Full variant space:         1
    After settings filtering:   1
    After built-in stripping:   1
    After scriptable stripping: 1
    Processed in 0.00 seconds
  Pass "" (fp)
    Target graphics API: d3d11
    Full variant space:         1
    After settings filtering:   1
    After built-in stripping:   1
    After scriptable stripping: 1
    Processed in 0.00 seconds
  Pass "" (vp)
    Target graphics API: d3d11
    Full variant space:         1
    After settings filtering:   1
    After built-in stripping:   1
    After scriptable stripping: 1
    Processed in 0.00 seconds
  Pass "" (fp)
    Target graphics API: d3d11
    Full variant space:         1
    After settings filtering:   1
    After built-in stripping:   1
    After scriptable stripping: 1
    Processed in 0.00 seconds
  Pass "" (vp)
    Target graphics API: d3d11
    Full variant space:         1
    After settings filtering:   1
    After built-in stripping:   1
    After scriptable stripping: 1
    Processed in 0.00 seconds
  Pass "" (fp)
    Target graphics API: d3d11
    Full variant space:         1
    After settings filtering:   1
    After built-in stripping:   1
    After scriptable stripping: 1
    Processed in 0.00 seconds
  Pass "" (vp)
    Target graphics API: d3d11
    Full variant space:         1
    After settings filtering:   1
    After built-in stripping:   1
    After scriptable stripping: 1
    Processed in 0.00 seconds
  Pass "" (fp)
    Target graphics API: d3d11
    Full variant space:         1
    After settings filtering:   1
    After built-in stripping:   1
    After scriptable stripping: 1
    Processed in 0.00 seconds
  Pass "" (vp)
    Target graphics API: d3d11
    Full variant space:         1
    After settings filtering:   1
    After built-in stripping:   1
    After scriptable stripping: 1
    Processed in 0.00 seconds
  Pass "" (fp)
    Target graphics API: d3d11
    Full variant space:         1
    After settings filtering:   1
    After built-in stripping:   1
    After scriptable stripping: 1
    Processed in 0.00 seconds
  Pass  (vp, d3d11) finished in 0.01 seconds. Local cache hits 0 (0.00s CPU time), remote cache hits 0 (0.00s CPU time), compiled 1 variants (0.01s CPU time), skipped 0 variants.
    Prepared data for serialisation in 0.00s
  Pass  (fp, d3d11) finished in 0.01 seconds. Local cache hits 0 (0.00s CPU time), remote cache hits 0 (0.00s CPU time), compiled 1 variants (0.01s CPU time), skipped 0 variants.
    Prepared data for serialisation in 0.00s
  Pass  (vp, d3d11) finished in 0.01 seconds. Local cache hits 0 (0.00s CPU time), remote cache hits 0 (0.00s CPU time), compiled 1 variants (0.01s CPU time), skipped 0 variants.
    Prepared data for serialisation in 0.00s
  Pass  (fp, d3d11) finished in 0.02 seconds. Local cache hits 0 (0.00s CPU time), remote cache hits 0 (0.00s CPU time), compiled 1 variants (0.02s CPU time), skipped 0 variants.
    Prepared data for serialisation in 0.00s
  Pass  (vp, d3d11) finished in 0.03 seconds. Local cache hits 0 (0.00s CPU time), remote cache hits 0 (0.00s CPU time), compiled 1 variants (0.03s CPU time), skipped 0 variants.
    Prepared data for serialisation in 0.00s
  Pass  (fp, d3d11) finished in 0.03 seconds. Local cache hits 0 (0.00s CPU time), remote cache hits 0 (0.00s CPU time), compiled 1 variants (0.02s CPU time), skipped 0 variants.
    Prepared data for serialisation in 0.00s
  Pass  (vp, d3d11) finished in 0.03 seconds. Local cache hits 0 (0.00s CPU time), remote cache hits 0 (0.00s CPU time), compiled 1 variants (0.03s CPU time), skipped 0 variants.
    Prepared data for serialisation in 0.00s
  Pass  (fp, d3d11) finished in 0.03 seconds. Local cache hits 0 (0.00s CPU time), remote cache hits 0 (0.00s CPU time), compiled 1 variants (0.02s CPU time), skipped 0 variants.
    Prepared data for serialisation in 0.00s
  Pass  (vp, d3d11) finished in 0.03 seconds. Local cache hits 0 (0.00s CPU time), remote cache hits 0 (0.00s CPU time), compiled 1 variants (0.02s CPU time), skipped 0 variants.
    Prepared data for serialisation in 0.00s
  Pass  (fp, d3d11) finished in 0.03 seconds. Local cache hits 0 (0.00s CPU time), remote cache hits 0 (0.00s CPU time), compiled 1 variants (0.02s CPU time), skipped 0 variants.
    Prepared data for serialisation in 0.00s
  Pass  (vp, d3d11) finished in 0.03 seconds. Local cache hits 0 (0.00s CPU time), remote cache hits 0 (0.00s CPU time), compiled 1 variants (0.02s CPU time), skipped 0 variants.
    Prepared data for serialisation in 0.00s
  Pass  (fp, d3d11) finished in 0.03 seconds. Local cache hits 0 (0.00s CPU time), remote cache hits 0 (0.00s CPU time), compiled 1 variants (0.02s CPU time), skipped 0 variants.
    Prepared data for serialisation in 0.00s
  Pass  (vp, d3d11) finished in 0.03 seconds. Local cache hits 0 (0.00s CPU time), remote cache hits 0 (0.00s CPU time), compiled 1 variants (0.02s CPU time), skipped 0 variants.
    Prepared data for serialisation in 0.00s
  Pass  (fp, d3d11) finished in 0.03 seconds. Local cache hits 0 (0.00s CPU time), remote cache hits 0 (0.00s CPU time), compiled 1 variants (0.01s CPU time), skipped 0 variants.
    Prepared data for serialisation in 0.00s
  Pass  (vp, d3d11) finished in 0.03 seconds. Local cache hits 0 (0.00s CPU time), remote cache hits 0 (0.00s CPU time), compiled 1 variants (0.02s CPU time), skipped 0 variants.
    Prepared data for serialisation in 0.00s
  Pass  (fp, d3d11) finished in 0.03 seconds. Local cache hits 0 (0.00s CPU time), remote cache hits 0 (0.00s CPU time), compiled 1 variants (0.02s CPU time), skipped 0 variants.
    Prepared data for serialisation in 0.00s
  Pass  (vp, d3d11) finished in 0.03 seconds. Local cache hits 0 (0.00s CPU time), remote cache hits 0 (0.00s CPU time), compiled 1 variants (0.02s CPU time), skipped 0 variants.
    Prepared data for serialisation in 0.00s
  Pass  (fp, d3d11) finished in 0.03 seconds. Local cache hits 0 (0.00s CPU time), remote cache hits 0 (0.00s CPU time), compiled 1 variants (0.02s CPU time), skipped 0 variants.
    Prepared data for serialisation in 0.00s
  Pass  (vp, d3d11) finished in 0.03 seconds. Local cache hits 0 (0.00s CPU time), remote cache hits 0 (0.00s CPU time), compiled 1 variants (0.02s CPU time), skipped 0 variants.
    Prepared data for serialisation in 0.00s
  Pass  (fp, d3d11) finished in 0.02 seconds. Local cache hits 0 (0.00s CPU time), remote cache hits 0 (0.00s CPU time), compiled 1 variants (0.01s CPU time), skipped 0 variants.
    Prepared data for serialisation in 0.00s
Serialized binary data for shader Hidden/Internal-DepthNormalsTexture in 0.00s
    d3d11 (total internal programs: 20, unique: 17)
Compiling shader "Hidden/Internal-ScreenSpaceShadows"
  Pass "" (vp)
    Target graphics API: d3d11
    Full variant space:         4
    After settings filtering:   4
    After built-in stripping:   4
    After scriptable stripping: 4
    Processed in 0.00 seconds
  Pass "" (fp)
    Target graphics API: d3d11
    Full variant space:         4
    After settings filtering:   4
    After built-in stripping:   4
    After scriptable stripping: 4
    Processed in 0.00 seconds
  Pass "" (vp)
    Target graphics API: d3d11
    Full variant space:         4
    After settings filtering:   4
    After built-in stripping:   4
    After scriptable stripping: 4
    Processed in 0.00 seconds
  Pass "" (fp)
    Target graphics API: d3d11
    Full variant space:         4
    After settings filtering:   4
    After built-in stripping:   4
    After scriptable stripping: 4
    Processed in 0.00 seconds
  Pass "" (vp)
    Target graphics API: d3d11
    Full variant space:         4
    After settings filtering:   4
    After built-in stripping:   4
    After scriptable stripping: 4
    Processed in 0.00 seconds
  Pass "" (fp)
    Target graphics API: d3d11
    Full variant space:         4
    After settings filtering:   4
    After built-in stripping:   4
    After scriptable stripping: 4
    Processed in 0.00 seconds
  Pass "" (vp)
    Target graphics API: d3d11
    Full variant space:         4
    After settings filtering:   4
    After built-in stripping:   4
    After scriptable stripping: 4
    Processed in 0.00 seconds
  Pass "" (fp)
    Target graphics API: d3d11
    Full variant space:         4
    After settings filtering:   4
    After built-in stripping:   4
    After scriptable stripping: 4
    Processed in 0.00 seconds
  Pass  (vp, d3d11) finished in 0.02 seconds. Local cache hits 0 (0.00s CPU time), remote cache hits 0 (0.00s CPU time), compiled 4 variants (0.07s CPU time), skipped 0 variants.
    Prepared data for serialisation in 0.00s
  Pass  (fp, d3d11) finished in 0.03 seconds. Local cache hits 0 (0.00s CPU time), remote cache hits 0 (0.00s CPU time), compiled 4 variants (0.10s CPU time), skipped 0 variants.
    Prepared data for serialisation in 0.00s
  Pass  (vp, d3d11) finished in 0.03 seconds. Local cache hits 0 (0.00s CPU time), remote cache hits 0 (0.00s CPU time), compiled 4 variants (0.09s CPU time), skipped 0 variants.
    Prepared data for serialisation in 0.00s
  Pass  (fp, d3d11) finished in 0.03 seconds. Local cache hits 0 (0.00s CPU time), remote cache hits 0 (0.00s CPU time), compiled 4 variants (0.09s CPU time), skipped 0 variants.
    Prepared data for serialisation in 0.00s
  Pass  (vp, d3d11) finished in 0.03 seconds. Local cache hits 0 (0.00s CPU time), remote cache hits 0 (0.00s CPU time), compiled 4 variants (0.08s CPU time), skipped 0 variants.
    Prepared data for serialisation in 0.00s
  Pass  (fp, d3d11) finished in 0.03 seconds. Local cache hits 0 (0.00s CPU time), remote cache hits 0 (0.00s CPU time), compiled 4 variants (0.11s CPU time), skipped 0 variants.
    Prepared data for serialisation in 0.00s
  Pass  (vp, d3d11) finished in 0.03 seconds. Local cache hits 0 (0.00s CPU time), remote cache hits 0 (0.00s CPU time), compiled 4 variants (0.06s CPU time), skipped 0 variants.
    Prepared data for serialisation in 0.00s
  Pass  (fp, d3d11) finished in 0.03 seconds. Local cache hits 0 (0.00s CPU time), remote cache hits 0 (0.00s CPU time), compiled 4 variants (0.11s CPU time), skipped 0 variants.
    Prepared data for serialisation in 0.00s
Serialized binary data for shader Hidden/Internal-ScreenSpaceShadows in 0.00s
    d3d11 (total internal programs: 32, unique: 20)
Compiling shader "Hidden/Internal-CombineDepthNormals"
  Pass "" (vp)
    Target graphics API: d3d11
    Full variant space:         1
    After settings filtering:   1
    After built-in stripping:   1
    After scriptable stripping: 1
    Processed in 0.00 seconds
  Pass "" (fp)
    Target graphics API: d3d11
    Full variant space:         1
    After settings filtering:   1
    After built-in stripping:   1
    After scriptable stripping: 1
    Processed in 0.00 seconds
  Pass  (vp, d3d11) finished in 0.01 seconds. Local cache hits 0 (0.00s CPU time), remote cache hits 0 (0.00s CPU time), compiled 1 variants (0.01s CPU time), skipped 0 variants.
    Prepared data for serialisation in 0.00s
  Pass  (fp, d3d11) finished in 0.01 seconds. Local cache hits 0 (0.00s CPU time), remote cache hits 0 (0.00s CPU time), compiled 1 variants (0.01s CPU time), skipped 0 variants.
    Prepared data for serialisation in 0.00s
Serialized binary data for shader Hidden/Internal-CombineDepthNormals in 0.00s
    d3d11 (total internal programs: 2, unique: 2)
Compiling shader "Hidden/BlitCopy"
  Pass "" (vp)
    Target graphics API: d3d11
    Full variant space:         1
    After settings filtering:   1
    After built-in stripping:   1
    After scriptable stripping: 1
    Processed in 0.00 seconds
  Pass "" (fp)
    Target graphics API: d3d11
    Full variant space:         1
    After settings filtering:   1
    After built-in stripping:   1
    After scriptable stripping: 1
    Processed in 0.00 seconds
  Pass  (vp, d3d11) finished in 0.01 seconds. Local cache hits 0 (0.00s CPU time), remote cache hits 0 (0.00s CPU time), compiled 1 variants (0.01s CPU time), skipped 0 variants.
    Prepared data for serialisation in 0.00s
  Pass  (fp, d3d11) finished in 0.01 seconds. Local cache hits 0 (0.00s CPU time), remote cache hits 0 (0.00s CPU time), compiled 1 variants (0.01s CPU time), skipped 0 variants.
    Prepared data for serialisation in 0.00s
Serialized binary data for shader Hidden/BlitCopy in 0.00s
    d3d11 (total internal programs: 2, unique: 2)
Compiling shader "Hidden/BlitCopyDepth"
  Pass "" (vp)
    Target graphics API: d3d11
    Full variant space:         1
    After settings filtering:   1
    After built-in stripping:   1
    After scriptable stripping: 1
    Processed in 0.00 seconds
  Pass "" (fp)
    Target graphics API: d3d11
    Full variant space:         1
    After settings filtering:   1
    After built-in stripping:   1
    After scriptable stripping: 1
    Processed in 0.00 seconds
  Pass  (vp, d3d11) finished in 0.01 seconds. Local cache hits 0 (0.00s CPU time), remote cache hits 0 (0.00s CPU time), compiled 1 variants (0.01s CPU time), skipped 0 variants.
    Prepared data for serialisation in 0.00s
  Pass  (fp, d3d11) finished in 0.01 seconds. Local cache hits 0 (0.00s CPU time), remote cache hits 0 (0.00s CPU time), compiled 1 variants (0.01s CPU time), skipped 0 variants.
    Prepared data for serialisation in 0.00s
Serialized binary data for shader Hidden/BlitCopyDepth in 0.00s
    d3d11 (total internal programs: 2, unique: 2)
Compiling shader "Hidden/ConvertTexture"
  Pass "" (vp)
    Target graphics API: d3d11
    Full variant space:         1
    After settings filtering:   1
    After built-in stripping:   1
    After scriptable stripping: 1
    Processed in 0.00 seconds
  Pass "" (fp)
    Target graphics API: d3d11
    Full variant space:         1
    After settings filtering:   1
    After built-in stripping:   1
    After scriptable stripping: 1
    Processed in 0.00 seconds
  Pass  (vp, d3d11) finished in 0.01 seconds. Local cache hits 0 (0.00s CPU time), remote cache hits 0 (0.00s CPU time), compiled 1 variants (0.01s CPU time), skipped 0 variants.
    Prepared data for serialisation in 0.00s
  Pass  (fp, d3d11) finished in 0.01 seconds. Local cache hits 0 (0.00s CPU time), remote cache hits 0 (0.00s CPU time), compiled 1 variants (0.01s CPU time), skipped 0 variants.
    Prepared data for serialisation in 0.00s
Serialized binary data for shader Hidden/ConvertTexture in 0.00s
    d3d11 (total internal programs: 2, unique: 2)
Compiling shader "Hidden/Internal-DeferredShading"
  Pass "" (vp)
    Target graphics API: d3d11
    Full variant space:         94
    After settings filtering:   94
    After built-in stripping:   26
    After scriptable stripping: 26
    Processed in 0.00 seconds
  Pass "" (fp)
    Target graphics API: d3d11
    Full variant space:         94
    After settings filtering:   94
    After built-in stripping:   26
    After scriptable stripping: 26
    Processed in 0.00 seconds
  Pass "" (vp)
    Target graphics API: d3d11
    Full variant space:         1
    After settings filtering:   1
    After built-in stripping:   1
    After scriptable stripping: 1
    Processed in 0.00 seconds
  Pass "" (fp)
    Target graphics API: d3d11
    Full variant space:         1
    After settings filtering:   1
    After built-in stripping:   1
    After scriptable stripping: 1
    Processed in 0.00 seconds
  Pass  (vp, d3d11) finished in 0.04 seconds. Local cache hits 0 (0.00s CPU time), remote cache hits 0 (0.00s CPU time), compiled 26 variants (0.59s CPU time), skipped 0 variants.
    Prepared data for serialisation in 0.00s
  Pass  (fp, d3d11) finished in 0.06 seconds. Local cache hits 0 (0.00s CPU time), remote cache hits 0 (0.00s CPU time), compiled 26 variants (0.76s CPU time), skipped 0 variants.
    Prepared data for serialisation in 0.00s
  Pass  (vp, d3d11) finished in 0.02 seconds. Local cache hits 0 (0.00s CPU time), remote cache hits 0 (0.00s CPU time), compiled 1 variants (0.01s CPU time), skipped 0 variants.
    Prepared data for serialisation in 0.00s
  Pass  (fp, d3d11) finished in 0.02 seconds. Local cache hits 0 (0.00s CPU time), remote cache hits 0 (0.00s CPU time), compiled 1 variants (0.01s CPU time), skipped 0 variants.
    Prepared data for serialisation in 0.00s
Serialized binary data for shader Hidden/Internal-DeferredShading in 0.00s
    d3d11 (total internal programs: 54, unique: 54)
Compiling shader "Hidden/Internal-DeferredReflections"
  Pass "" (vp)
    Target graphics API: d3d11
    Full variant space:         1
    After settings filtering:   1
    After built-in stripping:   1
    After scriptable stripping: 1
    Processed in 0.00 seconds
  Pass "" (fp)
    Target graphics API: d3d11
    Full variant space:         1
    After settings filtering:   1
    After built-in stripping:   1
    After scriptable stripping: 1
    Processed in 0.00 seconds
  Pass "" (vp)
    Target graphics API: d3d11
    Full variant space:         2
    After settings filtering:   2
    After built-in stripping:   2
    After scriptable stripping: 2
    Processed in 0.00 seconds
  Pass "" (fp)
    Target graphics API: d3d11
    Full variant space:         2
    After settings filtering:   2
    After built-in stripping:   2
    After scriptable stripping: 2
    Processed in 0.00 seconds
  Pass  (vp, d3d11) finished in 0.01 seconds. Local cache hits 0 (0.00s CPU time), remote cache hits 0 (0.00s CPU time), compiled 1 variants (0.01s CPU time), skipped 0 variants.
    Prepared data for serialisation in 0.00s
  Pass  (fp, d3d11) finished in 0.02 seconds. Local cache hits 0 (0.00s CPU time), remote cache hits 0 (0.00s CPU time), compiled 1 variants (0.02s CPU time), skipped 0 variants.
    Prepared data for serialisation in 0.00s
  Pass  (vp, d3d11) finished in 0.02 seconds. Local cache hits 0 (0.00s CPU time), remote cache hits 0 (0.00s CPU time), compiled 2 variants (0.02s CPU time), skipped 0 variants.
    Prepared data for serialisation in 0.00s
  Pass  (fp, d3d11) finished in 0.02 seconds. Local cache hits 0 (0.00s CPU time), remote cache hits 0 (0.00s CPU time), compiled 2 variants (0.01s CPU time), skipped 0 variants.
    Prepared data for serialisation in 0.00s
Serialized binary data for shader Hidden/Internal-DeferredReflections in 0.00s
    d3d11 (total internal programs: 6, unique: 6)
Compiling shader "Hidden/Internal-MotionVectors"
  Pass "" (vp)
    Target graphics API: d3d11
    Full variant space:         1
    After settings filtering:   1
    After built-in stripping:   1
    After scriptable stripping: 1
    Processed in 0.00 seconds
  Pass "" (fp)
    Target graphics API: d3d11
    Full variant space:         1
    After settings filtering:   1
    After built-in stripping:   1
    After scriptable stripping: 1
    Processed in 0.00 seconds
  Pass "" (vp)
    Target graphics API: d3d11
    Full variant space:         1
    After settings filtering:   1
    After built-in stripping:   1
    After scriptable stripping: 1
    Processed in 0.00 seconds
  Pass "" (fp)
    Target graphics API: d3d11
    Full variant space:         1
    After settings filtering:   1
    After built-in stripping:   1
    After scriptable stripping: 1
    Processed in 0.00 seconds
  Pass "" (vp)
    Target graphics API: d3d11
    Full variant space:         1
    After settings filtering:   1
    After built-in stripping:   1
    After scriptable stripping: 1
    Processed in 0.00 seconds
  Pass "" (fp)
    Target graphics API: d3d11
    Full variant space:         1
    After settings filtering:   1
    After built-in stripping:   1
    After scriptable stripping: 1
    Processed in 0.00 seconds
  Pass  (vp, d3d11) finished in 0.01 seconds. Local cache hits 0 (0.00s CPU time), remote cache hits 0 (0.00s CPU time), compiled 1 variants (0.01s CPU time), skipped 0 variants.
    Prepared data for serialisation in 0.00s
  Pass  (fp, d3d11) finished in 0.01 seconds. Local cache hits 0 (0.00s CPU time), remote cache hits 0 (0.00s CPU time), compiled 1 variants (0.01s CPU time), skipped 0 variants.
    Prepared data for serialisation in 0.00s
  Pass  (vp, d3d11) finished in 0.01 seconds. Local cache hits 0 (0.00s CPU time), remote cache hits 0 (0.00s CPU time), compiled 1 variants (0.01s CPU time), skipped 0 variants.
    Prepared data for serialisation in 0.00s
  Pass  (fp, d3d11) finished in 0.01 seconds. Local cache hits 0 (0.00s CPU time), remote cache hits 0 (0.00s CPU time), compiled 1 variants (0.01s CPU time), skipped 0 variants.
    Prepared data for serialisation in 0.00s
  Pass  (vp, d3d11) finished in 0.01 seconds. Local cache hits 0 (0.00s CPU time), remote cache hits 0 (0.00s CPU time), compiled 1 variants (0.01s CPU time), skipped 0 variants.
    Prepared data for serialisation in 0.00s
  Pass  (fp, d3d11) finished in 0.01 seconds. Local cache hits 0 (0.00s CPU time), remote cache hits 0 (0.00s CPU time), compiled 1 variants (0.01s CPU time), skipped 0 variants.
    Prepared data for serialisation in 0.00s
Serialized binary data for shader Hidden/Internal-MotionVectors in 0.00s
    d3d11 (total internal programs: 6, unique: 5)
Compiling shader "Hidden/Internal-Flare"
  Pass "" (vp)
    Target graphics API: d3d11
    Full variant space:         1
    After settings filtering:   1
    After built-in stripping:   1
    After scriptable stripping: 1
    Processed in 0.00 seconds
  Pass "" (fp)
    Target graphics API: d3d11
    Full variant space:         1
    After settings filtering:   1
    After built-in stripping:   1
    After scriptable stripping: 1
    Processed in 0.00 seconds
  Pass  (vp, d3d11) finished in 0.01 seconds. Local cache hits 0 (0.00s CPU time), remote cache hits 0 (0.00s CPU time), compiled 1 variants (0.01s CPU time), skipped 0 variants.
    Prepared data for serialisation in 0.00s
  Pass  (fp, d3d11) finished in 0.01 seconds. Local cache hits 0 (0.00s CPU time), remote cache hits 0 (0.00s CPU time), compiled 1 variants (0.01s CPU time), skipped 0 variants.
    Prepared data for serialisation in 0.00s
Serialized binary data for shader Hidden/Internal-Flare in 0.00s
    d3d11 (total internal programs: 2, unique: 2)
Compiling shader "Hidden/Internal-Halo"
  Pass "" (vp)
    Target graphics API: d3d11
    Full variant space:         4
    After settings filtering:   4
    After built-in stripping:   1
    After scriptable stripping: 1
    Processed in 0.00 seconds
  Pass "" (fp)
    Target graphics API: d3d11
    Full variant space:         4
    After settings filtering:   4
    After built-in stripping:   1
    After scriptable stripping: 1
    Processed in 0.00 seconds
  Pass  (vp, d3d11) finished in 0.01 seconds. Local cache hits 0 (0.00s CPU time), remote cache hits 0 (0.00s CPU time), compiled 1 variants (0.01s CPU time), skipped 0 variants.
    Prepared data for serialisation in 0.00s
  Pass  (fp, d3d11) finished in 0.01 seconds. Local cache hits 0 (0.00s CPU time), remote cache hits 0 (0.00s CPU time), compiled 1 variants (0.01s CPU time), skipped 0 variants.
    Prepared data for serialisation in 0.00s
Serialized binary data for shader Hidden/Internal-Halo in 0.00s
    d3d11 (total internal programs: 2, unique: 2)
Compiling shader "Hidden/BlitCopyWithDepth"
  Pass "" (vp)
    Target graphics API: d3d11
    Full variant space:         1
    After settings filtering:   1
    After built-in stripping:   1
    After scriptable stripping: 1
    Processed in 0.00 seconds
  Pass "" (fp)
    Target graphics API: d3d11
    Full variant space:         1
    After settings filtering:   1
    After built-in stripping:   1
    After scriptable stripping: 1
    Processed in 0.00 seconds
  Pass  (vp, d3d11) finished in 0.01 seconds. Local cache hits 0 (0.00s CPU time), remote cache hits 0 (0.00s CPU time), compiled 1 variants (0.01s CPU time), skipped 0 variants.
    Prepared data for serialisation in 0.00s
  Pass  (fp, d3d11) finished in 0.01 seconds. Local cache hits 0 (0.00s CPU time), remote cache hits 0 (0.00s CPU time), compiled 1 variants (0.01s CPU time), skipped 0 variants.
    Prepared data for serialisation in 0.00s
Serialized binary data for shader Hidden/BlitCopyWithDepth in 0.00s
    d3d11 (total internal programs: 2, unique: 2)
Compiling shader "Hidden/BlitToDepth"
  Pass "" (vp)
    Target graphics API: d3d11
    Full variant space:         1
    After settings filtering:   1
    After built-in stripping:   1
    After scriptable stripping: 1
    Processed in 0.00 seconds
  Pass "" (fp)
    Target graphics API: d3d11
    Full variant space:         1
    After settings filtering:   1
    After built-in stripping:   1
    After scriptable stripping: 1
    Processed in 0.00 seconds
  Pass  (vp, d3d11) finished in 0.01 seconds. Local cache hits 0 (0.00s CPU time), remote cache hits 0 (0.00s CPU time), compiled 1 variants (0.01s CPU time), skipped 0 variants.
    Prepared data for serialisation in 0.00s
  Pass  (fp, d3d11) finished in 0.01 seconds. Local cache hits 0 (0.00s CPU time), remote cache hits 0 (0.00s CPU time), compiled 1 variants (0.01s CPU time), skipped 0 variants.
    Prepared data for serialisation in 0.00s
Serialized binary data for shader Hidden/BlitToDepth in 0.00s
    d3d11 (total internal programs: 2, unique: 2)
Compiling shader "Hidden/BlitToDepth_MSAA"
  Pass "" (vp)
    Target graphics API: d3d11
    Full variant space:         1
    After settings filtering:   1
    After built-in stripping:   1
    After scriptable stripping: 1
    Processed in 0.00 seconds
  Pass "" (fp)
    Target graphics API: d3d11
    Full variant space:         1
    After settings filtering:   1
    After built-in stripping:   1
    After scriptable stripping: 1
    Processed in 0.00 seconds
  Pass  (vp, d3d11) finished in 0.01 seconds. Local cache hits 0 (0.00s CPU time), remote cache hits 0 (0.00s CPU time), compiled 1 variants (0.01s CPU time), skipped 0 variants.
    Prepared data for serialisation in 0.00s
  Pass  (fp, d3d11) finished in 0.01 seconds. Local cache hits 0 (0.00s CPU time), remote cache hits 0 (0.00s CPU time), compiled 1 variants (0.01s CPU time), skipped 0 variants.
    Prepared data for serialisation in 0.00s
Serialized binary data for shader Hidden/BlitToDepth_MSAA in 0.00s
    d3d11 (total internal programs: 2, unique: 2)
Compiling shader "Hidden/BlitCopyHDRTonemap"
  Pass "" (vp)
    Target graphics API: d3d11
    Full variant space:         1
    After settings filtering:   1
    After built-in stripping:   1
    After scriptable stripping: 1
    Processed in 0.00 seconds
  Pass "" (fp)
    Target graphics API: d3d11
    Full variant space:         1
    After settings filtering:   1
    After built-in stripping:   1
    After scriptable stripping: 1
    Processed in 0.00 seconds
  Pass  (vp, d3d11) finished in 0.01 seconds. Local cache hits 0 (0.00s CPU time), remote cache hits 0 (0.00s CPU time), compiled 1 variants (0.01s CPU time), skipped 0 variants.
    Prepared data for serialisation in 0.00s
  Pass  (fp, d3d11) finished in 0.01 seconds. Local cache hits 0 (0.00s CPU time), remote cache hits 0 (0.00s CPU time), compiled 1 variants (0.01s CPU time), skipped 0 variants.
    Prepared data for serialisation in 0.00s
Serialized binary data for shader Hidden/BlitCopyHDRTonemap in 0.00s
    d3d11 (total internal programs: 2, unique: 2)
Compiling shader "Hidden/Internal-DebugPattern"
  Pass "Target Color and DepthStencil" (vp)
    Target graphics API: d3d11
    Full variant space:         1
    After settings filtering:   1
    After built-in stripping:   1
    After scriptable stripping: 1
    Processed in 0.00 seconds
  Pass "Target Color and DepthStencil" (fp)
    Target graphics API: d3d11
    Full variant space:         1
    After settings filtering:   1
    After built-in stripping:   1
    After scriptable stripping: 1
    Processed in 0.00 seconds
  Pass "Target only Color" (vp)
    Target graphics API: d3d11
    Full variant space:         1
    After settings filtering:   1
    After built-in stripping:   1
    After scriptable stripping: 1
    Processed in 0.00 seconds
  Pass "Target only Color" (fp)
    Target graphics API: d3d11
    Full variant space:         1
    After settings filtering:   1
    After built-in stripping:   1
    After scriptable stripping: 1
    Processed in 0.00 seconds
  Pass "Target only DepthStencil" (vp)
    Target graphics API: d3d11
    Full variant space:         1
    After settings filtering:   1
    After built-in stripping:   1
    After scriptable stripping: 1
    Processed in 0.00 seconds
  Pass "Target only DepthStencil" (fp)
    Target graphics API: d3d11
    Full variant space:         1
    After settings filtering:   1
    After built-in stripping:   1
    After scriptable stripping: 1
    Processed in 0.00 seconds
  Pass Target Color and DepthStencil (vp, d3d11) finished in 0.01 seconds. Local cache hits 0 (0.00s CPU time), remote cache hits 0 (0.00s CPU time), compiled 1 variants (0.01s CPU time), skipped 0 variants.
    Prepared data for serialisation in 0.00s
  Pass Target Color and DepthStencil (fp, d3d11) finished in 0.01 seconds. Local cache hits 0 (0.00s CPU time), remote cache hits 0 (0.00s CPU time), compiled 1 variants (0.01s CPU time), skipped 0 variants.
    Prepared data for serialisation in 0.00s
  Pass Target only Color (vp, d3d11) finished in 0.01 seconds. Local cache hits 0 (0.00s CPU time), remote cache hits 0 (0.00s CPU time), compiled 1 variants (0.01s CPU time), skipped 0 variants.
    Prepared data for serialisation in 0.00s
  Pass Target only Color (fp, d3d11) finished in 0.01 seconds. Local cache hits 0 (0.00s CPU time), remote cache hits 0 (0.00s CPU time), compiled 1 variants (0.01s CPU time), skipped 0 variants.
    Prepared data for serialisation in 0.00s
  Pass Target only DepthStencil (vp, d3d11) finished in 0.01 seconds. Local cache hits 0 (0.00s CPU time), remote cache hits 0 (0.00s CPU time), compiled 1 variants (0.01s CPU time), skipped 0 variants.
    Prepared data for serialisation in 0.00s
  Pass Target only DepthStencil (fp, d3d11) finished in 0.01 seconds. Local cache hits 0 (0.00s CPU time), remote cache hits 0 (0.00s CPU time), compiled 1 variants (0.01s CPU time), skipped 0 variants.
    Prepared data for serialisation in 0.00s
Serialized binary data for shader Hidden/Internal-DebugPattern in 0.00s
    d3d11 (total internal programs: 6, unique: 4)
Compiling shader "Hidden/Internal-GUITextureClip"
  Pass "" (vp)
    Target graphics API: d3d11
    Full variant space:         1
    After settings filtering:   1
    After built-in stripping:   1
    After scriptable stripping: 1
    Processed in 0.00 seconds
  Pass "" (fp)
    Target graphics API: d3d11
    Full variant space:         1
    After settings filtering:   1
    After built-in stripping:   1
    After scriptable stripping: 1
    Processed in 0.00 seconds
  Pass "" (vp)
    Target graphics API: d3d11
    Full variant space:         1
    After settings filtering:   1
    After built-in stripping:   1
    After scriptable stripping: 1
    Processed in 0.00 seconds
  Pass "" (fp)
    Target graphics API: d3d11
    Full variant space:         1
    After settings filtering:   1
    After built-in stripping:   1
    After scriptable stripping: 1
    Processed in 0.00 seconds
  Pass  (vp, d3d11) finished in 0.01 seconds. Local cache hits 0 (0.00s CPU time), remote cache hits 0 (0.00s CPU time), compiled 1 variants (0.01s CPU time), skipped 0 variants.
    Prepared data for serialisation in 0.00s
  Pass  (fp, d3d11) finished in 0.01 seconds. Local cache hits 0 (0.00s CPU time), remote cache hits 0 (0.00s CPU time), compiled 1 variants (0.01s CPU time), skipped 0 variants.
    Prepared data for serialisation in 0.00s
  Pass  (vp, d3d11) finished in 0.01 seconds. Local cache hits 0 (0.00s CPU time), remote cache hits 0 (0.00s CPU time), compiled 1 variants (0.01s CPU time), skipped 0 variants.
    Prepared data for serialisation in 0.00s
  Pass  (fp, d3d11) finished in 0.01 seconds. Local cache hits 0 (0.00s CPU time), remote cache hits 0 (0.00s CPU time), compiled 1 variants (0.01s CPU time), skipped 0 variants.
    Prepared data for serialisation in 0.00s
Serialized binary data for shader Hidden/Internal-GUITextureClip in 0.00s
    d3d11 (total internal programs: 4, unique: 2)
Compiling shader "Hidden/Internal-GUITextureClipText"
  Pass "" (vp)
    Target graphics API: d3d11
    Full variant space:         1
    After settings filtering:   1
    After built-in stripping:   1
    After scriptable stripping: 1
    Processed in 0.00 seconds
  Pass "" (fp)
    Target graphics API: d3d11
    Full variant space:         1
    After settings filtering:   1
    After built-in stripping:   1
    After scriptable stripping: 1
    Processed in 0.00 seconds
  Pass "" (vp)
    Target graphics API: d3d11
    Full variant space:         1
    After settings filtering:   1
    After built-in stripping:   1
    After scriptable stripping: 1
    Processed in 0.00 seconds
  Pass "" (fp)
    Target graphics API: d3d11
    Full variant space:         1
    After settings filtering:   1
    After built-in stripping:   1
    After scriptable stripping: 1
    Processed in 0.00 seconds
  Pass  (vp, d3d11) finished in 0.01 seconds. Local cache hits 0 (0.00s CPU time), remote cache hits 0 (0.00s CPU time), compiled 1 variants (0.01s CPU time), skipped 0 variants.
    Prepared data for serialisation in 0.00s
  Pass  (fp, d3d11) finished in 0.01 seconds. Local cache hits 0 (0.00s CPU time), remote cache hits 0 (0.00s CPU time), compiled 1 variants (0.01s CPU time), skipped 0 variants.
    Prepared data for serialisation in 0.00s
  Pass  (vp, d3d11) finished in 0.01 seconds. Local cache hits 0 (0.00s CPU time), remote cache hits 0 (0.00s CPU time), compiled 1 variants (0.01s CPU time), skipped 0 variants.
    Prepared data for serialisation in 0.00s
  Pass  (fp, d3d11) finished in 0.01 seconds. Local cache hits 0 (0.00s CPU time), remote cache hits 0 (0.00s CPU time), compiled 1 variants (0.01s CPU time), skipped 0 variants.
    Prepared data for serialisation in 0.00s
Serialized binary data for shader Hidden/Internal-GUITextureClipText in 0.00s
    d3d11 (total internal programs: 4, unique: 2)
Compiling shader "Hidden/Internal-GUITexture"
  Pass "" (vp)
    Target graphics API: d3d11
    Full variant space:         1
    After settings filtering:   1
    After built-in stripping:   1
    After scriptable stripping: 1
    Processed in 0.00 seconds
  Pass "" (fp)
    Target graphics API: d3d11
    Full variant space:         1
    After settings filtering:   1
    After built-in stripping:   1
    After scriptable stripping: 1
    Processed in 0.00 seconds
  Pass "" (vp)
    Target graphics API: d3d11
    Full variant space:         1
    After settings filtering:   1
    After built-in stripping:   1
    After scriptable stripping: 1
    Processed in 0.00 seconds
  Pass "" (fp)
    Target graphics API: d3d11
    Full variant space:         1
    After settings filtering:   1
    After built-in stripping:   1
    After scriptable stripping: 1
    Processed in 0.00 seconds
  Pass  (vp, d3d11) finished in 0.01 seconds. Local cache hits 0 (0.00s CPU time), remote cache hits 0 (0.00s CPU time), compiled 1 variants (0.01s CPU time), skipped 0 variants.
    Prepared data for serialisation in 0.00s
  Pass  (fp, d3d11) finished in 0.01 seconds. Local cache hits 0 (0.00s CPU time), remote cache hits 0 (0.00s CPU time), compiled 1 variants (0.01s CPU time), skipped 0 variants.
    Prepared data for serialisation in 0.00s
  Pass  (vp, d3d11) finished in 0.01 seconds. Local cache hits 0 (0.00s CPU time), remote cache hits 0 (0.00s CPU time), compiled 1 variants (0.01s CPU time), skipped 0 variants.
    Prepared data for serialisation in 0.00s
  Pass  (fp, d3d11) finished in 0.01 seconds. Local cache hits 0 (0.00s CPU time), remote cache hits 0 (0.00s CPU time), compiled 1 variants (0.01s CPU time), skipped 0 variants.
    Prepared data for serialisation in 0.00s
Serialized binary data for shader Hidden/Internal-GUITexture in 0.00s
    d3d11 (total internal programs: 4, unique: 2)
Compiling shader "Hidden/Internal-GUITextureBlit"
  Pass "" (vp)
    Target graphics API: d3d11
    Full variant space:         1
    After settings filtering:   1
    After built-in stripping:   1
    After scriptable stripping: 1
    Processed in 0.00 seconds
  Pass "" (fp)
    Target graphics API: d3d11
    Full variant space:         1
    After settings filtering:   1
    After built-in stripping:   1
    After scriptable stripping: 1
    Processed in 0.00 seconds
  Pass "" (vp)
    Target graphics API: d3d11
    Full variant space:         1
    After settings filtering:   1
    After built-in stripping:   1
    After scriptable stripping: 1
    Processed in 0.00 seconds
  Pass "" (fp)
    Target graphics API: d3d11
    Full variant space:         1
    After settings filtering:   1
    After built-in stripping:   1
    After scriptable stripping: 1
    Processed in 0.00 seconds
  Pass  (vp, d3d11) finished in 0.01 seconds. Local cache hits 0 (0.00s CPU time), remote cache hits 0 (0.00s CPU time), compiled 1 variants (0.01s CPU time), skipped 0 variants.
    Prepared data for serialisation in 0.00s
  Pass  (fp, d3d11) finished in 0.01 seconds. Local cache hits 0 (0.00s CPU time), remote cache hits 0 (0.00s CPU time), compiled 1 variants (0.01s CPU time), skipped 0 variants.
    Prepared data for serialisation in 0.00s
  Pass  (vp, d3d11) finished in 0.01 seconds. Local cache hits 0 (0.00s CPU time), remote cache hits 0 (0.00s CPU time), compiled 1 variants (0.01s CPU time), skipped 0 variants.
    Prepared data for serialisation in 0.00s
  Pass  (fp, d3d11) finished in 0.01 seconds. Local cache hits 0 (0.00s CPU time), remote cache hits 0 (0.00s CPU time), compiled 1 variants (0.01s CPU time), skipped 0 variants.
    Prepared data for serialisation in 0.00s
Serialized binary data for shader Hidden/Internal-GUITextureBlit in 0.00s
    d3d11 (total internal programs: 4, unique: 2)
Compiling shader "Hidden/Internal-GUIRoundedRect"
  Pass "" (vp)
    Target graphics API: d3d11
    Full variant space:         1
    After settings filtering:   1
    After built-in stripping:   1
    After scriptable stripping: 1
    Processed in 0.00 seconds
  Pass "" (fp)
    Target graphics API: d3d11
    Full variant space:         1
    After settings filtering:   1
    After built-in stripping:   1
    After scriptable stripping: 1
    Processed in 0.00 seconds
  Pass "" (vp)
    Target graphics API: d3d11
    Full variant space:         1
    After settings filtering:   1
    After built-in stripping:   1
    After scriptable stripping: 1
    Processed in 0.00 seconds
  Pass "" (fp)
    Target graphics API: d3d11
    Full variant space:         1
    After settings filtering:   1
    After built-in stripping:   1
    After scriptable stripping: 1
    Processed in 0.00 seconds
  Pass  (vp, d3d11) finished in 0.01 seconds. Local cache hits 0 (0.00s CPU time), remote cache hits 0 (0.00s CPU time), compiled 1 variants (0.01s CPU time), skipped 0 variants.
    Prepared data for serialisation in 0.00s
  Pass  (fp, d3d11) finished in 0.01 seconds. Local cache hits 0 (0.00s CPU time), remote cache hits 0 (0.00s CPU time), compiled 1 variants (0.01s CPU time), skipped 0 variants.
    Prepared data for serialisation in 0.00s
  Pass  (vp, d3d11) finished in 0.01 seconds. Local cache hits 0 (0.00s CPU time), remote cache hits 0 (0.00s CPU time), compiled 1 variants (0.01s CPU time), skipped 0 variants.
    Prepared data for serialisation in 0.00s
  Pass  (fp, d3d11) finished in 0.01 seconds. Local cache hits 0 (0.00s CPU time), remote cache hits 0 (0.00s CPU time), compiled 1 variants (0.01s CPU time), skipped 0 variants.
    Prepared data for serialisation in 0.00s
Serialized binary data for shader Hidden/Internal-GUIRoundedRect in 0.00s
    d3d11 (total internal programs: 4, unique: 2)
Compiling shader "Hidden/Internal-GUIRoundedRectWithColorPerBorder"
  Pass "" (vp)
    Target graphics API: d3d11
    Full variant space:         1
    After settings filtering:   1
    After built-in stripping:   1
    After scriptable stripping: 1
    Processed in 0.00 seconds
  Pass "" (fp)
    Target graphics API: d3d11
    Full variant space:         1
    After settings filtering:   1
    After built-in stripping:   1
    After scriptable stripping: 1
    Processed in 0.00 seconds
  Pass "" (vp)
    Target graphics API: d3d11
    Full variant space:         1
    After settings filtering:   1
    After built-in stripping:   1
    After scriptable stripping: 1
    Processed in 0.00 seconds
  Pass "" (fp)
    Target graphics API: d3d11
    Full variant space:         1
    After settings filtering:   1
    After built-in stripping:   1
    After scriptable stripping: 1
    Processed in 0.00 seconds
  Pass  (vp, d3d11) finished in 0.01 seconds. Local cache hits 0 (0.00s CPU time), remote cache hits 0 (0.00s CPU time), compiled 1 variants (0.01s CPU time), skipped 0 variants.
    Prepared data for serialisation in 0.00s
  Pass  (fp, d3d11) finished in 0.02 seconds. Local cache hits 0 (0.00s CPU time), remote cache hits 0 (0.00s CPU time), compiled 1 variants (0.02s CPU time), skipped 0 variants.
    Prepared data for serialisation in 0.00s
  Pass  (vp, d3d11) finished in 0.02 seconds. Local cache hits 0 (0.00s CPU time), remote cache hits 0 (0.00s CPU time), compiled 1 variants (0.01s CPU time), skipped 0 variants.
    Prepared data for serialisation in 0.00s
  Pass  (fp, d3d11) finished in 0.02 seconds. Local cache hits 0 (0.00s CPU time), remote cache hits 0 (0.00s CPU time), compiled 1 variants (0.02s CPU time), skipped 0 variants.
    Prepared data for serialisation in 0.00s
Serialized binary data for shader Hidden/Internal-GUIRoundedRectWithColorPerBorder in 0.00s
    d3d11 (total internal programs: 4, unique: 2)
Compiling shader "Hidden/Internal-UIRDefault"
  Pass "" (vp)
    Target graphics API: d3d11
    Full variant space:         40
    After settings filtering:   40
    After built-in stripping:   40
    After scriptable stripping: 40
    Processed in 0.00 seconds
  Pass "" (fp)
    Target graphics API: d3d11
    Full variant space:         40
    After settings filtering:   40
    After built-in stripping:   40
    After scriptable stripping: 40
    Processed in 0.00 seconds
  Pass  (vp, d3d11) finished in 0.09 seconds. Local cache hits 0 (0.00s CPU time), remote cache hits 0 (0.00s CPU time), compiled 40 variants (1.36s CPU time), skipped 0 variants.
    Prepared data for serialisation in 0.00s
  Pass  (fp, d3d11) finished in 0.09 seconds. Local cache hits 0 (0.00s CPU time), remote cache hits 0 (0.00s CPU time), compiled 40 variants (1.00s CPU time), skipped 0 variants.
    Prepared data for serialisation in 0.00s
Serialized binary data for shader Hidden/Internal-UIRDefault in 0.00s
    d3d11 (total internal programs: 80, unique: 80)
Compiling shader "Hidden/Internal-UIRAtlasBlitCopy"
  Pass "" (vp)
    Target graphics API: d3d11
    Full variant space:         1
    After settings filtering:   1
    After built-in stripping:   1
    After scriptable stripping: 1
    Processed in 0.00 seconds
  Pass "" (fp)
    Target graphics API: d3d11
    Full variant space:         1
    After settings filtering:   1
    After built-in stripping:   1
    After scriptable stripping: 1
    Processed in 0.00 seconds
  Pass  (vp, d3d11) finished in 0.01 seconds. Local cache hits 0 (0.00s CPU time), remote cache hits 0 (0.00s CPU time), compiled 1 variants (0.01s CPU time), skipped 0 variants.
    Prepared data for serialisation in 0.00s
  Pass  (fp, d3d11) finished in 0.01 seconds. Local cache hits 0 (0.00s CPU time), remote cache hits 0 (0.00s CPU time), compiled 1 variants (0.01s CPU time), skipped 0 variants.
    Prepared data for serialisation in 0.00s
Serialized binary data for shader Hidden/Internal-UIRAtlasBlitCopy in 0.00s
    d3d11 (total internal programs: 2, unique: 2)
Compiling shader "Sprites/Default"
  Pass "" (vp)
    Target graphics API: d3d11
    Full variant space:         8
    After settings filtering:   8
    After built-in stripping:   4
    After scriptable stripping: 4
    Processed in 0.00 seconds
  Pass "" (fp)
    Target graphics API: d3d11
    Full variant space:         8
    After settings filtering:   8
    After built-in stripping:   4
    After scriptable stripping: 4
    Processed in 0.00 seconds
  Pass  (vp, d3d11) finished in 0.01 seconds. Local cache hits 0 (0.00s CPU time), remote cache hits 0 (0.00s CPU time), compiled 4 variants (0.04s CPU time), skipped 0 variants.
    Prepared data for serialisation in 0.00s
  Pass  (fp, d3d11) finished in 0.01 seconds. Local cache hits 0 (0.00s CPU time), remote cache hits 0 (0.00s CPU time), compiled 4 variants (0.03s CPU time), skipped 0 variants.
    Prepared data for serialisation in 0.00s
Serialized binary data for shader Sprites/Default in 0.00s
    d3d11 (total internal programs: 8, unique: 8)
Compiling shader "Sprites/Mask"
  Pass "" (vp)
    Target graphics API: d3d11
    Full variant space:         4
    After settings filtering:   4
    After built-in stripping:   4
    After scriptable stripping: 4
    Processed in 0.00 seconds
  Pass "" (fp)
    Target graphics API: d3d11
    Full variant space:         4
    After settings filtering:   4
    After built-in stripping:   4
    After scriptable stripping: 4
    Processed in 0.00 seconds
  Pass  (vp, d3d11) finished in 0.01 seconds. Local cache hits 0 (0.00s CPU time), remote cache hits 0 (0.00s CPU time), compiled 4 variants (0.04s CPU time), skipped 0 variants.
    Prepared data for serialisation in 0.00s
  Pass  (fp, d3d11) finished in 0.01 seconds. Local cache hits 0 (0.00s CPU time), remote cache hits 0 (0.00s CPU time), compiled 4 variants (0.03s CPU time), skipped 0 variants.
    Prepared data for serialisation in 0.00s
Serialized binary data for shader Sprites/Mask in 0.00s
    d3d11 (total internal programs: 8, unique: 8)
Compiling shader "UI/Default"
  Pass "Default" (vp)
    Target graphics API: d3d11
    Full variant space:         4
    After settings filtering:   4
    After built-in stripping:   4
    After scriptable stripping: 4
    Processed in 0.00 seconds
  Pass "Default" (fp)
    Target graphics API: d3d11
    Full variant space:         4
    After settings filtering:   4
    After built-in stripping:   4
    After scriptable stripping: 4
    Processed in 0.00 seconds
  Pass "XRMotionVectors" (vp)
    Target graphics API: d3d11
    Full variant space:         4
    After settings filtering:   4
    After built-in stripping:   4
    After scriptable stripping: 4
    Processed in 0.00 seconds
  Pass "XRMotionVectors" (fp)
    Target graphics API: d3d11
    Full variant space:         4
    After settings filtering:   4
    After built-in stripping:   4
    After scriptable stripping: 4
    Processed in 0.00 seconds
  Pass Default (vp, d3d11) finished in 0.02 seconds. Local cache hits 0 (0.00s CPU time), remote cache hits 0 (0.00s CPU time), compiled 4 variants (0.06s CPU time), skipped 0 variants.
    Prepared data for serialisation in 0.00s
  Pass Default (fp, d3d11) finished in 0.02 seconds. Local cache hits 0 (0.00s CPU time), remote cache hits 0 (0.00s CPU time), compiled 4 variants (0.04s CPU time), skipped 0 variants.
    Prepared data for serialisation in 0.00s
  Pass XRMotionVectors (vp, d3d11) finished in 0.02 seconds. Local cache hits 0 (0.00s CPU time), remote cache hits 0 (0.00s CPU time), compiled 4 variants (0.08s CPU time), skipped 0 variants.
    Prepared data for serialisation in 0.00s
  Pass XRMotionVectors (fp, d3d11) finished in 0.02 seconds. Local cache hits 0 (0.00s CPU time), remote cache hits 0 (0.00s CPU time), compiled 4 variants (0.06s CPU time), skipped 0 variants.
    Prepared data for serialisation in 0.00s
Serialized binary data for shader UI/Default in 0.00s
    d3d11 (total internal programs: 16, unique: 16)
Compiling shader "UI/DefaultETC1"
  Pass "Default" (vp)
    Target graphics API: d3d11
    Full variant space:         4
    After settings filtering:   4
    After built-in stripping:   4
    After scriptable stripping: 4
    Processed in 0.00 seconds
  Pass "Default" (fp)
    Target graphics API: d3d11
    Full variant space:         4
    After settings filtering:   4
    After built-in stripping:   4
    After scriptable stripping: 4
    Processed in 0.00 seconds
  Pass "XRMotionVectors" (vp)
    Target graphics API: d3d11
    Full variant space:         4
    After settings filtering:   4
    After built-in stripping:   4
    After scriptable stripping: 4
    Processed in 0.00 seconds
  Pass "XRMotionVectors" (fp)
    Target graphics API: d3d11
    Full variant space:         4
    After settings filtering:   4
    After built-in stripping:   4
    After scriptable stripping: 4
    Processed in 0.00 seconds
  Pass Default (vp, d3d11) finished in 0.02 seconds. Local cache hits 0 (0.00s CPU time), remote cache hits 0 (0.00s CPU time), compiled 4 variants (0.06s CPU time), skipped 0 variants.
    Prepared data for serialisation in 0.00s
  Pass Default (fp, d3d11) finished in 0.02 seconds. Local cache hits 0 (0.00s CPU time), remote cache hits 0 (0.00s CPU time), compiled 4 variants (0.04s CPU time), skipped 0 variants.
    Prepared data for serialisation in 0.00s
  Pass XRMotionVectors (vp, d3d11) finished in 0.02 seconds. Local cache hits 0 (0.00s CPU time), remote cache hits 0 (0.00s CPU time), compiled 4 variants (0.07s CPU time), skipped 0 variants.
    Prepared data for serialisation in 0.00s
  Pass XRMotionVectors (fp, d3d11) finished in 0.02 seconds. Local cache hits 0 (0.00s CPU time), remote cache hits 0 (0.00s CPU time), compiled 4 variants (0.04s CPU time), skipped 0 variants.
    Prepared data for serialisation in 0.00s
Serialized binary data for shader UI/DefaultETC1 in 0.00s
    d3d11 (total internal programs: 16, unique: 16)
Compiling shader "Hidden/CubeBlur"
  Pass "" (vp)
    Target graphics API: d3d11
    Full variant space:         1
    After settings filtering:   1
    After built-in stripping:   1
    After scriptable stripping: 1
    Processed in 0.00 seconds
  Pass "" (fp)
    Target graphics API: d3d11
    Full variant space:         1
    After settings filtering:   1
    After built-in stripping:   1
    After scriptable stripping: 1
    Processed in 0.00 seconds
  Pass "" (vp)
    Target graphics API: d3d11
    Full variant space:         1
    After settings filtering:   1
    After built-in stripping:   1
    After scriptable stripping: 1
    Processed in 0.00 seconds
  Pass "" (fp)
    Target graphics API: d3d11
    Full variant space:         1
    After settings filtering:   1
    After built-in stripping:   1
    After scriptable stripping: 1
    Processed in 0.00 seconds
  Pass  (vp, d3d11) finished in 0.01 seconds. Local cache hits 0 (0.00s CPU time), remote cache hits 0 (0.00s CPU time), compiled 1 variants (0.01s CPU time), skipped 0 variants.
    Prepared data for serialisation in 0.00s
  Pass  (fp, d3d11) finished in 0.05 seconds. Local cache hits 0 (0.00s CPU time), remote cache hits 0 (0.00s CPU time), compiled 1 variants (0.05s CPU time), skipped 0 variants.
    Prepared data for serialisation in 0.00s
  Pass  (vp, d3d11) finished in 0.05 seconds. Local cache hits 0 (0.00s CPU time), remote cache hits 0 (0.00s CPU time), compiled 1 variants (0.01s CPU time), skipped 0 variants.
    Prepared data for serialisation in 0.00s
  Pass  (fp, d3d11) finished in 0.05 seconds. Local cache hits 0 (0.00s CPU time), remote cache hits 0 (0.00s CPU time), compiled 1 variants (0.01s CPU time), skipped 0 variants.
    Prepared data for serialisation in 0.00s
Serialized binary data for shader Hidden/CubeBlur in 0.00s
    d3d11 (total internal programs: 4, unique: 3)
Compiling shader "Hidden/CubeCopy"
  Pass "" (vp)
    Target graphics API: d3d11
    Full variant space:         1
    After settings filtering:   1
    After built-in stripping:   1
    After scriptable stripping: 1
    Processed in 0.00 seconds
  Pass "" (fp)
    Target graphics API: d3d11
    Full variant space:         1
    After settings filtering:   1
    After built-in stripping:   1
    After scriptable stripping: 1
    Processed in 0.00 seconds
  Pass "" (vp)
    Target graphics API: d3d11
    Full variant space:         1
    After settings filtering:   1
    After built-in stripping:   1
    After scriptable stripping: 1
    Processed in 0.00 seconds
  Pass "" (fp)
    Target graphics API: d3d11
    Full variant space:         1
    After settings filtering:   1
    After built-in stripping:   1
    After scriptable stripping: 1
    Processed in 0.00 seconds
  Pass  (vp, d3d11) finished in 0.01 seconds. Local cache hits 0 (0.00s CPU time), remote cache hits 0 (0.00s CPU time), compiled 1 variants (0.01s CPU time), skipped 0 variants.
    Prepared data for serialisation in 0.00s
  Pass  (fp, d3d11) finished in 0.01 seconds. Local cache hits 0 (0.00s CPU time), remote cache hits 0 (0.00s CPU time), compiled 1 variants (0.01s CPU time), skipped 0 variants.
    Prepared data for serialisation in 0.00s
  Pass  (vp, d3d11) finished in 0.01 seconds. Local cache hits 0 (0.00s CPU time), remote cache hits 0 (0.00s CPU time), compiled 1 variants (0.01s CPU time), skipped 0 variants.
    Prepared data for serialisation in 0.00s
  Pass  (fp, d3d11) finished in 0.01 seconds. Local cache hits 0 (0.00s CPU time), remote cache hits 0 (0.00s CPU time), compiled 1 variants (0.01s CPU time), skipped 0 variants.
    Prepared data for serialisation in 0.00s
Serialized binary data for shader Hidden/CubeCopy in 0.00s
    d3d11 (total internal programs: 4, unique: 2)
Compiling shader "Hidden/CubeBlend"
  Pass "" (vp)
    Target graphics API: d3d11
    Full variant space:         1
    After settings filtering:   1
    After built-in stripping:   1
    After scriptable stripping: 1
    Processed in 0.00 seconds
  Pass "" (fp)
    Target graphics API: d3d11
    Full variant space:         1
    After settings filtering:   1
    After built-in stripping:   1
    After scriptable stripping: 1
    Processed in 0.00 seconds
  Pass "" (vp)
    Target graphics API: d3d11
    Full variant space:         1
    After settings filtering:   1
    After built-in stripping:   1
    After scriptable stripping: 1
    Processed in 0.00 seconds
  Pass "" (fp)
    Target graphics API: d3d11
    Full variant space:         1
    After settings filtering:   1
    After built-in stripping:   1
    After scriptable stripping: 1
    Processed in 0.00 seconds
  Pass  (vp, d3d11) finished in 0.01 seconds. Local cache hits 0 (0.00s CPU time), remote cache hits 0 (0.00s CPU time), compiled 1 variants (0.01s CPU time), skipped 0 variants.
    Prepared data for serialisation in 0.00s
  Pass  (fp, d3d11) finished in 0.01 seconds. Local cache hits 0 (0.00s CPU time), remote cache hits 0 (0.00s CPU time), compiled 1 variants (0.01s CPU time), skipped 0 variants.
    Prepared data for serialisation in 0.00s
  Pass  (vp, d3d11) finished in 0.01 seconds. Local cache hits 0 (0.00s CPU time), remote cache hits 0 (0.00s CPU time), compiled 1 variants (0.01s CPU time), skipped 0 variants.
    Prepared data for serialisation in 0.00s
  Pass  (fp, d3d11) finished in 0.01 seconds. Local cache hits 0 (0.00s CPU time), remote cache hits 0 (0.00s CPU time), compiled 1 variants (0.01s CPU time), skipped 0 variants.
    Prepared data for serialisation in 0.00s
Serialized binary data for shader Hidden/CubeBlend in 0.00s
    d3d11 (total internal programs: 4, unique: 2)
Compiling shader "Hidden/VR/BlitTexArraySlice"
  Pass "" (vp)
    Target graphics API: d3d11
    Full variant space:         1
    After settings filtering:   1
    After built-in stripping:   1
    After scriptable stripping: 1
    Processed in 0.00 seconds
  Pass "" (fp)
    Target graphics API: d3d11
    Full variant space:         1
    After settings filtering:   1
    After built-in stripping:   1
    After scriptable stripping: 1
    Processed in 0.00 seconds
  Pass  (vp, d3d11) finished in 0.01 seconds. Local cache hits 0 (0.00s CPU time), remote cache hits 0 (0.00s CPU time), compiled 1 variants (0.01s CPU time), skipped 0 variants.
    Prepared data for serialisation in 0.00s
  Pass  (fp, d3d11) finished in 0.01 seconds. Local cache hits 0 (0.00s CPU time), remote cache hits 0 (0.00s CPU time), compiled 1 variants (0.01s CPU time), skipped 0 variants.
    Prepared data for serialisation in 0.00s
Serialized binary data for shader Hidden/VR/BlitTexArraySlice in 0.00s
    d3d11 (total internal programs: 2, unique: 2)
Compiling shader "Hidden/Internal-ODSWorldTexture"
  Pass "" (vp)
    Target graphics API: d3d11
    Full variant space:         1
    After settings filtering:   1
    After built-in stripping:   1
    After scriptable stripping: 1
    Processed in 0.00 seconds
  Pass "" (fp)
    Target graphics API: d3d11
    Full variant space:         1
    After settings filtering:   1
    After built-in stripping:   1
    After scriptable stripping: 1
    Processed in 0.00 seconds
  Pass "" (vp)
    Target graphics API: d3d11
    Full variant space:         1
    After settings filtering:   1
    After built-in stripping:   1
    After scriptable stripping: 1
    Processed in 0.00 seconds
  Pass "" (fp)
    Target graphics API: d3d11
    Full variant space:         1
    After settings filtering:   1
    After built-in stripping:   1
    After scriptable stripping: 1
    Processed in 0.00 seconds
  Pass "" (vp)
    Target graphics API: d3d11
    Full variant space:         1
    After settings filtering:   1
    After built-in stripping:   1
    After scriptable stripping: 1
    Processed in 0.00 seconds
  Pass "" (fp)
    Target graphics API: d3d11
    Full variant space:         1
    After settings filtering:   1
    After built-in stripping:   1
    After scriptable stripping: 1
    Processed in 0.00 seconds
  Pass "" (vp)
    Target graphics API: d3d11
    Full variant space:         1
    After settings filtering:   1
    After built-in stripping:   1
    After scriptable stripping: 1
    Processed in 0.00 seconds
  Pass "" (fp)
    Target graphics API: d3d11
    Full variant space:         1
    After settings filtering:   1
    After built-in stripping:   1
    After scriptable stripping: 1
    Processed in 0.00 seconds
  Pass "" (vp)
    Target graphics API: d3d11
    Full variant space:         1
    After settings filtering:   1
    After built-in stripping:   1
    After scriptable stripping: 1
    Processed in 0.00 seconds
  Pass "" (fp)
    Target graphics API: d3d11
    Full variant space:         1
    After settings filtering:   1
    After built-in stripping:   1
    After scriptable stripping: 1
    Processed in 0.00 seconds
  Pass "" (vp)
    Target graphics API: d3d11
    Full variant space:         1
    After settings filtering:   1
    After built-in stripping:   1
    After scriptable stripping: 1
    Processed in 0.00 seconds
  Pass "" (fp)
    Target graphics API: d3d11
    Full variant space:         1
    After settings filtering:   1
    After built-in stripping:   1
    After scriptable stripping: 1
    Processed in 0.00 seconds
  Pass "" (vp)
    Target graphics API: d3d11
    Full variant space:         1
    After settings filtering:   1
    After built-in stripping:   1
    After scriptable stripping: 1
    Processed in 0.00 seconds
  Pass "" (fp)
    Target graphics API: d3d11
    Full variant space:         1
    After settings filtering:   1
    After built-in stripping:   1
    After scriptable stripping: 1
    Processed in 0.00 seconds
  Pass "" (vp)
    Target graphics API: d3d11
    Full variant space:         1
    After settings filtering:   1
    After built-in stripping:   1
    After scriptable stripping: 1
    Processed in 0.00 seconds
  Pass "" (fp)
    Target graphics API: d3d11
    Full variant space:         1
    After settings filtering:   1
    After built-in stripping:   1
    After scriptable stripping: 1
    Processed in 0.00 seconds
  Pass "" (vp)
    Target graphics API: d3d11
    Full variant space:         1
    After settings filtering:   1
    After built-in stripping:   1
    After scriptable stripping: 1
    Processed in 0.00 seconds
  Pass "" (fp)
    Target graphics API: d3d11
    Full variant space:         1
    After settings filtering:   1
    After built-in stripping:   1
    After scriptable stripping: 1
    Processed in 0.00 seconds
  Pass "" (vp)
    Target graphics API: d3d11
    Full variant space:         1
    After settings filtering:   1
    After built-in stripping:   1
    After scriptable stripping: 1
    Processed in 0.00 seconds
  Pass "" (fp)
    Target graphics API: d3d11
    Full variant space:         1
    After settings filtering:   1
    After built-in stripping:   1
    After scriptable stripping: 1
    Processed in 0.00 seconds
  Pass  (vp, d3d11) finished in 0.01 seconds. Local cache hits 0 (0.00s CPU time), remote cache hits 0 (0.00s CPU time), compiled 1 variants (0.01s CPU time), skipped 0 variants.
    Prepared data for serialisation in 0.00s
  Pass  (fp, d3d11) finished in 0.01 seconds. Local cache hits 0 (0.00s CPU time), remote cache hits 0 (0.00s CPU time), compiled 1 variants (0.01s CPU time), skipped 0 variants.
    Prepared data for serialisation in 0.00s
  Pass  (vp, d3d11) finished in 0.01 seconds. Local cache hits 0 (0.00s CPU time), remote cache hits 0 (0.00s CPU time), compiled 1 variants (0.01s CPU time), skipped 0 variants.
    Prepared data for serialisation in 0.00s
  Pass  (fp, d3d11) finished in 0.01 seconds. Local cache hits 0 (0.00s CPU time), remote cache hits 0 (0.00s CPU time), compiled 1 variants (0.01s CPU time), skipped 0 variants.
    Prepared data for serialisation in 0.00s
  Pass  (vp, d3d11) finished in 0.02 seconds. Local cache hits 0 (0.00s CPU time), remote cache hits 0 (0.00s CPU time), compiled 1 variants (0.02s CPU time), skipped 0 variants.
    Prepared data for serialisation in 0.00s
  Pass  (fp, d3d11) finished in 0.02 seconds. Local cache hits 0 (0.00s CPU time), remote cache hits 0 (0.00s CPU time), compiled 1 variants (0.01s CPU time), skipped 0 variants.
    Prepared data for serialisation in 0.00s
  Pass  (vp, d3d11) finished in 0.02 seconds. Local cache hits 0 (0.00s CPU time), remote cache hits 0 (0.00s CPU time), compiled 1 variants (0.02s CPU time), skipped 0 variants.
    Prepared data for serialisation in 0.00s
  Pass  (fp, d3d11) finished in 0.02 seconds. Local cache hits 0 (0.00s CPU time), remote cache hits 0 (0.00s CPU time), compiled 1 variants (0.01s CPU time), skipped 0 variants.
    Prepared data for serialisation in 0.00s
  Pass  (vp, d3d11) finished in 0.02 seconds. Local cache hits 0 (0.00s CPU time), remote cache hits 0 (0.00s CPU time), compiled 1 variants (0.02s CPU time), skipped 0 variants.
    Prepared data for serialisation in 0.00s
  Pass  (fp, d3d11) finished in 0.02 seconds. Local cache hits 0 (0.00s CPU time), remote cache hits 0 (0.00s CPU time), compiled 1 variants (0.01s CPU time), skipped 0 variants.
    Prepared data for serialisation in 0.00s
  Pass  (vp, d3d11) finished in 0.02 seconds. Local cache hits 0 (0.00s CPU time), remote cache hits 0 (0.00s CPU time), compiled 1 variants (0.02s CPU time), skipped 0 variants.
    Prepared data for serialisation in 0.00s
  Pass  (fp, d3d11) finished in 0.02 seconds. Local cache hits 0 (0.00s CPU time), remote cache hits 0 (0.00s CPU time), compiled 1 variants (0.01s CPU time), skipped 0 variants.
    Prepared data for serialisation in 0.00s
  Pass  (vp, d3d11) finished in 0.02 seconds. Local cache hits 0 (0.00s CPU time), remote cache hits 0 (0.00s CPU time), compiled 1 variants (0.02s CPU time), skipped 0 variants.
    Prepared data for serialisation in 0.00s
  Pass  (fp, d3d11) finished in 0.02 seconds. Local cache hits 0 (0.00s CPU time), remote cache hits 0 (0.00s CPU time), compiled 1 variants (0.01s CPU time), skipped 0 variants.
    Prepared data for serialisation in 0.00s
  Pass  (vp, d3d11) finished in 0.02 seconds. Local cache hits 0 (0.00s CPU time), remote cache hits 0 (0.00s CPU time), compiled 1 variants (0.02s CPU time), skipped 0 variants.
    Prepared data for serialisation in 0.00s
  Pass  (fp, d3d11) finished in 0.02 seconds. Local cache hits 0 (0.00s CPU time), remote cache hits 0 (0.00s CPU time), compiled 1 variants (0.01s CPU time), skipped 0 variants.
    Prepared data for serialisation in 0.00s
  Pass  (vp, d3d11) finished in 0.02 seconds. Local cache hits 0 (0.00s CPU time), remote cache hits 0 (0.00s CPU time), compiled 1 variants (0.02s CPU time), skipped 0 variants.
    Prepared data for serialisation in 0.00s
  Pass  (fp, d3d11) finished in 0.02 seconds. Local cache hits 0 (0.00s CPU time), remote cache hits 0 (0.00s CPU time), compiled 1 variants (0.01s CPU time), skipped 0 variants.
    Prepared data for serialisation in 0.00s
  Pass  (vp, d3d11) finished in 0.02 seconds. Local cache hits 0 (0.00s CPU time), remote cache hits 0 (0.00s CPU time), compiled 1 variants (0.02s CPU time), skipped 0 variants.
    Prepared data for serialisation in 0.00s
  Pass  (fp, d3d11) finished in 0.02 seconds. Local cache hits 0 (0.00s CPU time), remote cache hits 0 (0.00s CPU time), compiled 1 variants (0.01s CPU time), skipped 0 variants.
    Prepared data for serialisation in 0.00s
Serialized binary data for shader Hidden/Internal-ODSWorldTexture in 0.00s
    d3d11 (total internal programs: 20, unique: 15)
Compiling shader "Hidden/Internal-CubemapToEquirect"
  Pass "" (vp)
    Target graphics API: d3d11
    Full variant space:         1
    After settings filtering:   1
    After built-in stripping:   1
    After scriptable stripping: 1
    Processed in 0.00 seconds
  Pass "" (fp)
    Target graphics API: d3d11
    Full variant space:         1
    After settings filtering:   1
    After built-in stripping:   1
    After scriptable stripping: 1
    Processed in 0.00 seconds
  Pass  (vp, d3d11) finished in 0.01 seconds. Local cache hits 0 (0.00s CPU time), remote cache hits 0 (0.00s CPU time), compiled 1 variants (0.01s CPU time), skipped 0 variants.
    Prepared data for serialisation in 0.00s
  Pass  (fp, d3d11) finished in 0.01 seconds. Local cache hits 0 (0.00s CPU time), remote cache hits 0 (0.00s CPU time), compiled 1 variants (0.01s CPU time), skipped 0 variants.
    Prepared data for serialisation in 0.00s
Serialized binary data for shader Hidden/Internal-CubemapToEquirect in 0.00s
    d3d11 (total internal programs: 2, unique: 2)
Compiling shader "Hidden/VR/BlitFromTex2DToTexArraySlice"
  Pass "" (vp)
    Target graphics API: d3d11
    Full variant space:         1
    After settings filtering:   1
    After built-in stripping:   1
    After scriptable stripping: 1
    Processed in 0.00 seconds
  Pass "" (fp)
    Target graphics API: d3d11
    Full variant space:         1
    After settings filtering:   1
    After built-in stripping:   1
    After scriptable stripping: 1
    Processed in 0.00 seconds
  Pass "" (vp)
    Target graphics API: d3d11
    Full variant space:         1
    After settings filtering:   1
    After built-in stripping:   1
    After scriptable stripping: 1
    Processed in 0.00 seconds
  Pass "" (fp)
    Target graphics API: d3d11
    Full variant space:         1
    After settings filtering:   1
    After built-in stripping:   1
    After scriptable stripping: 1
    Processed in 0.00 seconds
  Pass "" (gp)
    Target graphics API: d3d11
    Full variant space:         1
    After settings filtering:   1
    After built-in stripping:   1
    After scriptable stripping: 1
    Processed in 0.00 seconds
  Pass  (vp, d3d11) finished in 0.01 seconds. Local cache hits 0 (0.00s CPU time), remote cache hits 0 (0.00s CPU time), compiled 1 variants (0.01s CPU time), skipped 0 variants.
    Prepared data for serialisation in 0.00s
  Pass  (fp, d3d11) finished in 0.01 seconds. Local cache hits 0 (0.00s CPU time), remote cache hits 0 (0.00s CPU time), compiled 1 variants (0.01s CPU time), skipped 0 variants.
    Prepared data for serialisation in 0.00s
  Pass  (vp, d3d11) finished in 0.01 seconds. Local cache hits 0 (0.00s CPU time), remote cache hits 0 (0.00s CPU time), compiled 1 variants (0.01s CPU time), skipped 0 variants.
    Prepared data for serialisation in 0.00s
  Pass  (fp, d3d11) finished in 0.01 seconds. Local cache hits 0 (0.00s CPU time), remote cache hits 0 (0.00s CPU time), compiled 1 variants (0.01s CPU time), skipped 0 variants.
    Prepared data for serialisation in 0.00s
  Pass  (gp, d3d11) finished in 0.01 seconds. Local cache hits 0 (0.00s CPU time), remote cache hits 0 (0.00s CPU time), compiled 1 variants (0.01s CPU time), skipped 0 variants.
    Prepared data for serialisation in 0.00s
Serialized binary data for shader Hidden/VR/BlitFromTex2DToTexArraySlice in 0.00s
    d3d11 (total internal programs: 5, unique: 5)
Compiling shader "Hidden/VideoComposite"
  Pass "Default" (vp)
    Target graphics API: d3d11
    Full variant space:         1
    After settings filtering:   1
    After built-in stripping:   1
    After scriptable stripping: 1
    Processed in 0.00 seconds
  Pass "Default" (fp)
    Target graphics API: d3d11
    Full variant space:         1
    After settings filtering:   1
    After built-in stripping:   1
    After scriptable stripping: 1
    Processed in 0.00 seconds
  Pass Default (vp, d3d11) finished in 0.01 seconds. Local cache hits 0 (0.00s CPU time), remote cache hits 0 (0.00s CPU time), compiled 1 variants (0.01s CPU time), skipped 0 variants.
    Prepared data for serialisation in 0.00s
  Pass Default (fp, d3d11) finished in 0.01 seconds. Local cache hits 0 (0.00s CPU time), remote cache hits 0 (0.00s CPU time), compiled 1 variants (0.01s CPU time), skipped 0 variants.
    Prepared data for serialisation in 0.00s
Serialized binary data for shader Hidden/VideoComposite in 0.00s
    d3d11 (total internal programs: 2, unique: 2)
Compiling shader "Hidden/VideoDecode"
  Pass "YCbCr_To_RGB1" (vp)
    Target graphics API: d3d11
    Full variant space:         2
    After settings filtering:   2
    After built-in stripping:   2
    After scriptable stripping: 2
    Processed in 0.00 seconds
  Pass "YCbCr_To_RGB1" (fp)
    Target graphics API: d3d11
    Full variant space:         2
    After settings filtering:   2
    After built-in stripping:   2
    After scriptable stripping: 2
    Processed in 0.00 seconds
  Pass "YCbCrA_To_RGBAFull" (vp)
    Target graphics API: d3d11
    Full variant space:         2
    After settings filtering:   2
    After built-in stripping:   2
    After scriptable stripping: 2
    Processed in 0.00 seconds
  Pass "YCbCrA_To_RGBAFull" (fp)
    Target graphics API: d3d11
    Full variant space:         2
    After settings filtering:   2
    After built-in stripping:   2
    After scriptable stripping: 2
    Processed in 0.00 seconds
  Pass "YCbCrA_To_RGBA" (vp)
    Target graphics API: d3d11
    Full variant space:         2
    After settings filtering:   2
    After built-in stripping:   2
    After scriptable stripping: 2
    Processed in 0.00 seconds
  Pass "YCbCrA_To_RGBA" (fp)
    Target graphics API: d3d11
    Full variant space:         2
    After settings filtering:   2
    After built-in stripping:   2
    After scriptable stripping: 2
    Processed in 0.00 seconds
  Pass "Flip_RGBA_To_RGBA" (vp)
    Target graphics API: d3d11
    Full variant space:         2
    After settings filtering:   2
    After built-in stripping:   2
    After scriptable stripping: 2
    Processed in 0.00 seconds
  Pass "Flip_RGBA_To_RGBA" (fp)
    Target graphics API: d3d11
    Full variant space:         2
    After settings filtering:   2
    After built-in stripping:   2
    After scriptable stripping: 2
    Processed in 0.00 seconds
  Pass "Flip_RGBASplit_To_RGBA" (vp)
    Target graphics API: d3d11
    Full variant space:         2
    After settings filtering:   2
    After built-in stripping:   2
    After scriptable stripping: 2
    Processed in 0.00 seconds
  Pass "Flip_RGBASplit_To_RGBA" (fp)
    Target graphics API: d3d11
    Full variant space:         2
    After settings filtering:   2
    After built-in stripping:   2
    After scriptable stripping: 2
    Processed in 0.00 seconds
  Pass "Flip_NV12_To_RGB1" (vp)
    Target graphics API: d3d11
    Full variant space:         2
    After settings filtering:   2
    After built-in stripping:   2
    After scriptable stripping: 2
    Processed in 0.00 seconds
  Pass "Flip_NV12_To_RGB1" (fp)
    Target graphics API: d3d11
    Full variant space:         2
    After settings filtering:   2
    After built-in stripping:   2
    After scriptable stripping: 2
    Processed in 0.00 seconds
  Pass "Flip_NV12_To_RGBA" (vp)
    Target graphics API: d3d11
    Full variant space:         2
    After settings filtering:   2
    After built-in stripping:   2
    After scriptable stripping: 2
    Processed in 0.00 seconds
  Pass "Flip_NV12_To_RGBA" (fp)
    Target graphics API: d3d11
    Full variant space:         2
    After settings filtering:   2
    After built-in stripping:   2
    After scriptable stripping: 2
    Processed in 0.00 seconds
  Pass "Flip_P010_To_RGB1" (vp)
    Target graphics API: d3d11
    Full variant space:         1
    After settings filtering:   1
    After built-in stripping:   1
    After scriptable stripping: 1
    Processed in 0.00 seconds
  Pass "Flip_P010_To_RGB1" (fp)
    Target graphics API: d3d11
    Full variant space:         1
    After settings filtering:   1
    After built-in stripping:   1
    After scriptable stripping: 1
    Processed in 0.00 seconds
  Pass YCbCr_To_RGB1 (vp, d3d11) finished in 0.02 seconds. Local cache hits 0 (0.00s CPU time), remote cache hits 0 (0.00s CPU time), compiled 2 variants (0.03s CPU time), skipped 0 variants.
    Prepared data for serialisation in 0.00s
  Pass YCbCr_To_RGB1 (fp, d3d11) finished in 0.02 seconds. Local cache hits 0 (0.00s CPU time), remote cache hits 0 (0.00s CPU time), compiled 2 variants (0.02s CPU time), skipped 0 variants.
    Prepared data for serialisation in 0.00s
  Pass YCbCrA_To_RGBAFull (vp, d3d11) finished in 0.02 seconds. Local cache hits 0 (0.00s CPU time), remote cache hits 0 (0.00s CPU time), compiled 2 variants (0.03s CPU time), skipped 0 variants.
    Prepared data for serialisation in 0.00s
  Pass YCbCrA_To_RGBAFull (fp, d3d11) finished in 0.02 seconds. Local cache hits 0 (0.00s CPU time), remote cache hits 0 (0.00s CPU time), compiled 2 variants (0.03s CPU time), skipped 0 variants.
    Prepared data for serialisation in 0.00s
  Pass YCbCrA_To_RGBA (vp, d3d11) finished in 0.02 seconds. Local cache hits 0 (0.00s CPU time), remote cache hits 0 (0.00s CPU time), compiled 2 variants (0.03s CPU time), skipped 0 variants.
    Prepared data for serialisation in 0.00s
  Pass YCbCrA_To_RGBA (fp, d3d11) finished in 0.02 seconds. Local cache hits 0 (0.00s CPU time), remote cache hits 0 (0.00s CPU time), compiled 2 variants (0.03s CPU time), skipped 0 variants.
    Prepared data for serialisation in 0.00s
  Pass Flip_RGBA_To_RGBA (vp, d3d11) finished in 0.02 seconds. Local cache hits 0 (0.00s CPU time), remote cache hits 0 (0.00s CPU time), compiled 2 variants (0.03s CPU time), skipped 0 variants.
    Prepared data for serialisation in 0.00s
  Pass Flip_RGBA_To_RGBA (fp, d3d11) finished in 0.02 seconds. Local cache hits 0 (0.00s CPU time), remote cache hits 0 (0.00s CPU time), compiled 2 variants (0.03s CPU time), skipped 0 variants.
    Prepared data for serialisation in 0.00s
  Pass Flip_RGBASplit_To_RGBA (vp, d3d11) finished in 0.02 seconds. Local cache hits 0 (0.00s CPU time), remote cache hits 0 (0.00s CPU time), compiled 2 variants (0.04s CPU time), skipped 0 variants.
    Prepared data for serialisation in 0.00s
  Pass Flip_RGBASplit_To_RGBA (fp, d3d11) finished in 0.02 seconds. Local cache hits 0 (0.00s CPU time), remote cache hits 0 (0.00s CPU time), compiled 2 variants (0.04s CPU time), skipped 0 variants.
    Prepared data for serialisation in 0.00s
  Pass Flip_NV12_To_RGB1 (vp, d3d11) finished in 0.02 seconds. Local cache hits 0 (0.00s CPU time), remote cache hits 0 (0.00s CPU time), compiled 2 variants (0.03s CPU time), skipped 0 variants.
    Prepared data for serialisation in 0.00s
  Pass Flip_NV12_To_RGB1 (fp, d3d11) finished in 0.02 seconds. Local cache hits 0 (0.00s CPU time), remote cache hits 0 (0.00s CPU time), compiled 2 variants (0.03s CPU time), skipped 0 variants.
    Prepared data for serialisation in 0.00s
  Pass Flip_NV12_To_RGBA (vp, d3d11) finished in 0.02 seconds. Local cache hits 0 (0.00s CPU time), remote cache hits 0 (0.00s CPU time), compiled 2 variants (0.03s CPU time), skipped 0 variants.
    Prepared data for serialisation in 0.00s
  Pass Flip_NV12_To_RGBA (fp, d3d11) finished in 0.02 seconds. Local cache hits 0 (0.00s CPU time), remote cache hits 0 (0.00s CPU time), compiled 2 variants (0.03s CPU time), skipped 0 variants.
    Prepared data for serialisation in 0.00s
  Pass Flip_P010_To_RGB1 (vp, d3d11) finished in 0.02 seconds. Local cache hits 0 (0.00s CPU time), remote cache hits 0 (0.00s CPU time), compiled 1 variants (0.01s CPU time), skipped 0 variants.
    Prepared data for serialisation in 0.00s
  Pass Flip_P010_To_RGB1 (fp, d3d11) finished in 0.02 seconds. Local cache hits 0 (0.00s CPU time), remote cache hits 0 (0.00s CPU time), compiled 1 variants (0.02s CPU time), skipped 0 variants.
    Prepared data for serialisation in 0.00s
Serialized binary data for shader Hidden/VideoDecode in 0.00s
    d3d11 (total internal programs: 30, unique: 19)
Compiling shader "Hidden/TextCore/Distance Field SSD"
  Pass "" (vp)
    Target graphics API: d3d11
    Full variant space:         1
    After settings filtering:   1
    After built-in stripping:   1
    After scriptable stripping: 1
    Processed in 0.00 seconds
  Pass "" (fp)
    Target graphics API: d3d11
    Full variant space:         1
    After settings filtering:   1
    After built-in stripping:   1
    After scriptable stripping: 1
    Processed in 0.00 seconds
  Pass  (vp, d3d11) finished in 0.01 seconds. Local cache hits 0 (0.00s CPU time), remote cache hits 0 (0.00s CPU time), compiled 1 variants (0.01s CPU time), skipped 0 variants.
    Prepared data for serialisation in 0.00s
  Pass  (fp, d3d11) finished in 0.01 seconds. Local cache hits 0 (0.00s CPU time), remote cache hits 0 (0.00s CPU time), compiled 1 variants (0.01s CPU time), skipped 0 variants.
    Prepared data for serialisation in 0.00s
Serialized binary data for shader Hidden/TextCore/Distance Field SSD in 0.00s
    d3d11 (total internal programs: 2, unique: 2)
Compiling shader "Hidden/Physics2D/SDF_CircleGeometry"
  Pass "" (vp)
    Target graphics API: d3d11
    Full variant space:         2
    After settings filtering:   2
    After built-in stripping:   1
    After scriptable stripping: 1
    Processed in 0.00 seconds
  Pass "" (fp)
    Target graphics API: d3d11
    Full variant space:         2
    After settings filtering:   2
    After built-in stripping:   1
    After scriptable stripping: 1
    Processed in 0.00 seconds
  Pass  (vp, d3d11) finished in 0.01 seconds. Local cache hits 0 (0.00s CPU time), remote cache hits 0 (0.00s CPU time), compiled 1 variants (0.01s CPU time), skipped 0 variants.
    Prepared data for serialisation in 0.00s
  Pass  (fp, d3d11) finished in 0.01 seconds. Local cache hits 0 (0.00s CPU time), remote cache hits 0 (0.00s CPU time), compiled 1 variants (0.01s CPU time), skipped 0 variants.
    Prepared data for serialisation in 0.00s
Serialized binary data for shader Hidden/Physics2D/SDF_CircleGeometry in 0.00s
    d3d11 (total internal programs: 2, unique: 2)
Compiling shader "Hidden/Physics2D/SDF_CapsuleGeometry"
  Pass "" (vp)
    Target graphics API: d3d11
    Full variant space:         2
    After settings filtering:   2
    After built-in stripping:   1
    After scriptable stripping: 1
    Processed in 0.00 seconds
  Pass "" (fp)
    Target graphics API: d3d11
    Full variant space:         2
    After settings filtering:   2
    After built-in stripping:   1
    After scriptable stripping: 1
    Processed in 0.00 seconds
  Pass  (vp, d3d11) finished in 0.01 seconds. Local cache hits 0 (0.00s CPU time), remote cache hits 0 (0.00s CPU time), compiled 1 variants (0.01s CPU time), skipped 0 variants.
    Prepared data for serialisation in 0.00s
  Pass  (fp, d3d11) finished in 0.01 seconds. Local cache hits 0 (0.00s CPU time), remote cache hits 0 (0.00s CPU time), compiled 1 variants (0.01s CPU time), skipped 0 variants.
    Prepared data for serialisation in 0.00s
Serialized binary data for shader Hidden/Physics2D/SDF_CapsuleGeometry in 0.00s
    d3d11 (total internal programs: 2, unique: 2)
Compiling shader "Hidden/Physics2D/SDF_PolygonGeometry"
  Pass "" (vp)
    Target graphics API: d3d11
    Full variant space:         2
    After settings filtering:   2
    After built-in stripping:   1
    After scriptable stripping: 1
    Processed in 0.00 seconds
  Pass "" (fp)
    Target graphics API: d3d11
    Full variant space:         2
    After settings filtering:   2
    After built-in stripping:   1
    After scriptable stripping: 1
    Processed in 0.00 seconds
  Pass  (vp, d3d11) finished in 0.03 seconds. Local cache hits 0 (0.00s CPU time), remote cache hits 0 (0.00s CPU time), compiled 1 variants (0.03s CPU time), skipped 0 variants.
    Prepared data for serialisation in 0.00s
  Pass  (fp, d3d11) finished in 0.03 seconds. Local cache hits 0 (0.00s CPU time), remote cache hits 0 (0.00s CPU time), compiled 1 variants (0.03s CPU time), skipped 0 variants.
    Prepared data for serialisation in 0.00s
Serialized binary data for shader Hidden/Physics2D/SDF_PolygonGeometry in 0.00s
    d3d11 (total internal programs: 2, unique: 2)
Compiling shader "Hidden/Physics2D/SDF_Line"
  Pass "" (vp)
    Target graphics API: d3d11
    Full variant space:         2
    After settings filtering:   2
    After built-in stripping:   1
    After scriptable stripping: 1
    Processed in 0.00 seconds
  Pass "" (fp)
    Target graphics API: d3d11
    Full variant space:         2
    After settings filtering:   2
    After built-in stripping:   1
    After scriptable stripping: 1
    Processed in 0.00 seconds
  Pass  (vp, d3d11) finished in 0.01 seconds. Local cache hits 0 (0.00s CPU time), remote cache hits 0 (0.00s CPU time), compiled 1 variants (0.01s CPU time), skipped 0 variants.
    Prepared data for serialisation in 0.00s
  Pass  (fp, d3d11) finished in 0.01 seconds. Local cache hits 0 (0.00s CPU time), remote cache hits 0 (0.00s CPU time), compiled 1 variants (0.01s CPU time), skipped 0 variants.
    Prepared data for serialisation in 0.00s
Serialized binary data for shader Hidden/Physics2D/SDF_Line in 0.00s
    d3d11 (total internal programs: 2, unique: 2)
Compiling shader "Hidden/Physics2D/SDF_Point"
  Pass "" (vp)
    Target graphics API: d3d11
    Full variant space:         2
    After settings filtering:   2
    After built-in stripping:   1
    After scriptable stripping: 1
    Processed in 0.00 seconds
  Pass "" (fp)
    Target graphics API: d3d11
    Full variant space:         2
    After settings filtering:   2
    After built-in stripping:   1
    After scriptable stripping: 1
    Processed in 0.00 seconds
  Pass  (vp, d3d11) finished in 0.02 seconds. Local cache hits 0 (0.00s CPU time), remote cache hits 0 (0.00s CPU time), compiled 1 variants (0.02s CPU time), skipped 0 variants.
    Prepared data for serialisation in 0.00s
  Pass  (fp, d3d11) finished in 0.02 seconds. Local cache hits 0 (0.00s CPU time), remote cache hits 0 (0.00s CPU time), compiled 1 variants (0.01s CPU time), skipped 0 variants.
    Prepared data for serialisation in 0.00s
Serialized binary data for shader Hidden/Physics2D/SDF_Point in 0.00s
    d3d11 (total internal programs: 2, unique: 2)
SpriteAtlasDatabase::Cleanup
info: Microsoft.AspNetCore.Hosting.Diagnostics[1]
      Request starting HTTP/2 POST http://ilpp/UnityILPP.PostProcessing/Ping - application/grpc -
info: Microsoft.AspNetCore.Routing.EndpointMiddleware[0]
      Executing endpoint 'gRPC - /UnityILPP.PostProcessing/Ping'
info: Microsoft.AspNetCore.Routing.EndpointMiddleware[1]
      Executed endpoint 'gRPC - /UnityILPP.PostProcessing/Ping'
info: Microsoft.AspNetCore.Hosting.Diagnostics[2]
      Request finished HTTP/2 POST http://ilpp/UnityILPP.PostProcessing/Ping - 200 - application/grpc 0.2193ms
Starting: D:\CodexWork\babel-dot-20260915\Artifacts\dot-20260915\unity\Editor\Data\Tools\BuildPipeline\bee_backend.exe --ipc --dagfile="Library/Bee/Player2e13a341.dag" --profile="Library/Bee/backend1.traceevents" Player
WorkingDir: D:/CodexWork/babel-dot-20260915/BenchmarkProject
[             ] Require frontend run.  Library/Bee/Player2e13a341.dag couldn't be loaded
Starting: D:\CodexWork\babel-dot-20260915\Artifacts\dot-20260915\unity\Editor\Data\netcorerun\netcorerun.exe "D:\CodexWork\babel-dot-20260915\Artifacts\dot-20260915\unity\Editor\Data\PlaybackEngines\WindowsStandaloneSupport\WinPlayerBuildProgram.exe" "D:/CodexWork/babel-dot-20260915/Artifacts/dot-20260915/unity/Editor/Data/PlaybackEngines/WindowsStandaloneSupport/Bee;D:/CodexWork/babel-dot-20260915/Artifacts/dot-20260915/unity/Editor/Data/Tools/BuildPipeline" "Library/Bee/Player2e13a341.dag.json" "Library/Bee/Player2e13a341-inputdata.json" "Library\Bee\buildprogram0.traceevents"
WorkingDir: D:/CodexWork/babel-dot-20260915/BenchmarkProject
ExitCode: 4 Duration: 0s29ms
DisplayProgressbar: Incremental Player Build
ExitCode: 0 Duration: 0s581ms
Starting: D:\CodexWork\babel-dot-20260915\Artifacts\dot-20260915\unity\Editor\Data\Tools\BuildPipeline\bee_backend.exe --ipc --dagfile="Library/Bee/Player2e13a341.dag" --dagfilejson="Library\Bee\Player2e13a341.dag.json" --profile="Library/Bee/backend2.traceevents" Player
WorkingDir: D:/CodexWork/babel-dot-20260915/BenchmarkProject
Finished compiling graph: 237 nodes, 483 flattened edges (481 ToBuild, 4 ToUse), maximum node priority 2147483647
[ 1/44      0s] WriteText Library/Bee/artifacts/WinPlayerBuildProgram/cmv89/_dummy_for_header_discovery
[ 2/44      0s] WriteText Library/Bee/artifacts/WinPlayerBuildProgram/Data/app.info
[ 3/44      0s] WriteText Library/Bee/artifacts/WinPlayerBuildProgram/cmv89/pch-cpp-2006662325726742382.cpp
[ 4/44      0s] WriteText Library/Bee/artifacts/WinPlayerBuildProgram/cmv89/GameAssembly.dll.dummy.def
[ 5/44      0s] WriteText Library/Bee/artifacts/csharpactions/dummy-FeaturesChecked.txt_mv20.info
[ 6/44      0s] WriteResponseFile Library/Bee/artifacts/rsp/14044685355812279133.rsp
[ 7/44      0s] CopyFiles D:/CodexWork/babel-dot-20260915/Artifacts/dot-20260915/player-02/DataLayoutCalibrator_Data/app.info
[ 8/44      0s] WriteText Library/Bee/artifacts/csharpactions/boot.config_tyr4.info
[ 9/44      0s] CopyFiles D:/CodexWork/babel-dot-20260915/Artifacts/dot-20260915/player-02/DataLayoutCalibrator_Data/RuntimeInitializeOnLoads.json
[10/44      0s] CopyFiles D:/CodexWork/babel-dot-20260915/Artifacts/dot-20260915/player-02/DataLayoutCalibrator_Data/resources.assets
[11/44      0s] CopyFiles D:/CodexWork/babel-dot-20260915/Artifacts/dot-20260915/player-02/DataLayoutCalibrator_Data/Resources/unity_builtin_extra
[12/44      0s] CopyFiles D:/CodexWork/babel-dot-20260915/Artifacts/dot-20260915/player-02/DataLayoutCalibrator_Data/level0
[13/44      0s] CopyFiles D:/CodexWork/babel-dot-20260915/Artifacts/dot-20260915/player-02/DataLayoutCalibrator_Data/sharedassets0.assets.resS
[14/44      0s] CopyFiles D:/CodexWork/babel-dot-20260915/Artifacts/dot-20260915/player-02/DataLayoutCalibrator_Data/globalgamemanagers.assets
[15/44      0s] CopyFiles D:/CodexWork/babel-dot-20260915/Artifacts/dot-20260915/player-02/DataLayoutCalibrator_Data/Resources/unity default resources
[16/44      0s] CopyFiles D:/CodexWork/babel-dot-20260915/Artifacts/dot-20260915/player-02/DataLayoutCalibrator_Data/globalgamemanagers
[17/44      0s] CopyFiles D:/CodexWork/babel-dot-20260915/Artifacts/dot-20260915/player-02/DataLayoutCalibrator_Data/ScriptingAssemblies.json
[18/44      0s] CopyFiles D:/CodexWork/babel-dot-20260915/Artifacts/dot-20260915/player-02/DataLayoutCalibrator_Data/sharedassets0.assets
[19/44      0s] CopyFiles D:/CodexWork/babel-dot-20260915/Artifacts/dot-20260915/player-02/DataLayoutCalibrator_Data/globalgamemanagers.assets.resS
[20/44      0s] CopyFiles D:/CodexWork/babel-dot-20260915/Artifacts/dot-20260915/player-02/DataLayoutCalibrator.exe
[21/44      0s] CopyFiles D:/CodexWork/babel-dot-20260915/BenchmarkProject/Library/Bee/artifacts/WinPlayerBuildProgram/il2cppOutput/build/baselib.dll
[22/44      0s] CopyFiles D:/CodexWork/babel-dot-20260915/Artifacts/dot-20260915/player-02/baselib.dll
[23/44      0s] CopyFiles D:/CodexWork/babel-dot-20260915/Artifacts/dot-20260915/player-02/dstoragecore.dll
[24/44      0s] CopyFiles D:/CodexWork/babel-dot-20260915/Artifacts/dot-20260915/player-02/UnityCrashHandler64.exe
[25/44      0s] CopyFiles D:/CodexWork/babel-dot-20260915/Artifacts/dot-20260915/player-02/DataLayoutCalibrator_Data/Plugins/x86_64/DlcAllocationProfiler.dll
[26/44      0s] CopyFiles D:/CodexWork/babel-dot-20260915/Artifacts/dot-20260915/player-02/dstorage.dll
[27/44      0s] CopyFiles D:/CodexWork/babel-dot-20260915/Artifacts/dot-20260915/player-02/UnityPlayer.dll
[28/44      0s] CopyFiles D:/CodexWork/babel-dot-20260915/Artifacts/dot-20260915/player-02/D3D12/D3D12Core.dll
[29/44      0s] AddBootConfigGUID Library/Bee/artifacts/WinPlayerBuildProgram/boot.config
[30/44      0s] CopyFiles D:/CodexWork/babel-dot-20260915/Artifacts/dot-20260915/player-02/DataLayoutCalibrator_Data/boot.config
[31/44      0s] C_Win_x64_VS2022_VB_MTPch Library/Bee/artifacts/WinPlayerBuildProgram/cmv89/pch-cpp-2006662325726742382.pch (+obj)
'DOSKEY' is not recognized as an internal or external command,
operable program or batch file.
pch-cpp-2006662325726742382.cpp
[           1s] ComputeLeafInputSignature CopyFiles Library/Bee/artifacts/WinPlayerBuildProgram/owmfp/il2cpp.lib [pending dependencies]
[32/45      0s] WriteResponseFile Library/Bee/artifacts/rsp/14329388003070532505.rsp
[           0s] ComputeLeafInputSignature CopyFiles Library/Bee/artifacts/WinPlayerBuildProgram/owmfp/il2cpp.lib [success 6f1598ff2f83374f3c585cae293d9a01]
[           0s] CopyFiles Library/Bee/artifacts/WinPlayerBuildProgram/owmfp/il2cpp.lib [CacheMiss 6f1598ff2f83374f3c585cae293d9a0100000000000000000000000000000006]
[ 33/236    0s] WriteText Library/Bee/artifacts/WinPlayerBuildProgram/74w0t/_dummy_for_header_discovery
[ 34/236    0s] MakeLump Library/Bee/artifacts/WinPlayerBuildProgram/owmfp/rkqtzcp6t2ax3.lump.cpp
[ 35/236    0s] MakeLump Library/Bee/artifacts/WinPlayerBuildProgram/owmfp/ee27qcsxyxoe0.lump.cpp
[ 36/236    0s] MakeLump Library/Bee/artifacts/WinPlayerBuildProgram/owmfp/rkqtzcp6t2ax1.lump.cpp
[ 37/236    0s] MakeLump Library/Bee/artifacts/WinPlayerBuildProgram/owmfp/lg58kmsp9gbt1.lump.cpp
[ 38/236    0s] MakeLump Library/Bee/artifacts/WinPlayerBuildProgram/owmfp/vwudwhaelqoo0.lump.cpp
[ 39/236    0s] MakeLump Library/Bee/artifacts/WinPlayerBuildProgram/owmfp/4j69b4bnthtp0.lump.cpp
[ 40/236    0s] MakeLump Library/Bee/artifacts/WinPlayerBuildProgram/owmfp/rkqtzcp6t2ax2.lump.cpp
[ 41/236    0s] MakeLump Library/Bee/artifacts/WinPlayerBuildProgram/owmfp/kcwn7jh53eq30.lump.cpp
[ 42/236    0s] MakeLump Library/Bee/artifacts/WinPlayerBuildProgram/owmfp/lg58kmsp9gbt0.lump.cpp
[ 43/236    0s] MakeLump Library/Bee/artifacts/WinPlayerBuildProgram/owmfp/9bh57ii3c5gy0.lump.cpp
[ 44/236    0s] MakeLump Library/Bee/artifacts/WinPlayerBuildProgram/owmfp/oa2pr5fas7nc0.lump.cpp
[ 45/236    0s] MakeLump Library/Bee/artifacts/WinPlayerBuildProgram/owmfp/4j69b4bnthtp1.lump.cpp
[ 46/236    0s] MakeLump Library/Bee/artifacts/WinPlayerBuildProgram/owmfp/y60re8rkvk900.lump.cpp
[ 47/236    0s] WriteText Library/Bee/artifacts/WinPlayerBuildProgram/hou7z/_dummy_for_header_discovery
[ 48/236    0s] MakeLump Library/Bee/artifacts/WinPlayerBuildProgram/owmfp/rkqtzcp6t2ax0.lump.cpp
[ 49/236    0s] MakeLump Library/Bee/artifacts/WinPlayerBuildProgram/owmfp/4j69b4bnthtp2.lump.cpp
[ 50/236    0s] MakeLump Library/Bee/artifacts/WinPlayerBuildProgram/owmfp/bftfgadyhsvf0.lump.cpp
[ 51/236    0s] MakeLump Library/Bee/artifacts/WinPlayerBuildProgram/owmfp/e52avhv7j4t70.lump.cpp
[ 52/236    0s] MakeLump Library/Bee/artifacts/WinPlayerBuildProgram/owmfp/06snmmitv6054.lump.cpp
[ 53/236    0s] MakeLump Library/Bee/artifacts/WinPlayerBuildProgram/owmfp/06snmmitv6055.lump.cpp
[ 54/236    0s] MakeLump Library/Bee/artifacts/WinPlayerBuildProgram/owmfp/tm3lywu0xap23.lump.cpp
[ 55/236    0s] MakeLump Library/Bee/artifacts/WinPlayerBuildProgram/owmfp/y60re8rkvk901.lump.cpp
[ 56/236    0s] MakeLump Library/Bee/artifacts/WinPlayerBuildProgram/owmfp/yspv3wmdb6d30.lump.cpp
[ 57/236    0s] MakeLump Library/Bee/artifacts/WinPlayerBuildProgram/owmfp/5cxtp3e12qa90.lump.cpp
[ 58/236    0s] MakeLump Library/Bee/artifacts/WinPlayerBuildProgram/owmfp/5cxtp3e12qa91.lump.cpp
[ 59/236    0s] MakeLump Library/Bee/artifacts/WinPlayerBuildProgram/owmfp/5ebbptemu2qp0.lump.cpp
[ 60/236    0s] MakeLump Library/Bee/artifacts/WinPlayerBuildProgram/owmfp/5ebbptemu2qp1.lump.cpp
[ 61/236    0s] MakeLump Library/Bee/artifacts/WinPlayerBuildProgram/owmfp/y7qb2pb3fr7f0.lump.cpp
[ 62/236    0s] MakeLump Library/Bee/artifacts/WinPlayerBuildProgram/owmfp/5ebbptemu2qp2.lump.cpp
[ 63/236    0s] MakeLump Library/Bee/artifacts/WinPlayerBuildProgram/owmfp/1qge90zxgrt01.lump.cpp
[ 64/236    0s] MakeLump Library/Bee/artifacts/WinPlayerBuildProgram/owmfp/1qge90zxgrt00.lump.cpp
[ 65/236    0s] MakeLump Library/Bee/artifacts/WinPlayerBuildProgram/owmfp/1qge90zxgrt02.lump.cpp
[ 66/236    0s] MakeLump Library/Bee/artifacts/WinPlayerBuildProgram/owmfp/1qge90zxgrt03.lump.cpp
[ 67/236    0s] MakeLump Library/Bee/artifacts/WinPlayerBuildProgram/owmfp/peo10f71e0x70.lump.cpp
[ 68/236    0s] MakeLump Library/Bee/artifacts/WinPlayerBuildProgram/owmfp/tm3lywu0xap20.lump.cpp
[ 69/236    0s] MakeLump Library/Bee/artifacts/WinPlayerBuildProgram/owmfp/tm3lywu0xap22.lump.cpp
[ 70/236    0s] MakeLump Library/Bee/artifacts/WinPlayerBuildProgram/owmfp/tm3lywu0xap21.lump.cpp
[ 71/236    0s] MakeLump Library/Bee/artifacts/WinPlayerBuildProgram/owmfp/tm3lywu0xap24.lump.cpp
[ 72/236    0s] WriteText Library/Bee/artifacts/WinPlayerBuildProgram/owmfp/_dummy_for_header_discovery
[ 73/236    0s] MakeLump Library/Bee/artifacts/WinPlayerBuildProgram/owmfp/cn1hwiysqqfz0.lump.cpp
[ 74/236    0s] MakeLump Library/Bee/artifacts/WinPlayerBuildProgram/owmfp/4e1c87fwzbxf1.lump.cpp
[ 75/236    0s] MakeLump Library/Bee/artifacts/WinPlayerBuildProgram/owmfp/4e1c87fwzbxf0.lump.cpp
[ 76/236    0s] MakeLump Library/Bee/artifacts/WinPlayerBuildProgram/owmfp/4e1c87fwzbxf2.lump.cpp
[ 77/236    0s] MakeLump Library/Bee/artifacts/WinPlayerBuildProgram/owmfp/oqef5q5y8gw20.lump.cpp
[ 78/236    0s] MakeLump Library/Bee/artifacts/WinPlayerBuildProgram/owmfp/06snmmitv6052.lump.cpp
[ 79/236    0s] MakeLump Library/Bee/artifacts/WinPlayerBuildProgram/owmfp/06snmmitv6057.lump.cpp
[ 80/236    0s] MakeLump Library/Bee/artifacts/WinPlayerBuildProgram/owmfp/06snmmitv6056.lump.cpp
[ 81/236    0s] MakeLump Library/Bee/artifacts/WinPlayerBuildProgram/owmfp/06snmmitv6051.lump.cpp
[ 82/236    0s] MakeLump Library/Bee/artifacts/WinPlayerBuildProgram/owmfp/66qtohs7s8va0.lump.cpp
[ 83/236    0s] MakeLump Library/Bee/artifacts/WinPlayerBuildProgram/owmfp/95n1p7bnjaoi0.lump.cpp
[ 84/236    0s] MakeLump Library/Bee/artifacts/WinPlayerBuildProgram/owmfp/06snmmitv6050.lump.cpp
[ 85/236    0s] MakeLump Library/Bee/artifacts/WinPlayerBuildProgram/owmfp/06snmmitv6053.lump.cpp
[ 86/236    0s] MakeLump Library/Bee/artifacts/WinPlayerBuildProgram/owmfp/tvvvinr9tv610.lump.cpp
[ 87/236    0s] MakeLump Library/Bee/artifacts/WinPlayerBuildProgram/owmfp/75ndajik6gzm0.lump.cpp
[ 88/236    0s] MakeLump Library/Bee/artifacts/WinPlayerBuildProgram/owmfp/minmbk4id5390.lump.cpp
[ 89/236    0s] MakeLump Library/Bee/artifacts/WinPlayerBuildProgram/owmfp/pxhjj6rku92c0.lump.cpp
[ 90/236    0s] MakeLump Library/Bee/artifacts/WinPlayerBuildProgram/owmfp/2v6es6iydzd10.lump.cpp
[ 91/236    0s] MakeLump Library/Bee/artifacts/WinPlayerBuildProgram/owmfp/2fvaqpzpcduo0.lump.cpp
[ 92/236    0s] MakeLump Library/Bee/artifacts/WinPlayerBuildProgram/owmfp/i7a807mb8yw60.lump.cpp
[ 93/236    0s] MakeLump Library/Bee/artifacts/WinPlayerBuildProgram/owmfp/2v6es6iydzd12.lump.cpp
[ 94/236    0s] MakeLump Library/Bee/artifacts/WinPlayerBuildProgram/owmfp/2v6es6iydzd11.lump.cpp
[ 95/236    0s] C_Win_x64_VS2022_VB_MT Library/Bee/artifacts/WinPlayerBuildProgram/owmfp/7p24exxz98wo.obj
'DOSKEY' is not recognized as an internal or external command,
operable program or batch file.
75ndajik6gzm0.lump.cpp
[ 96/236    0s] C_Win_x64_VS2022_VB_MT Library/Bee/artifacts/WinPlayerBuildProgram/owmfp/rfekkc5534up.obj
'DOSKEY' is not recognized as an internal or external command,
operable program or batch file.
tvvvinr9tv610.lump.cpp
[ 97/236    0s] C_Win_x64_VS2022_VB_MT Library/Bee/artifacts/WinPlayerBuildProgram/owmfp/bu415gzpcioj.obj
'DOSKEY' is not recognized as an internal or external command,
operable program or batch file.
2v6es6iydzd12.lump.cpp
[ 98/236    0s] C_Win_x64_VS2022_VB_MT Library/Bee/artifacts/WinPlayerBuildProgram/owmfp/pz28xu0gj8ly.obj
'DOSKEY' is not recognized as an internal or external command,
operable program or batch file.
2v6es6iydzd10.lump.cpp
[ 99/236    0s] C_Win_x64_VS2022_VB_MT Library/Bee/artifacts/WinPlayerBuildProgram/owmfp/bb0y5yfkhxud.obj
'DOSKEY' is not recognized as an internal or external command,
operable program or batch file.
06snmmitv6056.lump.cpp
[100/236    0s] C_Win_x64_VS2022_VB_MT Library/Bee/artifacts/WinPlayerBuildProgram/owmfp/boh5051j4bij.obj
'DOSKEY' is not recognized as an internal or external command,
operable program or batch file.
2fvaqpzpcduo0.lump.cpp
[101/236    0s] C_Win_x64_VS2022_VB_MT Library/Bee/artifacts/WinPlayerBuildProgram/owmfp/c1rtb37m0uta.obj
'DOSKEY' is not recognized as an internal or external command,
operable program or batch file.
pxhjj6rku92c0.lump.cpp
[102/236    0s] C_Win_x64_VS2022_VB_MT Library/Bee/artifacts/WinPlayerBuildProgram/owmfp/f953x1o7hlk7.obj
'DOSKEY' is not recognized as an internal or external command,
operable program or batch file.
4e1c87fwzbxf2.lump.cpp
[103/236    0s] C_Win_x64_VS2022_VB_MT Library/Bee/artifacts/WinPlayerBuildProgram/owmfp/gzfl31s4vkg3.obj
'DOSKEY' is not recognized as an internal or external command,
operable program or batch file.
66qtohs7s8va0.lump.cpp
[104/236    0s] C_Win_x64_VS2022_VB_MT Library/Bee/artifacts/WinPlayerBuildProgram/owmfp/8auj480lg27o.obj
'DOSKEY' is not recognized as an internal or external command,
operable program or batch file.
2v6es6iydzd11.lump.cpp
[105/236    0s] C_Win_x64_VS2022_VB_MT Library/Bee/artifacts/WinPlayerBuildProgram/owmfp/kih0nh2hac1l.obj
'DOSKEY' is not recognized as an internal or external command,
operable program or batch file.
minmbk4id5390.lump.cpp
[106/236    1s] C_Win_x64_VS2022_VB_MT Library/Bee/artifacts/WinPlayerBuildProgram/owmfp/pkjxsegez9k4.obj
'DOSKEY' is not recognized as an internal or external command,
operable program or batch file.
oqef5q5y8gw20.lump.cpp
[107/236    1s] C_Win_x64_VS2022_VB_MT Library/Bee/artifacts/WinPlayerBuildProgram/owmfp/mxnnw4i7r7by.obj
'DOSKEY' is not recognized as an internal or external command,
operable program or batch file.
06snmmitv6053.lump.cpp
[108/236    0s] C_Win_x64_VS2022_VB_MT Library/Bee/artifacts/WinPlayerBuildProgram/owmfp/g9zo8vkqqp7y.obj
'DOSKEY' is not recognized as an internal or external command,
operable program or batch file.
1qge90zxgrt02.lump.cpp
[109/236    1s] C_Win_x64_VS2022_VB_MT Library/Bee/artifacts/WinPlayerBuildProgram/owmfp/jed5uwk3vrv3.obj
'DOSKEY' is not recognized as an internal or external command,
operable program or batch file.
06snmmitv6052.lump.cpp
[110/236    0s] C_Win_x64_VS2022_VB_MT Library/Bee/artifacts/WinPlayerBuildProgram/owmfp/jsa793ium5nt.obj
'DOSKEY' is not recognized as an internal or external command,
operable program or batch file.
1qge90zxgrt03.lump.cpp
[111/236    0s] C_Win_x64_VS2022_VB_MT Library/Bee/artifacts/WinPlayerBuildProgram/owmfp/ek7onftep3qm.obj
'DOSKEY' is not recognized as an internal or external command,
operable program or batch file.
cn1hwiysqqfz0.lump.cpp
[112/236    0s] C_Win_x64_VS2022_VB_MT Library/Bee/artifacts/WinPlayerBuildProgram/owmfp/ueyv09lhxf5d.obj
'DOSKEY' is not recognized as an internal or external command,
operable program or batch file.
1qge90zxgrt00.lump.cpp
[113/236    0s] C_Win_x64_VS2022_VB_MT Library/Bee/artifacts/WinPlayerBuildProgram/owmfp/dqp66nmmu9q4.obj
'DOSKEY' is not recognized as an internal or external command,
operable program or batch file.
1qge90zxgrt01.lump.cpp
[114/236    1s] C_Win_x64_VS2022_VB_MT Library/Bee/artifacts/WinPlayerBuildProgram/owmfp/b5b84tt626tr.obj
'DOSKEY' is not recognized as an internal or external command,
operable program or batch file.
95n1p7bnjaoi0.lump.cpp
[115/236    0s] C_Win_x64_VS2022_VB_MT Library/Bee/artifacts/WinPlayerBuildProgram/owmfp/6273195n0rl0.obj
'DOSKEY' is not recognized as an internal or external command,
operable program or batch file.
5ebbptemu2qp2.lump.cpp
[116/236    1s] C_Win_x64_VS2022_VB_MT Library/Bee/artifacts/WinPlayerBuildProgram/owmfp/l2f5ke24vdhq.obj
'DOSKEY' is not recognized as an internal or external command,
operable program or batch file.
i7a807mb8yw60.lump.cpp
[117/236    0s] C_Win_x64_VS2022_VB_MT Library/Bee/artifacts/WinPlayerBuildProgram/owmfp/5fqtm72md64g.obj
'DOSKEY' is not recognized as an internal or external command,
operable program or batch file.
y7qb2pb3fr7f0.lump.cpp
[118/236    0s] C_Win_x64_VS2022_VB_MT Library/Bee/artifacts/WinPlayerBuildProgram/owmfp/96k3ulszppni.obj
'DOSKEY' is not recognized as an internal or external command,
operable program or batch file.
4e1c87fwzbxf0.lump.cpp
[119/236    0s] C_Win_x64_VS2022_VB_MT Library/Bee/artifacts/WinPlayerBuildProgram/owmfp/3jxl017j4b55.obj
'DOSKEY' is not recognized as an internal or external command,
operable program or batch file.
5ebbptemu2qp1.lump.cpp
[120/236    0s] C_Win_x64_VS2022_VB_MT Library/Bee/artifacts/WinPlayerBuildProgram/owmfp/h0h4w1i64h5u.obj
'DOSKEY' is not recognized as an internal or external command,
operable program or batch file.
tm3lywu0xap21.lump.cpp
[121/236    0s] C_Win_x64_VS2022_VB_MT Library/Bee/artifacts/WinPlayerBuildProgram/owmfp/2h4plz4r2ztz.obj
'DOSKEY' is not recognized as an internal or external command,
operable program or batch file.
yspv3wmdb6d30.lump.cpp
[122/236    1s] C_Win_x64_VS2022_VB_MT Library/Bee/artifacts/WinPlayerBuildProgram/owmfp/cqvlwtq3l53c.obj
'DOSKEY' is not recognized as an internal or external command,
operable program or batch file.
4e1c87fwzbxf1.lump.cpp
[123/236    1s] C_Win_x64_VS2022_VB_MT Library/Bee/artifacts/WinPlayerBuildProgram/owmfp/yoqtqni17nj4.obj
'DOSKEY' is not recognized as an internal or external command,
operable program or batch file.
tm3lywu0xap20.lump.cpp
[124/236    1s] C_Win_x64_VS2022_VB_MT Library/Bee/artifacts/WinPlayerBuildProgram/owmfp/kjsmy9ga1xlp.obj
'DOSKEY' is not recognized as an internal or external command,
operable program or batch file.
tm3lywu0xap22.lump.cpp
[125/236    2s] C_Win_x64_VS2022_VB_MT Library/Bee/artifacts/WinPlayerBuildProgram/owmfp/xjbcnamu2hti.obj
'DOSKEY' is not recognized as an internal or external command,
operable program or batch file.
06snmmitv6050.lump.cpp
[126/236    0s] C_Win_x64_VS2022_VB_MT Library/Bee/artifacts/WinPlayerBuildProgram/owmfp/00m3yt9f8vob.obj
'DOSKEY' is not recognized as an internal or external command,
operable program or batch file.
5ebbptemu2qp0.lump.cpp
[127/236    0s] C_Win_x64_VS2022_VB_MT Library/Bee/artifacts/WinPlayerBuildProgram/owmfp/8k9k8n5ghgn1.obj
'DOSKEY' is not recognized as an internal or external command,
operable program or batch file.
bftfgadyhsvf0.lump.cpp
[128/236    0s] C_Win_x64_VS2022_VB_MT Library/Bee/artifacts/WinPlayerBuildProgram/owmfp/ut2leqn9y03e.obj
'DOSKEY' is not recognized as an internal or external command,
operable program or batch file.
y60re8rkvk901.lump.cpp
[129/236    0s] C_Win_x64_VS2022_VB_MT Library/Bee/artifacts/WinPlayerBuildProgram/owmfp/138w5emzy69z.obj
'DOSKEY' is not recognized as an internal or external command,
operable program or batch file.
4j69b4bnthtp2.lump.cpp
[130/236    1s] C_Win_x64_VS2022_VB_MT Library/Bee/artifacts/WinPlayerBuildProgram/owmfp/vbg5wo35xzv5.obj
'DOSKEY' is not recognized as an internal or external command,
operable program or batch file.
5cxtp3e12qa91.lump.cpp
[131/236    0s] C_Win_x64_VS2022_VB_MT Library/Bee/artifacts/WinPlayerBuildProgram/hou7z/fqmcjxo0uk0n.obj
'DOSKEY' is not recognized as an internal or external command,
operable program or batch file.
adler32.c
[132/236    1s] C_Win_x64_VS2022_VB_MT Library/Bee/artifacts/WinPlayerBuildProgram/owmfp/ss5mvg511jfb.obj
'DOSKEY' is not recognized as an internal or external command,
operable program or batch file.
5cxtp3e12qa90.lump.cpp
[133/236    0s] C_Win_x64_VS2022_VB_MT Library/Bee/artifacts/WinPlayerBuildProgram/owmfp/i4bjx2ee6n0l.obj
'DOSKEY' is not recognized as an internal or external command,
operable program or batch file.
9bh57ii3c5gy0.lump.cpp
[134/236    0s] C_Win_x64_VS2022_VB_MT Library/Bee/artifacts/WinPlayerBuildProgram/owmfp/z4gmiqvtx1lt.obj
'DOSKEY' is not recognized as an internal or external command,
operable program or batch file.
oa2pr5fas7nc0.lump.cpp
[135/236    1s] C_Win_x64_VS2022_VB_MT Library/Bee/artifacts/WinPlayerBuildProgram/owmfp/hbogxxa764u6.obj
'DOSKEY' is not recognized as an internal or external command,
operable program or batch file.
peo10f71e0x70.lump.cpp
[136/236    0s] C_Win_x64_VS2022_VB_MT Library/Bee/artifacts/WinPlayerBuildProgram/owmfp/ras3cip52knk.obj
'DOSKEY' is not recognized as an internal or external command,
operable program or batch file.
y60re8rkvk900.lump.cpp
[137/236    1s] C_Win_x64_VS2022_VB_MT Library/Bee/artifacts/WinPlayerBuildProgram/owmfp/sz8nzkffk38m.obj
'DOSKEY' is not recognized as an internal or external command,
operable program or batch file.
06snmmitv6055.lump.cpp
[138/236    0s] C_Win_x64_VS2022_VB_MT Library/Bee/artifacts/WinPlayerBuildProgram/owmfp/4tkwcngnadz9.obj
'DOSKEY' is not recognized as an internal or external command,
operable program or batch file.
rkqtzcp6t2ax0.lump.cpp
[139/236    0s] C_Win_x64_VS2022_VB_MT Library/Bee/artifacts/WinPlayerBuildProgram/owmfp/uiytm3qf5wyl.obj
'DOSKEY' is not recognized as an internal or external command,
operable program or batch file.
vwudwhaelqoo0.lump.cpp
[140/236    2s] C_Win_x64_VS2022_VB_MT Library/Bee/artifacts/WinPlayerBuildProgram/owmfp/02luoikyyx9c.obj
'DOSKEY' is not recognized as an internal or external command,
operable program or batch file.
06snmmitv6051.lump.cpp
[141/236    0s] C_Win_x64_VS2022_VB_MT Library/Bee/artifacts/WinPlayerBuildProgram/owmfp/nmu7sotxa1f8.obj
'DOSKEY' is not recognized as an internal or external command,
operable program or batch file.
kcwn7jh53eq30.lump.cpp
[142/236    1s] C_Win_x64_VS2022_VB_MT Library/Bee/artifacts/WinPlayerBuildProgram/owmfp/nhx6jg0ls5ed.obj
'DOSKEY' is not recognized as an internal or external command,
operable program or batch file.
e52avhv7j4t70.lump.cpp
[143/236    0s] C_Win_x64_VS2022_VB_MT Library/Bee/artifacts/WinPlayerBuildProgram/owmfp/pwsactfa8dkt.obj
'DOSKEY' is not recognized as an internal or external command,
operable program or batch file.
lg58kmsp9gbt0.lump.cpp
[144/236    2s] C_Win_x64_VS2022_VB_MT Library/Bee/artifacts/WinPlayerBuildProgram/owmfp/euah76doddb8.obj
'DOSKEY' is not recognized as an internal or external command,
operable program or batch file.
06snmmitv6057.lump.cpp
[145/236    1s] C_Win_x64_VS2022_VB_MT Library/Bee/artifacts/WinPlayerBuildProgram/owmfp/n224zhfexd2j.obj
'DOSKEY' is not recognized as an internal or external command,
operable program or batch file.
tm3lywu0xap23.lump.cpp
[146/236    0s] C_Win_x64_VS2022_VB_MT Library/Bee/artifacts/WinPlayerBuildProgram/owmfp/vr28um5445yn.obj
'DOSKEY' is not recognized as an internal or external command,
operable program or batch file.
fast_log.c
[147/236    0s] C_Win_x64_VS2022_VB_MT Library/Bee/artifacts/WinPlayerBuildProgram/owmfp/jyw2m28ggo2v.obj
'DOSKEY' is not recognized as an internal or external command,
operable program or batch file.
memory.c
[148/236    0s] C_Win_x64_VS2022_VB_MT Library/Bee/artifacts/WinPlayerBuildProgram/owmfp/1ilf4vm59rg9.obj
'DOSKEY' is not recognized as an internal or external command,
operable program or batch file.
ee27qcsxyxoe0.lump.cpp
[149/236    0s] C_Win_x64_VS2022_VB_MT Library/Bee/artifacts/WinPlayerBuildProgram/owmfp/ztegnqxjl1h1.obj
'DOSKEY' is not recognized as an internal or external command,
operable program or batch file.
literal_cost.c
[150/236    0s] C_Win_x64_VS2022_VB_MT Library/Bee/artifacts/WinPlayerBuildProgram/owmfp/sf3sd1de4t0n.obj
'DOSKEY' is not recognized as an internal or external command,
operable program or batch file.
lg58kmsp9gbt1.lump.cpp
[151/236    0s] C_Win_x64_VS2022_VB_MT Library/Bee/artifacts/WinPlayerBuildProgram/owmfp/cnbwhsqklll5.obj
'DOSKEY' is not recognized as an internal or external command,
operable program or batch file.
histogram.c
[152/236    0s] C_Win_x64_VS2022_VB_MT Library/Bee/artifacts/WinPlayerBuildProgram/owmfp/kqisxi8i0al9.obj
'DOSKEY' is not recognized as an internal or external command,
operable program or batch file.
metablock.c
[153/236    1s] C_Win_x64_VS2022_VB_MT Library/Bee/artifacts/WinPlayerBuildProgram/owmfp/f963xsnq5w7e.obj
'DOSKEY' is not recognized as an internal or external command,
operable program or batch file.
4j69b4bnthtp0.lump.cpp
[154/236    0s] C_Win_x64_VS2022_VB_MT Library/Bee/artifacts/WinPlayerBuildProgram/owmfp/n5b7i1gs76k0.obj
'DOSKEY' is not recognized as an internal or external command,
operable program or batch file.
rkqtzcp6t2ax1.lump.cpp
[155/236    3s] UnityLinker D:/CodexWork/babel-dot-20260915/BenchmarkProject/Library/Bee/artifacts/unitylinker_dwek.traceevents
D:\CodexWork\babel-dot-20260915\Artifacts\dot-20260915\unity\Editor\Data\il2cpp\build\deploy\UnityLinker.exe @Library\Bee\artifacts\rsp\14044685355812279133.rsp
[156/236    0s] C_Win_x64_VS2022_VB_MT Library/Bee/artifacts/WinPlayerBuildProgram/owmfp/j0c9cesim629.obj
'DOSKEY' is not recognized as an internal or external command,
operable program or batch file.
encoder_dict.c
[157/236    0s] C_Win_x64_VS2022_VB_MT Library/Bee/artifacts/WinPlayerBuildProgram/owmfp/7wg1278v2b6m.obj
'DOSKEY' is not recognized as an internal or external command,
operable program or batch file.
static_dict.c
[158/236    0s] C_Win_x64_VS2022_VB_MT Library/Bee/artifacts/WinPlayerBuildProgram/owmfp/t7w7lhd0z2hp.obj
'DOSKEY' is not recognized as an internal or external command,
operable program or batch file.
rkqtzcp6t2ax3.lump.cpp
[159/236    0s] C_Win_x64_VS2022_VB_MT Library/Bee/artifacts/WinPlayerBuildProgram/owmfp/e0rom20c9dh8.obj
'DOSKEY' is not recognized as an internal or external command,
operable program or batch file.
entropy_encode.c
[160/236    0s] C_Win_x64_VS2022_VB_MT Library/Bee/artifacts/WinPlayerBuildProgram/owmfp/b0rqa5z65lex.obj
'DOSKEY' is not recognized as an internal or external command,
operable program or batch file.
dictionary_hash.c
[161/236    1s] C_Win_x64_VS2022_VB_MT Library/Bee/artifacts/WinPlayerBuildProgram/owmfp/ykye46nv2qt5.obj
'DOSKEY' is not recognized as an internal or external command,
operable program or batch file.
4j69b4bnthtp1.lump.cpp
[162/236    0s] C_Win_x64_VS2022_VB_MT Library/Bee/artifacts/WinPlayerBuildProgram/owmfp/vk2gd86shigg.obj
'DOSKEY' is not recognized as an internal or external command,
operable program or batch file.
command.c
[163/236    0s] C_Win_x64_VS2022_VB_MT Library/Bee/artifacts/WinPlayerBuildProgram/owmfp/bred6r8oganx.obj
'DOSKEY' is not recognized as an internal or external command,
operable program or batch file.
bit_reader.c
[164/236    2s] C_Win_x64_VS2022_VB_MT Library/Bee/artifacts/WinPlayerBuildProgram/owmfp/pgy5xchbonss.obj
'DOSKEY' is not recognized as an internal or external command,
operable program or batch file.
06snmmitv6054.lump.cpp
[165/236    0s] C_Win_x64_VS2022_VB_MT Library/Bee/artifacts/WinPlayerBuildProgram/74w0t/g2rbs4r1peej.obj
'DOSKEY' is not recognized as an internal or external command,
operable program or batch file.
krait_signal_handler.c
[166/236    0s] C_Win_x64_VS2022_VB_MT Library/Bee/artifacts/WinPlayerBuildProgram/owmfp/tvm0mij5l4zk.obj
'DOSKEY' is not recognized as an internal or external command,
operable program or batch file.
bit_cost.c
[167/236    1s] C_Win_x64_VS2022_VB_MT Library/Bee/artifacts/WinPlayerBuildProgram/owmfp/qompk9ew3m1u.obj
'DOSKEY' is not recognized as an internal or external command,
operable program or batch file.
rkqtzcp6t2ax2.lump.cpp
[168/236    0s] C_Win_x64_VS2022_VB_MT Library/Bee/artifacts/WinPlayerBuildProgram/owmfp/vxhd5qgn2det.obj
'DOSKEY' is not recognized as an internal or external command,
operable program or batch file.
brotli_bit_stream.c
[169/236    0s] C_Win_x64_VS2022_VB_MT Library/Bee/artifacts/WinPlayerBuildProgram/owmfp/dv6n0wz7ymnj.obj
'DOSKEY' is not recognized as an internal or external command,
operable program or batch file.
huffman.c
[170/236    0s] C_Win_x64_VS2022_VB_MT Library/Bee/artifacts/WinPlayerBuildProgram/owmfp/q5y03qc29uz4.obj
'DOSKEY' is not recognized as an internal or external command,
operable program or batch file.
cluster.c
[171/236    0s] C_Win_x64_VS2022_VB_MT Library/Bee/artifacts/WinPlayerBuildProgram/owmfp/pd6wkimzx8ll.obj
'DOSKEY' is not recognized as an internal or external command,
operable program or batch file.
state.c
[172/236    0s] C_Win_x64_VS2022_VB_MT Library/Bee/artifacts/WinPlayerBuildProgram/owmfp/940u0pvendia.obj
'DOSKEY' is not recognized as an internal or external command,
operable program or batch file.
transform.c
[173/236    2s] C_Win_x64_VS2022_VB_MT Library/Bee/artifacts/WinPlayerBuildProgram/owmfp/qldn1pdittie.obj
'DOSKEY' is not recognized as an internal or external command,
operable program or batch file.
tm3lywu0xap24.lump.cpp
[174/236    0s] C_Win_x64_VS2022_VB_MT Library/Bee/artifacts/WinPlayerBuildProgram/owmfp/03vt478tftit.obj
'DOSKEY' is not recognized as an internal or external command,
operable program or batch file.
compress_fragment_two_pass.c
[175/236    0s] C_Win_x64_VS2022_VB_MT Library/Bee/artifacts/WinPlayerBuildProgram/owmfp/0jeul8jygqn6.obj
'DOSKEY' is not recognized as an internal or external command,
operable program or batch file.
platform.c
[176/236    0s] C_Win_x64_VS2022_VB_MT Library/Bee/artifacts/WinPlayerBuildProgram/owmfp/yrdakf4b86tq.obj
'DOSKEY' is not recognized as an internal or external command,
operable program or batch file.
backward_references_hq.c
[177/236    0s] C_Win_x64_VS2022_VB_MT Library/Bee/artifacts/WinPlayerBuildProgram/owmfp/g4333qcjofhq.obj
'DOSKEY' is not recognized as an internal or external command,
operable program or batch file.
constants.c
[178/236    0s] C_Win_x64_VS2022_VB_MT Library/Bee/artifacts/WinPlayerBuildProgram/owmfp/ddq6azckqrog.obj
'DOSKEY' is not recognized as an internal or external command,
operable program or batch file.
compress_fragment.c
[179/236    0s] C_Win_x64_VS2022_VB_MT Library/Bee/artifacts/WinPlayerBuildProgram/owmfp/8l2js2kz7859.obj
'DOSKEY' is not recognized as an internal or external command,
operable program or batch file.
context.c
[180/236    0s] C_Win_x64_VS2022_VB_MT Library/Bee/artifacts/WinPlayerBuildProgram/owmfp/bfe0t7ee5hyi.obj
'DOSKEY' is not recognized as an internal or external command,
operable program or batch file.
Win32ApiWindowsGamesEmulation.cpp
[181/236    0s] C_Win_x64_VS2022_VB_MT Library/Bee/artifacts/WinPlayerBuildProgram/owmfp/alhsp7o2v0mp.obj
'DOSKEY' is not recognized as an internal or external command,
operable program or batch file.
SocketBridge.cpp
[182/236    1s] C_Win_x64_VS2022_VB_MT Library/Bee/artifacts/WinPlayerBuildProgram/owmfp/c1j7t6yuu9pk.obj
'DOSKEY' is not recognized as an internal or external command,
operable program or batch file.
encode.c
[183/236    0s] C_Win_x64_VS2022_VB_MT Library/Bee/artifacts/WinPlayerBuildProgram/owmfp/96wwcnxceh95.obj
'DOSKEY' is not recognized as an internal or external command,
operable program or batch file.
ThreadImpl.cpp
[184/236    0s] C_Win_x64_VS2022_VB_MT Library/Bee/artifacts/WinPlayerBuildProgram/owmfp/ba31sj8h2bjb.obj
'DOSKEY' is not recognized as an internal or external command,
operable program or batch file.
dictionary.c
[185/236    0s] C_Win_x64_VS2022_VB_MT Library/Bee/artifacts/WinPlayerBuildProgram/owmfp/bi2dpr2azoyz.obj
'DOSKEY' is not recognized as an internal or external command,
operable program or batch file.
block_splitter.c
[186/236    0s] C_Win_x64_VS2022_VB_MT Library/Bee/artifacts/WinPlayerBuildProgram/owmfp/bw4qw8s77725.obj
'DOSKEY' is not recognized as an internal or external command,
operable program or batch file.
RuntimeHelpers.cpp
[187/236    1s] C_Win_x64_VS2022_VB_MT Library/Bee/artifacts/WinPlayerBuildProgram/74w0t/7rku0t6w68ft.obj
'DOSKEY' is not recognized as an internal or external command,
operable program or batch file.
gc.c
[188/236    0s] C_Win_x64_VS2022_VB_MT Library/Bee/artifacts/WinPlayerBuildProgram/owmfp/kwxv0z7v5ml6.obj
'DOSKEY' is not recognized as an internal or external command,
operable program or batch file.
RealProxy.cpp
[189/236    0s] C_Win_x64_VS2022_VB_MT Library/Bee/artifacts/WinPlayerBuildProgram/owmfp/kujwbsa4hqzy.obj
'DOSKEY' is not recognized as an internal or external command,
operable program or batch file.
MonoPosixHelper.cpp
[190/236    0s] C_Win_x64_VS2022_VB_MT Library/Bee/artifacts/WinPlayerBuildProgram/owmfp/un5wt5cqs0jv.obj
'DOSKEY' is not recognized as an internal or external command,
operable program or batch file.
Interop.cpp
[191/236    0s] C_Win_x64_VS2022_VB_MT Library/Bee/artifacts/WinPlayerBuildProgram/owmfp/nb9qmvua9pc4.obj
'DOSKEY' is not recognized as an internal or external command,
operable program or batch file.
KeyPairPersistence.cpp
[192/236    0s] C_Win_x64_VS2022_VB_MT Library/Bee/artifacts/WinPlayerBuildProgram/owmfp/b85wqyzlvqyy.obj
'DOSKEY' is not recognized as an internal or external command,
operable program or batch file.
Context.cpp
[193/236    0s] C_Win_x64_VS2022_VB_MT Library/Bee/artifacts/WinPlayerBuildProgram/owmfp/tqnh4ghjxko5.obj
'DOSKEY' is not recognized as an internal or external command,
operable program or batch file.
Semaphore.cpp
[194/236    0s] C_Win_x64_VS2022_VB_MT Library/Bee/artifacts/WinPlayerBuildProgram/owmfp/6l3konuixdux.obj
'DOSKEY' is not recognized as an internal or external command,
operable program or batch file.
FileSystemWatcher.cpp
[195/236    0s] C_Win_x64_VS2022_VB_MT Library/Bee/artifacts/WinPlayerBuildProgram/owmfp/tnfkmsu55iqn.obj
'DOSKEY' is not recognized as an internal or external command,
operable program or batch file.
il2cpp-api-debugger.cpp
[196/236    0s] C_Win_x64_VS2022_VB_MT Library/Bee/artifacts/WinPlayerBuildProgram/owmfp/zybz0wbaqwza.obj
'DOSKEY' is not recognized as an internal or external command,
operable program or batch file.
MonoTlsProviderFactory.cpp
[197/236    0s] C_Win_x64_VS2022_VB_MT Library/Bee/artifacts/WinPlayerBuildProgram/owmfp/4r5al3xdih0o.obj
'DOSKEY' is not recognized as an internal or external command,
operable program or batch file.
ActivationServices.cpp
[198/236    0s] C_Win_x64_VS2022_VB_MT Library/Bee/artifacts/WinPlayerBuildProgram/owmfp/au4zwvrp8qfx.obj
'DOSKEY' is not recognized as an internal or external command,
operable program or batch file.
Evidence.cpp
[199/236    0s] C_Win_x64_VS2022_VB_MT Library/Bee/artifacts/WinPlayerBuildProgram/owmfp/c9yrblp0t7q2.obj
'DOSKEY' is not recognized as an internal or external command,
operable program or batch file.
decode.c
[200/236    0s] C_Win_x64_VS2022_VB_MT Library/Bee/artifacts/WinPlayerBuildProgram/owmfp/us63hhh3jmoo.obj
'DOSKEY' is not recognized as an internal or external command,
operable program or batch file.
NativeMethods.cpp
[201/236    0s] C_Win_x64_VS2022_VB_MT Library/Bee/artifacts/WinPlayerBuildProgram/hou7z/uwuhssypcdro.obj
'DOSKEY' is not recognized as an internal or external command,
operable program or batch file.
zutil.c
[202/236    0s] C_Win_x64_VS2022_VB_MT Library/Bee/artifacts/WinPlayerBuildProgram/owmfp/cqga8g8neq2t.obj
'DOSKEY' is not recognized as an internal or external command,
operable program or batch file.
utf8_util.c
[203/236    0s] C_Win_x64_VS2022_VB_MT Library/Bee/artifacts/WinPlayerBuildProgram/owmfp/b050t069vxic.obj
'DOSKEY' is not recognized as an internal or external command,
operable program or batch file.
RNGCryptoServiceProvider.cpp
[204/236    0s] C_Win_x64_VS2022_VB_MT Library/Bee/artifacts/WinPlayerBuildProgram/owmfp/0o6q776ogomg.obj
'DOSKEY' is not recognized as an internal or external command,
operable program or batch file.
NativeMethods.cpp
[205/236    0s] C_Win_x64_VS2022_VB_MT Library/Bee/artifacts/WinPlayerBuildProgram/hou7z/4x59ivl9st8k.obj
'DOSKEY' is not recognized as an internal or external command,
operable program or batch file.
uncompr.c
[206/236    0s] C_Win_x64_VS2022_VB_MT Library/Bee/artifacts/WinPlayerBuildProgram/owmfp/rxw8ujakwf5p.obj
'DOSKEY' is not recognized as an internal or external command,
operable program or batch file.
Dns.cpp
[207/236    0s] C_Win_x64_VS2022_VB_MT Library/Bee/artifacts/WinPlayerBuildProgram/hou7z/zh6fjqhf5fjk.obj
'DOSKEY' is not recognized as an internal or external command,
operable program or batch file.
trees.c
[208/236    0s] C_Win_x64_VS2022_VB_MT Library/Bee/artifacts/WinPlayerBuildProgram/hou7z/v88mlywf2ww9.obj
'DOSKEY' is not recognized as an internal or external command,
operable program or batch file.
inffast.c
[209/236    0s] C_Win_x64_VS2022_VB_MT Library/Bee/artifacts/WinPlayerBuildProgram/hou7z/gwmxgorlba73.obj
'DOSKEY' is not recognized as an internal or external command,
operable program or batch file.
inftrees.c
[210/236    0s] C_Win_x64_VS2022_VB_MT Library/Bee/artifacts/WinPlayerBuildProgram/owmfp/5ocs77c34k5p.obj
'DOSKEY' is not recognized as an internal or external command,
operable program or batch file.
VersioningHelper.cpp
[211/236    0s] C_Win_x64_VS2022_VB_MT Library/Bee/artifacts/WinPlayerBuildProgram/owmfp/gas0lx18f7i3.obj
'DOSKEY' is not recognized as an internal or external command,
operable program or batch file.
UnityTls.cpp
[212/236    0s] C_Win_x64_VS2022_VB_MT Library/Bee/artifacts/WinPlayerBuildProgram/hou7z/rfimpc3nf27f.obj
'DOSKEY' is not recognized as an internal or external command,
operable program or batch file.
gzclose.c
[213/236    0s] C_Win_x64_VS2022_VB_MT Library/Bee/artifacts/WinPlayerBuildProgram/owmfp/1xmnr0jlmpyu.obj
'DOSKEY' is not recognized as an internal or external command,
operable program or batch file.
RemotingServices.cpp
[214/236    0s] C_Win_x64_VS2022_VB_MT Library/Bee/artifacts/WinPlayerBuildProgram/hou7z/82qrpokh71u6.obj
'DOSKEY' is not recognized as an internal or external command,
operable program or batch file.
gzlib.c
[215/236    0s] C_Win_x64_VS2022_VB_MT Library/Bee/artifacts/WinPlayerBuildProgram/hou7z/h2irgi45wqbp.obj
'DOSKEY' is not recognized as an internal or external command,
operable program or batch file.
inflate.c
[216/236    0s] C_Win_x64_VS2022_VB_MT Library/Bee/artifacts/WinPlayerBuildProgram/hou7z/29md3tmesfpw.obj
'DOSKEY' is not recognized as an internal or external command,
operable program or batch file.
infback.c
[217/236    0s] C_Win_x64_VS2022_VB_MT Library/Bee/artifacts/WinPlayerBuildProgram/hou7z/lofiz82ngd42.obj
'DOSKEY' is not recognized as an internal or external command,
operable program or batch file.
crc32.c
[218/236    0s] C_Win_x64_VS2022_VB_MT Library/Bee/artifacts/WinPlayerBuildProgram/hou7z/5v63udtxyntz.obj
'DOSKEY' is not recognized as an internal or external command,
operable program or batch file.
gzread.c
[219/236    0s] C_Win_x64_VS2022_VB_MT Library/Bee/artifacts/WinPlayerBuildProgram/hou7z/alzko1c88gz2.obj
'DOSKEY' is not recognized as an internal or external command,
operable program or batch file.
gzwrite.c
[220/236    0s] C_Win_x64_VS2022_VB_MT Library/Bee/artifacts/WinPlayerBuildProgram/owmfp/4lmufk1ghngg.obj
'DOSKEY' is not recognized as an internal or external command,
operable program or batch file.
MemoryMapImpl.cpp
[221/236    1s] C_Win_x64_VS2022_VB_MT Library/Bee/artifacts/WinPlayerBuildProgram/owmfp/ge2ij337pgxd.obj
'DOSKEY' is not recognized as an internal or external command,
operable program or batch file.
backward_references.c
[222/236    0s] C_Win_x64_VS2022_VB_MT Library/Bee/artifacts/WinPlayerBuildProgram/hou7z/lie9zzw0bnim.obj
'DOSKEY' is not recognized as an internal or external command,
operable program or batch file.
deflate.c
[223/236    0s] C_Win_x64_VS2022_VB_MT Library/Bee/artifacts/WinPlayerBuildProgram/owmfp/l5mjz7gfyx7v.obj
'DOSKEY' is not recognized as an internal or external command,
operable program or batch file.
RuntimeImports.cpp
[224/236    0s] Lib_Win_x64_VS2022_VB_MT Library/Bee/artifacts/WinPlayerBuildProgram/owmfp/il2cpp_staged.lib
'DOSKEY' is not recognized as an internal or external command,
operable program or batch file.
[225/236    0s] CopyFiles Library/Bee/artifacts/WinPlayerBuildProgram/owmfp/il2cpp.lib
[           0s] ComputeLeafInputSignature CopyFiles Library/Bee/artifacts/WinPlayerBuildProgram/owmfp/il2cpp.lib [success 6f1598ff2f83374f3c585cae293d9a01]
[           0s] CopyFiles Library/Bee/artifacts/WinPlayerBuildProgram/owmfp/il2cpp.lib [CacheWrite 6f1598ff2f83374f3c585cae293d9a0100000000000000000000000000000006]
[           0s] Destroying MsPDBSrv (14.44) 14
[           0s] Destroying Visual Studio Telemetry (VCTIP.EXE)
*** Tundra requires additional run (6.90 seconds), 225 items updated, 236 evaluated
*** Additional run caused by: contents change of Library/Bee/artifacts/WinPlayerBuildProgram/ManagedStripped
Starting: D:\CodexWork\babel-dot-20260915\Artifacts\dot-20260915\unity\Editor\Data\netcorerun\netcorerun.exe "D:\CodexWork\babel-dot-20260915\Artifacts\dot-20260915\unity\Editor\Data\PlaybackEngines\WindowsStandaloneSupport\WinPlayerBuildProgram.exe" "D:/CodexWork/babel-dot-20260915/Artifacts/dot-20260915/unity/Editor/Data/PlaybackEngines/WindowsStandaloneSupport/Bee;D:/CodexWork/babel-dot-20260915/Artifacts/dot-20260915/unity/Editor/Data/Tools/BuildPipeline" "Library/Bee/Player2e13a341.dag.json" "Library/Bee/Player2e13a341-inputdata.json" "Library\Bee\buildprogram1.traceevents"
WorkingDir: D:/CodexWork/babel-dot-20260915/BenchmarkProject
ExitCode: 4 Duration: 6s920ms
ExitCode: 0 Duration: 0s519ms
Starting: D:\CodexWork\babel-dot-20260915\Artifacts\dot-20260915\unity\Editor\Data\Tools\BuildPipeline\bee_backend.exe --ipc --dagfile="Library/Bee/Player2e13a341.dag" --dagfilejson="Library\Bee\Player2e13a341.dag.json" --profile="Library/Bee/backend3.traceevents" Player
WorkingDir: D:/CodexWork/babel-dot-20260915/BenchmarkProject
Finished compiling graph: 418 nodes, 966 flattened edges (964 ToBuild, 4 ToUse), maximum node priority 2147483647
[           0s] Delete 1 artifact files that are no longer in use. (like Library\Bee\artifacts\csharpactions\dummy-FeaturesChecked.txt_mv20.info)
[  9/225    0s] WriteResponseFile Library/Bee/artifacts/rsp/18385588451743055167.rsp
[ 10/225    0s] WriteText Library/Bee/artifacts/csharpactions/System.Configuration-FeaturesChecked.txt_nqsf.info
[ 11/225    0s] WriteText Library/Bee/artifacts/csharpactions/UnityEngine.TilemapModule-FeaturesChecked.txt_xb4c.info
[ 13/225    0s] WriteText Library/Bee/artifacts/csharpactions/mscorlib-FeaturesChecked.txt_9kc9.info
[ 14/225    0s] WriteText Library/Bee/artifacts/csharpactions/UnityEngine.UnityWebRequestModule-FeaturesChecked.txt_b1wr.info
[ 15/225    0s] WriteText Library/Bee/artifacts/csharpactions/System-FeaturesChecked.txt_vic3.info
[ 16/225    0s] WriteText Library/Bee/artifacts/csharpactions/UnityEngine.UnityConsentModule-FeaturesChecked.txt_s5qy.info
[ 17/225    0s] WriteText Library/Bee/artifacts/csharpactions/System.Runtime.CompilerServices.Unsafe-FeaturesChecked.txt_mtva.info
[ 18/225    0s] WriteText Library/Bee/artifacts/csharpactions/UnityEngine.UnityAnalyticsModule-FeaturesChecked.txt_gvtj.info
[ 19/225    0s] WriteText Library/Bee/artifacts/csharpactions/System.Core-FeaturesChecked.txt_och0.info
[ 20/225    0s] WriteText Library/Bee/artifacts/csharpactions/Mono.Security-FeaturesChecked.txt_dyiy.info
[ 22/225    0s] WriteText Library/Bee/artifacts/csharpactions/UnityEngine.SubsystemsModule-FeaturesChecked.txt_nywe.info
[ 23/225    0s] WriteText Library/Bee/artifacts/csharpactions/UnityEngine.UIModule-FeaturesChecked.txt_rlwj.info
[ 24/225    0s] WriteText Library/Bee/artifacts/csharpactions/UnityEngine.VideoModule-FeaturesChecked.txt_mt2t.info
[ 25/225    0s] WriteText Library/Bee/artifacts/csharpactions/UnityEngine.UIElementsModule-FeaturesChecked.txt_28gs.info
[ 26/225    0s] WriteText Library/Bee/artifacts/csharpactions/Yanagisawa.DataLayoutCalibrator.Samples.ParticleIntegrate-FeaturesChecked.txt_8dpp.info
[ 27/225    0s] WriteText Library/Bee/artifacts/csharpactions/Yanagisawa.DataLayoutCalibrator.Samples.TransformExport-FeaturesChecked.txt_t6ff.info
[ 28/225    0s] WriteText Library/Bee/artifacts/csharpactions/Yanagisawa.DataLayoutCalibrator.Samples.ExternalWorkloads-FeaturesChecked.txt_eioi.info
[ 29/225    0s] WriteText Library/Bee/artifacts/csharpactions/UnityEngine.MathematicsModule-FeaturesChecked.txt_145x.info
[ 30/225    0s] WriteText Library/Bee/artifacts/csharpactions/Yanagisawa.DataLayoutCalibrator.Samples.AdditionalWorkloads-FeaturesChecked.txt_mp7p.info
[ 31/225    0s] WriteText Library/Bee/artifacts/csharpactions/UnityEngine.AnimationModule-FeaturesChecked.txt_ryhl.info
[ 32/225    0s] WriteText Library/Bee/artifacts/csharpactions/Unity.Burst.Unsafe-FeaturesChecked.txt_1w2c.info
[ 33/225    0s] WriteText Library/Bee/artifacts/csharpactions/Yanagisawa.DataLayoutCalibrator-FeaturesChecked.txt_4sww.info
[ 34/225    0s] WriteText Library/Bee/artifacts/csharpactions/UnityEngine.UnityAnalyticsCommonModule-FeaturesChecked.txt_nc1m.info
[ 35/225    0s] WriteText Library/Bee/artifacts/csharpactions/Unity.Collections-FeaturesChecked.txt_yda5.info
[ 36/225    0s] WriteText Library/Bee/artifacts/csharpactions/Yanagisawa.DataLayoutCalibrator.Benchmark-FeaturesChecked.txt_fags.info
[ 37/225    0s] WriteText Library/Bee/artifacts/csharpactions/Unity.Collections.LowLevel.ILSupport-FeaturesChecked.txt_ocjd.info
[ 38/225    0s] WriteText Library/Bee/artifacts/csharpactions/UnityEngine.XRModule-FeaturesChecked.txt_pvv9.info
[ 39/225    0s] WriteText Library/Bee/artifacts/csharpactions/UnityEngine.AndroidJNIModule-FeaturesChecked.txt_p2rr.info
[ 40/225    0s] WriteText Library/Bee/artifacts/csharpactions/UnityEngine.PhysicsModule-FeaturesChecked.txt_2kc2.info
[ 41/225    0s] WriteText Library/Bee/artifacts/csharpactions/UnityEngine.MarshallingModule-FeaturesChecked.txt_ru2c.info
[ 42/225    0s] WriteText Library/Bee/artifacts/csharpactions/UnityEngine.VFXModule-FeaturesChecked.txt_7vv1.info
[ 43/225    0s] WriteText Library/Bee/artifacts/csharpactions/UnityEngine.AdaptivePerformanceModule-FeaturesChecked.txt_dfzh.info
[ 44/225    0s] WriteText Library/Bee/artifacts/csharpactions/UnityEngine.AIModule-FeaturesChecked.txt_b24d.info
[ 45/225    0s] WriteText Library/Bee/artifacts/csharpactions/UnityEngine.AccessibilityModule-FeaturesChecked.txt_tops.info
[ 46/225    0s] WriteText Library/Bee/artifacts/csharpactions/UnityEngine.AssetBundleModule-FeaturesChecked.txt_1jdn.info
[ 47/225    0s] WriteText Library/Bee/artifacts/csharpactions/UnityEngine.AudioModule-FeaturesChecked.txt_dmkb.info
[ 48/225    0s] WriteText Library/Bee/artifacts/csharpactions/UnityEngine.ContentLoadModule-FeaturesChecked.txt_iz9q.info
[ 49/225    0s] WriteText Library/Bee/artifacts/csharpactions/UnityEngine.CoreModule-FeaturesChecked.txt_ezkd.info
[ 50/225    0s] WriteText Library/Bee/artifacts/csharpactions/UnityEngine.DirectorModule-FeaturesChecked.txt_rfay.info
[ 51/225    0s] WriteText Library/Bee/artifacts/csharpactions/UnityEngine-FeaturesChecked.txt_1bd3.info
[ 52/225    0s] WriteText Library/Bee/artifacts/csharpactions/UnityEngine.GridModule-FeaturesChecked.txt_p67v.info
[ 53/225    0s] WriteText Library/Bee/artifacts/csharpactions/UnityEngine.IMGUIModule-FeaturesChecked.txt_eqp3.info
[ 54/225    0s] WriteText Library/Bee/artifacts/csharpactions/UnityEngine.HierarchyCoreModule-FeaturesChecked.txt_rufr.info
[ 55/225    0s] WriteText Library/Bee/artifacts/csharpactions/UnityEngine.InputForUIModule-FeaturesChecked.txt_inc2.info
[ 56/225    0s] WriteText Library/Bee/artifacts/csharpactions/UnityEngine.InputLegacyModule-FeaturesChecked.txt_y8g4.info
[ 57/225    0s] WriteText Library/Bee/artifacts/csharpactions/UnityEngine.InputModule-FeaturesChecked.txt_hmqk.info
[ 58/225    0s] WriteText Library/Bee/artifacts/csharpactions/UnityEngine.JSONSerializeModule-FeaturesChecked.txt_fm7j.info
[ 59/225    0s] WriteText Library/Bee/artifacts/csharpactions/Unity.Scripting-FeaturesChecked.txt_wmpq.info
[ 60/225    0s] WriteText Library/Bee/artifacts/csharpactions/UnityEngine.ParticleSystemModule-FeaturesChecked.txt_8t4d.info
[ 61/225    0s] WriteText Library/Bee/artifacts/csharpactions/UnityEngine.Physics2DModule-FeaturesChecked.txt_cj5q.info
[ 62/225    0s] WriteText Library/Bee/artifacts/csharpactions/UnityEngine.PhysicsCore2DModule-FeaturesChecked.txt_735n.info
[ 63/225    0s] WriteText Library/Bee/artifacts/csharpactions/Unity.Burst-FeaturesChecked.txt_9564.info
[ 64/225    0s] WriteText Library/Bee/artifacts/csharpactions/UnityEngine.ScriptingModule-FeaturesChecked.txt_6ztc.info
[ 65/225    0s] WriteText Library/Bee/artifacts/csharpactions/System.Xml-FeaturesChecked.txt_wcjl.info
[ 66/225    0s] WriteText Library/Bee/artifacts/csharpactions/UnityEngine.TerrainModule-FeaturesChecked.txt_wxmw.info
[ 67/225    0s] WriteText Library/Bee/artifacts/csharpactions/UnityEngine.TextCoreFontEngineModule-FeaturesChecked.txt_k50w.info
[ 68/225    0s] WriteText Library/Bee/artifacts/csharpactions/UnityEngine.PropertiesModule-FeaturesChecked.txt_e859.info
[ 69/225    0s] WriteText Library/Bee/artifacts/csharpactions/UnityEngine.TextRenderingModule-FeaturesChecked.txt_ibdi.info
[ 70/225    0s] WriteText Library/Bee/artifacts/csharpactions/UnityEngine.SharedInternalsModule-FeaturesChecked.txt_0vls.info
[ 71/225    0s] WriteText Library/Bee/artifacts/csharpactions/UnityEngine.TextCoreTextEngineModule-FeaturesChecked.txt_uyte.info
[ 72/225    0s] ExtractUsedFeatures Library/Bee/artifacts/WinPlayerBuildProgram/Features/UnityEngine.IMGUIModule-FeaturesChecked.txt
[ 73/225    0s] ExtractUsedFeatures Library/Bee/artifacts/WinPlayerBuildProgram/Features/UnityEngine.ParticleSystemModule-FeaturesChecked.txt
[ 74/225    0s] ExtractUsedFeatures Library/Bee/artifacts/WinPlayerBuildProgram/Features/UnityEngine.SharedInternalsModule-FeaturesChecked.txt
[ 75/225    0s] ExtractUsedFeatures Library/Bee/artifacts/WinPlayerBuildProgram/Features/UnityEngine.TextRenderingModule-FeaturesChecked.txt
[ 76/225    0s] ExtractUsedFeatures Library/Bee/artifacts/WinPlayerBuildProgram/Features/UnityEngine.TerrainModule-FeaturesChecked.txt
[ 77/225    0s] ExtractUsedFeatures Library/Bee/artifacts/WinPlayerBuildProgram/Features/System.Xml-FeaturesChecked.txt
[ 78/225    0s] ExtractUsedFeatures Library/Bee/artifacts/WinPlayerBuildProgram/Features/UnityEngine.HierarchyCoreModule-FeaturesChecked.txt
[ 79/225    0s] ExtractUsedFeatures Library/Bee/artifacts/WinPlayerBuildProgram/Features/UnityEngine.InputModule-FeaturesChecked.txt
[ 80/225    0s] ExtractUsedFeatures Library/Bee/artifacts/WinPlayerBuildProgram/Features/UnityEngine.InputLegacyModule-FeaturesChecked.txt
[ 81/225    0s] ExtractUsedFeatures Library/Bee/artifacts/WinPlayerBuildProgram/Features/UnityEngine.JSONSerializeModule-FeaturesChecked.txt
[ 82/225    0s] ExtractUsedFeatures Library/Bee/artifacts/WinPlayerBuildProgram/Features/UnityEngine.InputForUIModule-FeaturesChecked.txt
[ 83/225    0s] ExtractUsedFeatures Library/Bee/artifacts/WinPlayerBuildProgram/Features/UnityEngine.PhysicsCore2DModule-FeaturesChecked.txt
[ 84/225    0s] ExtractUsedFeatures Library/Bee/artifacts/WinPlayerBuildProgram/Features/UnityEngine.Physics2DModule-FeaturesChecked.txt
[ 85/225    0s] ExtractUsedFeatures Library/Bee/artifacts/WinPlayerBuildProgram/Features/UnityEngine.TextCoreFontEngineModule-FeaturesChecked.txt
[ 86/225    0s] ExtractUsedFeatures Library/Bee/artifacts/WinPlayerBuildProgram/Features/Unity.Burst-FeaturesChecked.txt
[ 87/225    0s] ExtractUsedFeatures Library/Bee/artifacts/WinPlayerBuildProgram/Features/UnityEngine.ScriptingModule-FeaturesChecked.txt
[ 88/225    0s] ExtractUsedFeatures Library/Bee/artifacts/WinPlayerBuildProgram/Features/Unity.Scripting-FeaturesChecked.txt
[ 89/225    0s] ExtractUsedFeatures Library/Bee/artifacts/WinPlayerBuildProgram/Features/UnityEngine.PropertiesModule-FeaturesChecked.txt
[ 90/225    0s] ExtractUsedFeatures Library/Bee/artifacts/WinPlayerBuildProgram/Features/UnityEngine.TextCoreTextEngineModule-FeaturesChecked.txt
[ 91/225    0s] ExtractUsedFeatures Library/Bee/artifacts/WinPlayerBuildProgram/Features/UnityEngine.GridModule-FeaturesChecked.txt
[ 92/225    0s] ExtractUsedFeatures Library/Bee/artifacts/WinPlayerBuildProgram/Features/UnityEngine-FeaturesChecked.txt
[ 93/225    0s] ExtractUsedFeatures Library/Bee/artifacts/WinPlayerBuildProgram/Features/UnityEngine.AIModule-FeaturesChecked.txt
[ 94/225    0s] ExtractUsedFeatures Library/Bee/artifacts/WinPlayerBuildProgram/Features/UnityEngine.AudioModule-FeaturesChecked.txt
[ 95/225    0s] ExtractUsedFeatures Library/Bee/artifacts/WinPlayerBuildProgram/Features/UnityEngine.DirectorModule-FeaturesChecked.txt
[ 96/225    0s] ExtractUsedFeatures Library/Bee/artifacts/WinPlayerBuildProgram/Features/UnityEngine.ContentLoadModule-FeaturesChecked.txt
[ 97/225    0s] ExtractUsedFeatures Library/Bee/artifacts/WinPlayerBuildProgram/Features/UnityEngine.AssetBundleModule-FeaturesChecked.txt
[ 98/225    0s] ExtractUsedFeatures Library/Bee/artifacts/WinPlayerBuildProgram/Features/UnityEngine.AccessibilityModule-FeaturesChecked.txt
[ 99/225    0s] ExtractUsedFeatures Library/Bee/artifacts/WinPlayerBuildProgram/Features/UnityEngine.MarshallingModule-FeaturesChecked.txt
[100/225    0s] ExtractUsedFeatures Library/Bee/artifacts/WinPlayerBuildProgram/Features/UnityEngine.AdaptivePerformanceModule-FeaturesChecked.txt
[101/225    0s] ExtractUsedFeatures Library/Bee/artifacts/WinPlayerBuildProgram/Features/UnityEngine.CoreModule-FeaturesChecked.txt
[102/225    0s] ExtractUsedFeatures Library/Bee/artifacts/WinPlayerBuildProgram/Features/UnityEngine.VFXModule-FeaturesChecked.txt
[103/225    0s] ExtractUsedFeatures Library/Bee/artifacts/WinPlayerBuildProgram/Features/UnityEngine.PhysicsModule-FeaturesChecked.txt
[104/225    0s] ExtractUsedFeatures Library/Bee/artifacts/WinPlayerBuildProgram/Features/UnityEngine.XRModule-FeaturesChecked.txt
[105/225    0s] ExtractUsedFeatures Library/Bee/artifacts/WinPlayerBuildProgram/Features/UnityEngine.AndroidJNIModule-FeaturesChecked.txt
[106/225    0s] ExtractUsedFeatures Library/Bee/artifacts/WinPlayerBuildProgram/Features/Unity.Collections.LowLevel.ILSupport-FeaturesChecked.txt
[107/225    0s] ExtractUsedFeatures Library/Bee/artifacts/WinPlayerBuildProgram/Features/Yanagisawa.DataLayoutCalibrator.Benchmark-FeaturesChecked.txt
[108/225    0s] ExtractUsedFeatures Library/Bee/artifacts/WinPlayerBuildProgram/Features/UnityEngine.UnityAnalyticsCommonModule-FeaturesChecked.txt
[109/225    0s] CopyFiles D:/CodexWork/babel-dot-20260915/Artifacts/dot-20260915/player-02/DataLayoutCalibrator_BackUpThisFolder_ButDontShipItWithYourGame/Managed/UnityEngine.PhysicsModule.dll
[110/225    0s] CopyFiles D:/CodexWork/babel-dot-20260915/Artifacts/dot-20260915/player-02/DataLayoutCalibrator_BackUpThisFolder_ButDontShipItWithYourGame/Managed/Unity.Scripting.dll
[111/225    0s] CopyFiles D:/CodexWork/babel-dot-20260915/Artifacts/dot-20260915/player-02/DataLayoutCalibrator_BackUpThisFolder_ButDontShipItWithYourGame/Managed/Unity.Burst.dll
[112/225    0s] ExtractUsedFeatures Library/Bee/artifacts/WinPlayerBuildProgram/Features/Unity.Collections-FeaturesChecked.txt
[113/225    0s] CopyFiles D:/CodexWork/babel-dot-20260915/Artifacts/dot-20260915/player-02/DataLayoutCalibrator_BackUpThisFolder_ButDontShipItWithYourGame/Managed/UnityEngine.AssetBundleModule.dll
[114/225    0s] ExtractUsedFeatures Library/Bee/artifacts/WinPlayerBuildProgram/Features/Unity.Burst.Unsafe-FeaturesChecked.txt
[115/225    0s] ExtractUsedFeatures Library/Bee/artifacts/WinPlayerBuildProgram/Features/Yanagisawa.DataLayoutCalibrator.Samples.ExternalWorkloads-FeaturesChecked.txt
[116/225    0s] CopyFiles D:/CodexWork/babel-dot-20260915/Artifacts/dot-20260915/player-02/DataLayoutCalibrator_BackUpThisFolder_ButDontShipItWithYourGame/Managed/UnityEngine.SubsystemsModule.dll
[117/225    0s] ExtractUsedFeatures Library/Bee/artifacts/WinPlayerBuildProgram/Features/UnityEngine.AnimationModule-FeaturesChecked.txt
[118/225    0s] ExtractUsedFeatures Library/Bee/artifacts/WinPlayerBuildProgram/Features/UnityEngine.MathematicsModule-FeaturesChecked.txt
[119/225    0s] CopyFiles D:/CodexWork/babel-dot-20260915/Artifacts/dot-20260915/player-02/DataLayoutCalibrator_BackUpThisFolder_ButDontShipItWithYourGame/Managed/UnityEngine.GridModule.dll
[120/225    0s] CopyFiles D:/CodexWork/babel-dot-20260915/Artifacts/dot-20260915/player-02/DataLayoutCalibrator_BackUpThisFolder_ButDontShipItWithYourGame/Managed/System.Configuration.dll
[121/225    0s] CopyFiles D:/CodexWork/babel-dot-20260915/Artifacts/dot-20260915/player-02/DataLayoutCalibrator_BackUpThisFolder_ButDontShipItWithYourGame/Managed/UnityEngine.AudioModule.dll
[122/225    0s] CopyFiles D:/CodexWork/babel-dot-20260915/Artifacts/dot-20260915/player-02/DataLayoutCalibrator_BackUpThisFolder_ButDontShipItWithYourGame/Managed/UnityEngine.CoreModule.dll
[123/225    0s] ExtractUsedFeatures Library/Bee/artifacts/WinPlayerBuildProgram/Features/Yanagisawa.DataLayoutCalibrator.Samples.AdditionalWorkloads-FeaturesChecked.txt
[124/225    0s] CopyFiles D:/CodexWork/babel-dot-20260915/Artifacts/dot-20260915/player-02/DataLayoutCalibrator_BackUpThisFolder_ButDontShipItWithYourGame/Managed/UnityEngine.dll
[125/225    0s] CopyFiles D:/CodexWork/babel-dot-20260915/Artifacts/dot-20260915/player-02/DataLayoutCalibrator_BackUpThisFolder_ButDontShipItWithYourGame/Managed/UnityEngine.AccessibilityModule.dll
[126/225    0s] CopyFiles D:/CodexWork/babel-dot-20260915/Artifacts/dot-20260915/player-02/DataLayoutCalibrator_BackUpThisFolder_ButDontShipItWithYourGame/Managed/UnityEngine.SharedInternalsModule.dll
[127/225    0s] CopyFiles D:/CodexWork/babel-dot-20260915/Artifacts/dot-20260915/player-02/DataLayoutCalibrator_BackUpThisFolder_ButDontShipItWithYourGame/Managed/UnityEngine.IMGUIModule.dll
[128/225    0s] ExtractUsedFeatures Library/Bee/artifacts/WinPlayerBuildProgram/Features/Yanagisawa.DataLayoutCalibrator-FeaturesChecked.txt
[129/225    0s] CopyFiles D:/CodexWork/babel-dot-20260915/Artifacts/dot-20260915/player-02/DataLayoutCalibrator_BackUpThisFolder_ButDontShipItWithYourGame/Managed/System.Core.dll
[130/225    0s] CopyFiles D:/CodexWork/babel-dot-20260915/Artifacts/dot-20260915/player-02/DataLayoutCalibrator_BackUpThisFolder_ButDontShipItWithYourGame/Managed/analytics.json
[131/225    0s] CopyFiles D:/CodexWork/babel-dot-20260915/Artifacts/dot-20260915/player-02/DataLayoutCalibrator_BackUpThisFolder_ButDontShipItWithYourGame/Managed/UnityEngine.VFXModule.dll
[132/225    0s] ExtractUsedFeatures Library/Bee/artifacts/WinPlayerBuildProgram/Features/Yanagisawa.DataLayoutCalibrator.Samples.TransformExport-FeaturesChecked.txt
[133/225    0s] CopyFiles D:/CodexWork/babel-dot-20260915/Artifacts/dot-20260915/player-02/DataLayoutCalibrator_BackUpThisFolder_ButDontShipItWithYourGame/Managed/UnityEngine.ScriptingModule.dll
[134/225    0s] CopyFiles D:/CodexWork/babel-dot-20260915/Artifacts/dot-20260915/player-02/DataLayoutCalibrator_BackUpThisFolder_ButDontShipItWithYourGame/Managed/Unity.Burst.Unsafe.dll
[135/225    0s] ExtractUsedFeatures Library/Bee/artifacts/WinPlayerBuildProgram/Features/UnityEngine.UIElementsModule-FeaturesChecked.txt
[136/225    0s] CopyFiles D:/CodexWork/babel-dot-20260915/Artifacts/dot-20260915/player-02/DataLayoutCalibrator_BackUpThisFolder_ButDontShipItWithYourGame/Managed/Yanagisawa.DataLayoutCalibrator.Benchmark.dll
[137/225    0s] CopyFiles D:/CodexWork/babel-dot-20260915/Artifacts/dot-20260915/player-02/DataLayoutCalibrator_BackUpThisFolder_ButDontShipItWithYourGame/Managed/UnityEngine.ContentLoadModule.dll
[138/225    0s] CopyFiles D:/CodexWork/babel-dot-20260915/Artifacts/dot-20260915/player-02/DataLayoutCalibrator_BackUpThisFolder_ButDontShipItWithYourGame/Managed/Unity.Collections.dll
[139/225    0s] CopyFiles D:/CodexWork/babel-dot-20260915/Artifacts/dot-20260915/player-02/DataLayoutCalibrator_BackUpThisFolder_ButDontShipItWithYourGame/Managed/UnityEngine.TilemapModule.dll
[140/225    0s] CopyFiles D:/CodexWork/babel-dot-20260915/Artifacts/dot-20260915/player-02/DataLayoutCalibrator_BackUpThisFolder_ButDontShipItWithYourGame/Managed/UnityEngine.UIModule.dll
[141/225    0s] CopyFiles D:/CodexWork/babel-dot-20260915/Artifacts/dot-20260915/player-02/DataLayoutCalibrator_BackUpThisFolder_ButDontShipItWithYourGame/Managed/UnityEngine.UIElementsModule.dll
[142/225    0s] ExtractUsedFeatures Library/Bee/artifacts/WinPlayerBuildProgram/Features/Yanagisawa.DataLayoutCalibrator.Samples.ParticleIntegrate-FeaturesChecked.txt
[143/225    0s] CopyFiles D:/CodexWork/babel-dot-20260915/Artifacts/dot-20260915/player-02/DataLayoutCalibrator_BackUpThisFolder_ButDontShipItWithYourGame/Managed/UnityEngine.DirectorModule.dll
[144/225    0s] CopyFiles D:/CodexWork/babel-dot-20260915/Artifacts/dot-20260915/player-02/DataLayoutCalibrator_BackUpThisFolder_ButDontShipItWithYourGame/Managed/UnityEngine.TextRenderingModule.dll
[145/225    0s] CopyFiles D:/CodexWork/babel-dot-20260915/Artifacts/dot-20260915/player-02/DataLayoutCalibrator_BackUpThisFolder_ButDontShipItWithYourGame/Managed/UnityEngine.TextCoreFontEngineModule.dll
[146/225    0s] CopyFiles D:/CodexWork/babel-dot-20260915/Artifacts/dot-20260915/player-02/DataLayoutCalibrator_BackUpThisFolder_ButDontShipItWithYourGame/Managed/UnityLinkerToEditorData.json
[147/225    0s] CopyFiles D:/CodexWork/babel-dot-20260915/Artifacts/dot-20260915/player-02/DataLayoutCalibrator_BackUpThisFolder_ButDontShipItWithYourGame/Managed/UnityEngine.TerrainModule.dll
[148/225    0s] ExtractUsedFeatures Library/Bee/artifacts/WinPlayerBuildProgram/Features/UnityEngine.UIModule-FeaturesChecked.txt
[149/225    0s] CopyFiles D:/CodexWork/babel-dot-20260915/Artifacts/dot-20260915/player-02/DataLayoutCalibrator_BackUpThisFolder_ButDontShipItWithYourGame/Managed/Yanagisawa.DataLayoutCalibrator.Samples.TransformExport.dll
[150/225    0s] ExtractUsedFeatures Library/Bee/artifacts/WinPlayerBuildProgram/Features/UnityEngine.VideoModule-FeaturesChecked.txt
[151/225    0s] CopyFiles D:/CodexWork/babel-dot-20260915/Artifacts/dot-20260915/player-02/DataLayoutCalibrator_BackUpThisFolder_ButDontShipItWithYourGame/Managed/UnityEngine.PropertiesModule.dll
[152/225    0s] CopyFiles D:/CodexWork/babel-dot-20260915/Artifacts/dot-20260915/player-02/DataLayoutCalibrator_BackUpThisFolder_ButDontShipItWithYourGame/Managed/Yanagisawa.DataLayoutCalibrator.dll
[153/225    0s] CopyFiles D:/CodexWork/babel-dot-20260915/Artifacts/dot-20260915/player-02/DataLayoutCalibrator_BackUpThisFolder_ButDontShipItWithYourGame/Managed/System.Runtime.CompilerServices.Unsafe.dll
[154/225    0s] CopyFiles D:/CodexWork/babel-dot-20260915/Artifacts/dot-20260915/player-02/DataLayoutCalibrator_BackUpThisFolder_ButDontShipItWithYourGame/Managed/UnityEngine.TextCoreTextEngineModule.dll
[155/225    0s] CopyFiles D:/CodexWork/babel-dot-20260915/Artifacts/dot-20260915/player-02/DataLayoutCalibrator_BackUpThisFolder_ButDontShipItWithYourGame/Managed/UnityEngine.AIModule.dll
[156/225    0s] CopyFiles D:/CodexWork/babel-dot-20260915/Artifacts/dot-20260915/player-02/DataLayoutCalibrator_BackUpThisFolder_ButDontShipItWithYourGame/Managed/Unity.Collections.LowLevel.ILSupport.dll
[157/225    0s] ExtractUsedFeatures Library/Bee/artifacts/WinPlayerBuildProgram/Features/Mono.Security-FeaturesChecked.txt
[158/225    0s] ExtractUsedFeatures Library/Bee/artifacts/WinPlayerBuildProgram/Features/UnityEngine.SubsystemsModule-FeaturesChecked.txt
[159/225    0s] ExtractUsedFeatures Library/Bee/artifacts/WinPlayerBuildProgram/Features/System.Core-FeaturesChecked.txt
[160/225    0s] ExtractUsedFeatures Library/Bee/artifacts/WinPlayerBuildProgram/Features/UnityEngine.UnityAnalyticsModule-FeaturesChecked.txt
[161/225    0s] CopyFiles D:/CodexWork/babel-dot-20260915/Artifacts/dot-20260915/player-02/DataLayoutCalibrator_BackUpThisFolder_ButDontShipItWithYourGame/Managed/UnityEngine.JSONSerializeModule.dll
[162/225    0s] CopyFiles D:/CodexWork/babel-dot-20260915/Artifacts/dot-20260915/player-02/DataLayoutCalibrator_BackUpThisFolder_ButDontShipItWithYourGame/Managed/UnityEngine.VideoModule.dll
[163/225    0s] CopyFiles D:/CodexWork/babel-dot-20260915/Artifacts/dot-20260915/player-02/DataLayoutCalibrator_BackUpThisFolder_ButDontShipItWithYourGame/Managed/UnityEngine.ParticleSystemModule.dll
[164/225    0s] CopyFiles D:/CodexWork/babel-dot-20260915/Artifacts/dot-20260915/player-02/DataLayoutCalibrator_BackUpThisFolder_ButDontShipItWithYourGame/Managed/mscorlib.dll
[165/225    0s] CopyFiles D:/CodexWork/babel-dot-20260915/Artifacts/dot-20260915/player-02/DataLayoutCalibrator_BackUpThisFolder_ButDontShipItWithYourGame/Managed/Yanagisawa.DataLayoutCalibrator.Samples.ExternalWorkloads.dll
[166/225    0s] CopyFiles D:/CodexWork/babel-dot-20260915/Artifacts/dot-20260915/player-02/DataLayoutCalibrator_BackUpThisFolder_ButDontShipItWithYourGame/Managed/UnityEngine.InputLegacyModule.dll
[167/225    0s] CopyFiles D:/CodexWork/babel-dot-20260915/Artifacts/dot-20260915/player-02/DataLayoutCalibrator_BackUpThisFolder_ButDontShipItWithYourGame/Managed/UnityEngine.InputForUIModule.dll
[168/225    0s] CopyFiles D:/CodexWork/babel-dot-20260915/Artifacts/dot-20260915/player-02/DataLayoutCalibrator_BackUpThisFolder_ButDontShipItWithYourGame/Managed/Yanagisawa.DataLayoutCalibrator.Samples.AdditionalWorkloads.dll
[169/225    0s] CopyFiles D:/CodexWork/babel-dot-20260915/Artifacts/dot-20260915/player-02/DataLayoutCalibrator_BackUpThisFolder_ButDontShipItWithYourGame/Managed/UnityEngine.XRModule.dll
[170/225    0s] ExtractUsedFeatures Library/Bee/artifacts/WinPlayerBuildProgram/Features/System.Runtime.CompilerServices.Unsafe-FeaturesChecked.txt
[171/225    0s] CopyFiles D:/CodexWork/babel-dot-20260915/Artifacts/dot-20260915/player-02/DataLayoutCalibrator_BackUpThisFolder_ButDontShipItWithYourGame/Managed/Yanagisawa.DataLayoutCalibrator.Samples.ParticleIntegrate.dll
[172/225    0s] CopyFiles D:/CodexWork/babel-dot-20260915/Artifacts/dot-20260915/player-02/DataLayoutCalibrator_BackUpThisFolder_ButDontShipItWithYourGame/Managed/UnityEngine.InputModule.dll
[173/225    0s] CopyFiles D:/CodexWork/babel-dot-20260915/Artifacts/dot-20260915/player-02/DataLayoutCalibrator_BackUpThisFolder_ButDontShipItWithYourGame/Managed/UnityEngine.MathematicsModule.dll
[174/225    0s] CopyFiles D:/CodexWork/babel-dot-20260915/Artifacts/dot-20260915/player-02/DataLayoutCalibrator_BackUpThisFolde[W] FindFirstFile() failed: D:\CodexWork\babel-dot-20260915\BenchmarkProject\Library\Bee\artifacts\WinPlayerBuildProgram\il2cppOutput\cpp\Symbols
r_ButDontShipItWithYourGame/Managed/UnityEngine.UnityAnalyticsModule.dll
[175/225    0s] CopyFiles D:/CodexWork/babel-dot-20260915/Artifacts/dot-20260915/player-02/DataLayoutCalibrator_BackUpThisFolder_ButDontShipItWithYourGame/Managed/UnityEngine.UnityAnalyticsCommonModule.dll
[197/225    0s] CopyFiles D:/CodexWork/babel-dot-20260915/Artifacts/dot-20260915/player-02/DataLayoutCalibrator_BackUpThisFolder_ButDontShipItWithYourGame/Managed/Mono.Security.dll
[198/225    0s] CopyFiles D:/CodexWork/babel-dot-20260915/Artifacts/dot-20260915/player-02/DataLayoutCalibrator_BackUpThisFolder_ButDontShipItWithYourGame/Managed/UnityEngine.MarshallingModule.dll
[199/225    0s] CopyFiles D:/CodexWork/babel-dot-20260915/Artifacts/dot-20260915/player-02/DataLayoutCalibrator_BackUpThisFolder_ButDontShipItWithYourGame/Managed/UnityEngine.UnityWebRequestModule.dll
[200/225    0s] CopyFiles D:/CodexWork/babel-dot-20260915/Artifacts/dot-20260915/player-02/DataLayoutCalibrator_BackUpThisFolder_ButDontShipItWithYourGame/Managed/UnityEngine.AdaptivePerformanceModule.dll
[201/225    0s] CopyFiles D:/CodexWork/babel-dot-20260915/Artifacts/dot-20260915/player-02/DataLayoutCalibrator_BackUpThisFolder_ButDontShipItWithYourGame/Managed/UnityEngine.UnityConsentModule.dll
[202/225    0s] ExtractUsedFeatures Library/Bee/artifacts/WinPlayerBuildProgram/Features/UnityEngine.UnityConsentModule-FeaturesChecked.txt
[203/225    0s] CopyFiles D:/CodexWork/babel-dot-20260915/Artifacts/dot-20260915/player-02/DataLayoutCalibrator_BackUpThisFolder_ButDontShipItWithYourGame/Managed/UnityEngine.AnimationModule.dll
[204/225    0s] CopyFiles D:/CodexWork/babel-dot-20260915/Artifacts/dot-20260915/player-02/DataLayoutCalibrator_BackUpThisFolder_ButDontShipItWithYourGame/Managed/UnityEngine.AndroidJNIModule.dll
[205/225    0s] CopyFiles D:/CodexWork/babel-dot-20260915/Artifacts/dot-20260915/player-02/DataLayoutCalibrator_BackUpThisFolder_ButDontShipItWithYourGame/Managed/System.dll
[206/225    0s] CopyFiles D:/CodexWork/babel-dot-20260915/Artifacts/dot-20260915/player-02/DataLayoutCalibrator_BackUpThisFolder_ButDontShipItWithYourGame/Managed/System.Xml.dll
[207/225    0s] CopyFiles D:/CodexWork/babel-dot-20260915/Artifacts/dot-20260915/player-02/DataLayoutCalibrator_BackUpThisFolder_ButDontShipItWithYourGame/Managed/UnityEngine.Physics2DModule.dll
[208/225    0s] CopyFiles D:/CodexWork/babel-dot-20260915/Artifacts/dot-20260915/player-02/DataLayoutCalibrator_BackUpThisFolder_ButDontShipItWithYourGame/Managed/UnityEngine.HierarchyCoreModule.dll
[209/225    0s] CopyFiles D:/CodexWork/babel-dot-20260915/Artifacts/dot-20260915/player-02/DataLayoutCalibrator_BackUpThisFolder_ButDontShipItWithYourGame/Managed/UnityEngine.PhysicsCore2DModule.dll
[210/225    0s] ExtractUsedFeatures Library/Bee/artifacts/WinPlayerBuildProgram/Features/System-FeaturesChecked.txt
[           0s] ComputeLeafInputSignature CopyFiles Library/Bee/artifacts/WinPlayerBuildProgram/owmfp/il2cpp.lib [pending dependencies]
[212/226    0s] ExtractUsedFeatures Library/Bee/artifacts/WinPlayerBuildProgram/Features/UnityEngine.UnityWebRequestModule-FeaturesChecked.txt
[213/226    0s] ExtractUsedFeatures Library/Bee/artifacts/WinPlayerBuildProgram/Features/UnityEngine.TilemapModule-FeaturesChecked.txt
[           0s] ComputeLeafInputSignature CopyFiles Library/Bee/artifacts/WinPlayerBuildProgram/owmfp/il2cpp.lib [success 6f1598ff2f83374f3c585cae293d9a01]
[215/226    0s] ExtractUsedFeatures Library/Bee/artifacts/WinPlayerBuildProgram/Features/System.Configuration-FeaturesChecked.txt
[216/226    0s] ExtractUsedFeatures Library/Bee/artifacts/WinPlayerBuildProgram/Features/mscorlib-FeaturesChecked.txt
[217/226    2s] IL2CPP_CodeGen D:/CodexWork/babel-dot-20260915/BenchmarkProject/Library/Bee/artifacts/il2cpp_conv_0ar3.traceevents
D:\CodexWork\babel-dot-20260915\Artifacts\dot-20260915\unity\Editor\Data\il2cpp\build\deploy\il2cpp.exe @Library\Bee\artifacts\rsp\18385588451743055167.rsp
*** Tundra requires additional run (2.31 seconds), 184 items updated, 226 evaluated
*** Additional run caused by: timestamp change of Library/Bee/artifacts/WinPlayerBuildProgram/Features/System-FeaturesChecked.txt
Starting: D:\CodexWork\babel-dot-20260915\Artifacts\dot-20260915\unity\Editor\Data\netcorerun\netcorerun.exe "D:\CodexWork\babel-dot-20260915\Artifacts\dot-20260915\unity\Editor\Data\PlaybackEngines\WindowsStandaloneSupport\WinPlayerBuildProgram.exe" "D:/CodexWork/babel-dot-20260915/Artifacts/dot-20260915/unity/Editor/Data/PlaybackEngines/WindowsStandaloneSupport/Bee;D:/CodexWork/babel-dot-20260915/Artifacts/dot-20260915/unity/Editor/Data/Tools/BuildPipeline" "Library/Bee/Player2e13a341.dag.json" "Library/Bee/Player2e13a341-inputdata.json" "Library\Bee\buildprogram2.traceevents"
WorkingDir: D:/CodexWork/babel-dot-20260915/BenchmarkProject
ExitCode: 4 Duration: 2s334ms
ExitCode: 0 Duration: 0s569ms
Starting: D:\CodexWork\babel-dot-20260915\Artifacts\dot-20260915\unity\Editor\Data\Tools\BuildPipeline\bee_backend.exe --ipc --dagfile="Library/Bee/Player2e13a341.dag" --dagfilejson="Library\Bee\Player2e13a341.dag.json" --profile="Library/Bee/backend4.traceevents" Player
WorkingDir: D:/CodexWork/babel-dot-20260915/BenchmarkProject
Finished compiling graph: 867 nodes, 2530 flattened edges (2526 ToBuild, 6 ToUse), maximum node priority 2147483647
[ 91/674    0s] WriteResponseFile Library/Bee/artifacts/rsp/5218002888926973361.rsp
[ 92/674    0s] WriteText Library/Bee/artifacts/WinPlayerBuildProgram/cmv89/pch-c-4438048809901950381.cpp
[           0s] ComputeLeafInputSignature CopyFiles Library/Bee/artifacts/WinPlayerBuildProgram/owmfp/il2cpp.lib [pending dependencies]
[219/675    0s] C_Win_x64_VS2022_VB_MTPch Library/Bee/artifacts/WinPlayerBuildProgram/cmv89/pch-c-4438048809901950381.pch (+obj)
'DOSKEY' is not recognized as an internal or external command,
operable program or batch file.
pch-c-4438048809901950381.cpp
[220/675    0s] C_Win_x64_VS2022_VB_MT Library/Bee/artifacts/WinPlayerBuildProgram/cmv89/ll2tjwstp9u2.obj
'DOSKEY' is not recognized as an internal or external command,
operable program or batch file.
UnityEngine.AssetBundleModule.cpp
[221/675    0s] C_Win_x64_VS2022_VB_MT Library/Bee/artifacts/WinPlayerBuildProgram/cmv89/mi9uo069bg8z.obj
'DOSKEY' is not recognized as an internal or external command,
operable program or batch file.
UnityEngine.ScriptingModule.cpp
[222/675    0s] C_Win_x64_VS2022_VB_MT Library/Bee/artifacts/WinPlayerBuildProgram/cmv89/2y1jve1kadi9.obj
'DOSKEY' is not recognized as an internal or external command,
operable program or batch file.
System.Runtime.CompilerServices.Unsafe.cpp
[223/675    0s] C_Win_x64_VS2022_VB_MT Library/Bee/artifacts/WinPlayerBuildProgram/cmv89/6qkdbagbo1kh.obj
'DOSKEY' is not recognized as an internal or external command,
operable program or batch file.
UnityEngine.VideoModule.cpp
[224/675    0s] C_Win_x64_VS2022_VB_MT Library/Bee/artifacts/WinPlayerBuildProgram/cmv89/m93zjqc6ux8d.obj
'DOSKEY' is not recognized as an internal or external command,
operable program or batch file.
UnityEngine.InputLegacyModule.cpp
[225/675    0s] C_Win_x64_VS2022_VB_MT Library/Bee/artifacts/WinPlayerBuildProgram/cmv89/bc4cb1kqxvur.obj
'DOSKEY' is not recognized as an internal or external command,
operable program or batch file.
UnityEngine.DirectorModule.cpp
[226/675    0s] C_Win_x64_VS2022_VB_MT Library/Bee/artifacts/WinPlayerBuildProgram/cmv89/ay33vbakksa0.obj
'DOSKEY' is not recognized as an internal or external command,
operable program or batch file.
UnityEngine.CoreModule__2.cpp
[227/675    0s] C_Win_x64_VS2022_VB_MT Library/Bee/artifacts/WinPlayerBuildProgram/cmv89/vkrev5zf14eu.obj
'DOSKEY' is not recognized as an internal or external command,
operable program or batch file.
Generics__29.cpp
[228/675    0s] C_Win_x64_VS2022_VB_MT Library/Bee/artifacts/WinPlayerBuildProgram/cmv89/a39c96w7sh1h.obj
'DOSKEY' is not recognized as an internal or external command,
operable program or batch file.
Yanagisawa.DataLayoutCalibrator.Samples.AdditionalWorkloads_CodeGen.c
[229/675    0s] C_Win_x64_VS2022_VB_MT Library/Bee/artifacts/WinPlayerBuildProgram/cmv89/sl0e4xds98vx.obj
'DOSKEY' is not recognized as an internal or external command,
operable program or batch file.
Unity.Scripting.cpp
[230/675    0s] C_Win_x64_VS2022_VB_MT Library/Bee/artifacts/WinPlayerBuildProgram/cmv89/2fev6qtkgqzg.obj
'DOSKEY' is not recognized as an internal or external command,
operable program or batch file.
Unity.Collections_CodeGen.c
[231/675    0s] C_Win_x64_VS2022_VB_MT Library/Bee/artifacts/WinPlayerBuildProgram/cmv89/mrg5btop0k01.obj
'DOSKEY' is not recognized as an internal or external command,
operable program or batch file.
UnityEngine.CoreModule_CodeGen.c
[232/675    0s] C_Win_x64_VS2022_VB_MT Library/Bee/artifacts/WinPlayerBuildProgram/cmv89/eeddvd0fnvkf.obj
'DOSKEY' is not recognized as an internal or external command,
operable program or batch file.
UnityEngine.VideoModule_CodeGen.c
[233/675    0s] C_Win_x64_VS2022_VB_MT Library/Bee/artifacts/WinPlayerBuildProgram/cmv89/amntiwp0apzj.obj
'DOSKEY' is not recognized as an internal or external command,
operable program or batch file.
UnityEngine.IMGUIModule_CodeGen.c
[234/675    0s] C_Win_x64_VS2022_VB_MT Library/Bee/artifacts/WinPlayerBuildProgram/cmv89/ht2jd1q311y3.obj
'DOSKEY' is not recognized as an internal or external command,
operable program or batch file.
UnityEngine.AdaptivePerformanceModule_CodeGen.c
[235/675    1s] C_Win_x64_VS2022_VB_MT Library/Bee/artifacts/WinPlayerBuildProgram/cmv89/5zqhh4ma4c24.obj
'DOSKEY' is not recognized as an internal or external command,
operable program or batch file.
mscorlib__8.cpp
[236/675    1s] C_Win_x64_VS2022_VB_MT Library/Bee/artifacts/WinPlayerBuildProgram/cmv89/3ws6va751qpc.obj
'DOSKEY' is not recognized as an internal or external command,
operable program or batch file.
mscorlib__17.cpp
[237/675    0s] C_Win_x64_VS2022_VB_MT Library/Bee/artifacts/WinPlayerBuildProgram/cmv89/mnuoyhstxlxs.obj
'DOSKEY' is not recognized as an internal or external command,
operable program or batch file.
UnityEngine.ScriptingModule_CodeGen.c
[238/675    0s] C_Win_x64_VS2022_VB_MT Library/Bee/artifacts/WinPlayerBuildProgram/cmv89/4x51uej3w8zq.obj
'DOSKEY' is not recognized as an internal or external command,
operable program or batch file.
UnityEngine.SharedInternalsModule_CodeGen.c
[239/675    1s] C_Win_x64_VS2022_VB_MT Library/Bee/artifacts/WinPlayerBuildProgram/cmv89/1ls0u2fsgy0x.obj
'DOSKEY' is not recognized as an internal or external command,
operable program or batch file.
Generics__23.cpp
[240/675    0s] C_Win_x64_VS2022_VB_MT Library/Bee/artifacts/WinPlayerBuildProgram/cmv89/shswepmuz61y.obj
'DOSKEY' is not recognized as an internal or external command,
operable program or batch file.
UnityEngine.TextCoreFontEngineModule_CodeGen.c
[241/675    0s] C_Win_x64_VS2022_VB_MT Library/Bee/artifacts/WinPlayerBuildProgram/cmv89/5capc8haq9ue.obj
'DOSKEY' is not recognized as an internal or external command,
operable program or batch file.
UnityEngine.GridModule_CodeGen.c
[242/675    0s] C_Win_x64_VS2022_VB_MT Library/Bee/artifacts/WinPlayerBuildProgram/cmv89/mnrhbk0hgejl.obj
'DOSKEY' is not recognized as an internal or external command,
operable program or batch file.
System.Runtime.CompilerServices.Unsafe_CodeGen.c
[243/675    0s] C_Win_x64_VS2022_VB_MT Library/Bee/artifacts/WinPlayerBuildProgram/cmv89/jz7og31yudb7.obj
'DOSKEY' is not recognized as an internal or external command,
operable program or batch file.
UnityEngine.HierarchyCoreModule_CodeGen.c
[244/675    0s] C_Win_x64_VS2022_VB_MT Library/Bee/artifacts/WinPlayerBuildProgram/cmv89/r9ni84e8jgzu.obj
'DOSKEY' is not recognized as an internal or external command,
operable program or batch file.
UnityEngine.AnimationModule_CodeGen.c
[245/675    0s] C_Win_x64_VS2022_VB_MT Library/Bee/artifacts/WinPlayerBuildProgram/cmv89/a9m8cgqlq3td.obj
'DOSKEY' is not recognized as an internal or external command,
operable program or batch file.
UnityEngine.UIElementsModule_CodeGen.c
[246/675    0s] C_Win_x64_VS2022_VB_MT Library/Bee/artifacts/WinPlayerBuildProgram/cmv89/p53f0sgpqd07.obj
'DOSKEY' is not recognized as an internal or external command,
operable program or batch file.
UnityEngine.AssetBundleModule_CodeGen.c
[247/675    1s] C_Win_x64_VS2022_VB_MT Library/Bee/artifacts/WinPlayerBuildProgram/cmv89/2sl776cedrcq.obj
'DOSKEY' is not recognized as an internal or external command,
operable program or batch file.
Generics__31.cpp
[248/675    0s] C_Win_x64_VS2022_VB_MT Library/Bee/artifacts/WinPlayerBuildProgram/cmv89/vqu2l64rgjya.obj
'DOSKEY' is not recognized as an internal or external command,
operable program or batch file.
UnityEngine.SubsystemsModule_CodeGen.c
[249/675    0s] C_Win_x64_VS2022_VB_MT Library/Bee/artifacts/WinPlayerBuildProgram/cmv89/ghnf5kqe71bu.obj
'DOSKEY' is not recognized as an internal or external command,
operable program or batch file.
Yanagisawa.DataLayoutCalibrator_CodeGen.c
[250/675    0s] C_Win_x64_VS2022_VB_MT Library/Bee/artifacts/WinPlayerBuildProgram/cmv89/m4vxrjdh05iv.obj
'DOSKEY' is not recognized as an internal or external command,
operable program or batch file.
Il2CppGenericMethodTable.c
[251/675    0s] C_Win_x64_VS2022_VB_MT Library/Bee/artifacts/WinPlayerBuildProgram/cmv89/k5eyt3ddqwog.obj
'DOSKEY' is not recognized as an internal or external command,
operable program or batch file.
Il2CppMetadataRegistration.c
[252/675    0s] C_Win_x64_VS2022_VB_MT Library/Bee/artifacts/WinPlayerBuildProgram/cmv89/wigwkf7wxraf.obj
'DOSKEY' is not recognized as an internal or external command,
operable program or batch file.
UnityEngine.ParticleSystemModule_CodeGen.c
[253/675    1s] C_Win_x64_VS2022_VB_MT Library/Bee/artifacts/WinPlayerBuildProgram/cmv89/972k0clj6dd5.obj
'DOSKEY' is not recognized as an internal or external command,
operable program or batch file.
Unity.Burst.cpp
[254/675    1s] C_Win_x64_VS2022_VB_MT Library/Bee/artifacts/WinPlayerBuildProgram/cmv89/4e253g1ima9q.obj
'DOSKEY' is not recognized as an internal or external command,
operable program or batch file.
GenericMethods__9.cpp
[255/675    0s] C_Win_x64_VS2022_VB_MT Library/Bee/artifacts/WinPlayerBuildProgram/cmv89/xnt2udplwp22.obj
'DOSKEY' is not recognized as an internal or external command,
operable program or batch file.
UnityEngine.XRModule_CodeGen.c
[256/675    0s] C_Win_x64_VS2022_VB_MT Library/Bee/artifacts/WinPlayerBuildProgram/cmv89/7yjotesrb93w.obj
'DOSKEY' is not recognized as an internal or external command,
operable program or batch file.
UnityEngine.PhysicsCore2DModule_CodeGen.c
[257/675    0s] C_Win_x64_VS2022_VB_MT Library/Bee/artifacts/WinPlayerBuildProgram/cmv89/oe6jcwpp1j3r.obj
'DOSKEY' is not recognized as an internal or external command,
operable program or batch file.
UnityEngine.TerrainModule_CodeGen.c
[258/675    0s] C_Win_x64_VS2022_VB_MT Library/Bee/artifacts/WinPlayerBuildProgram/cmv89/e9yjm3ysth3t.obj
'DOSKEY' is not recognized as an internal or external command,
operable program or batch file.
UnityEngine.PhysicsModule_CodeGen.c
[259/675    0s] C_Win_x64_VS2022_VB_MT Library/Bee/artifacts/WinPlayerBuildProgram/cmv89/md5phnf8ytvl.obj
'DOSKEY' is not recognized as an internal or external command,
operable program or batch file.
UnityEngine.TextRenderingModule_CodeGen.c
[260/675    0s] C_Win_x64_VS2022_VB_MT Library/Bee/artifacts/WinPlayerBuildProgram/cmv89/04d5xofr1iof.obj
'DOSKEY' is not recognized as an internal or external command,
operable program or batch file.
UnityEngine.Physics2DModule_CodeGen.c
[261/675    0s] C_Win_x64_VS2022_VB_MT Library/Bee/artifacts/WinPlayerBuildProgram/cmv89/5ts8mi7rqhuj.obj
'DOSKEY' is not recognized as an internal or external command,
operable program or batch file.
Unity.Burst_CodeGen.c
[262/675    0s] C_Win_x64_VS2022_VB_MT Library/Bee/artifacts/WinPlayerBuildProgram/cmv89/b3cnp5add79g.obj
'DOSKEY' is not recognized as an internal or external command,
operable program or batch file.
System.Configuration_CodeGen.c
[263/675    0s] C_Win_x64_VS2022_VB_MT Library/Bee/artifacts/WinPlayerBuildProgram/cmv89/3dpj23zrosxt.obj
'DOSKEY' is not recognized as an internal or external command,
operable program or batch file.
Il2CppGenericClassTable.c
[264/675    0s] C_Win_x64_VS2022_VB_MT Library/Bee/artifacts/WinPlayerBuildProgram/cmv89/7m5v4ps0pyhj.obj
'DOSKEY' is not recognized as an internal or external command,
operable program or batch file.
Il2CppGenericInstDefinitions.c
[265/675    0s] C_Win_x64_VS2022_VB_MT Library/Bee/artifacts/WinPlayerBuildProgram/cmv89/msna634fum20.obj
'DOSKEY' is not recognized as an internal or external command,
operable program or batch file.
UnityEngine.InputForUIModule_CodeGen.c
[266/675    0s] C_Win_x64_VS2022_VB_MT Library/Bee/artifacts/WinPlayerBuildProgram/cmv89/2j3rp1113mud.obj
'DOSKEY' is not recognized as an internal or external command,
operable program or batch file.
Il2CppCCFieldValuesTable.c
[267/675    0s] C_Win_x64_VS2022_VB_MT Library/Bee/artifacts/WinPlayerBuildProgram/cmv89/8nmf3mk5bbvi.obj
'DOSKEY' is not recognized as an internal or external command,
operable program or batch file.
Il2CppGenericMethodDefinitions.c
[268/675    0s] C_Win_x64_VS2022_VB_MT Library/Bee/artifacts/WinPlayerBuildProgram/cmv89/ju2zhup2xu44.obj
'DOSKEY' is not recognized as an internal or external command,
operable program or batch file.
UnityEngine.AIModule_CodeGen.c
[269/675    0s] C_Win_x64_VS2022_VB_MT Library/Bee/artifacts/WinPlayerBuildProgram/cmv89/6qdo61wx3llu.obj
'DOSKEY' is not recognized as an internal or external command,
operable program or batch file.
Yanagisawa.DataLayoutCalibrator.Samples.ExternalWorkloads_CodeGen.c
[270/675    1s] C_Win_x64_VS2022_VB_MT Library/Bee/artifacts/WinPlayerBuildProgram/cmv89/4a7wk4amfa5s.obj
'DOSKEY' is not recognized as an internal or external command,
operable program or batch file.
mscorlib__10.cpp
[271/675    1s] C_Win_x64_VS2022_VB_MT Library/Bee/artifacts/WinPlayerBuildProgram/cmv89/ngof412r8sp4.obj
'DOSKEY' is not recognized as an internal or external command,
operable program or batch file.
GenericMethods.cpp
[272/675    0s] C_Win_x64_VS2022_VB_MT Library/Bee/artifacts/WinPlayerBuildProgram/cmv89/56huqpv5nxmd.obj
'DOSKEY' is not recognized as an internal or external command,
operable program or batch file.
Mono.Security_CodeGen.c
[273/675    0s] C_Win_x64_VS2022_VB_MT Library/Bee/artifacts/WinPlayerBuildProgram/cmv89/d12unzx2f6js.obj
'DOSKEY' is not recognized as an internal or external command,
operable program or batch file.
Yanagisawa.DataLayoutCalibrator.Samples.TransformExport_CodeGen.c
[274/675    0s] C_Win_x64_VS2022_VB_MT Library/Bee/artifacts/WinPlayerBuildProgram/cmv89/kfikp7on5603.obj
'DOSKEY' is not recognized as an internal or external command,
operable program or batch file.
Il2CppCCTypeValuesTable.c
[275/675    0s] C_Win_x64_VS2022_VB_MT Library/Bee/artifacts/WinPlayerBuildProgram/cmv89/kaupwejaln0a.obj
'DOSKEY' is not recognized as an internal or external command,
operable program or batch file.
Yanagisawa.DataLayoutCalibrator.Samples.ParticleIntegrate_CodeGen.c
[276/675    0s] C_Win_x64_VS2022_VB_MT Library/Bee/artifacts/WinPlayerBuildProgram/cmv89/vwgbszk50rft.obj
'DOSKEY' is not recognized as an internal or external command,
operable program or batch file.
UnityEngine.DirectorModule_CodeGen.c
[277/675    0s] C_Win_x64_VS2022_VB_MT Library/Bee/artifacts/WinPlayerBuildProgram/cmv89/aly5weudmgdq.obj
'DOSKEY' is not recognized as an internal or external command,
operable program or batch file.
UnityEngine.InputLegacyModule_CodeGen.c
[278/675    0s] C_Win_x64_VS2022_VB_MT Library/Bee/artifacts/WinPlayerBuildProgram/cmv89/vu8mmlv4g6hc.obj
'DOSKEY' is not recognized as an internal or external command,
operable program or batch file.
UnityEngine.UIModule_CodeGen.c
[279/675    0s] C_Win_x64_VS2022_VB_MT Library/Bee/artifacts/WinPlayerBuildProgram/cmv89/xigzecab7b52.obj
'DOSKEY' is not recognized as an internal or external command,
operable program or batch file.
UnityEngine.AndroidJNIModule_CodeGen.c
[280/675    0s] C_Win_x64_VS2022_VB_MT Library/Bee/artifacts/WinPlayerBuildProgram/cmv89/fnu16v7vnzcw.obj
'DOSKEY' is not recognized as an internal or external command,
operable program or batch file.
UnityEngine.UnityWebRequestModule_CodeGen.c
[281/675    0s] C_Win_x64_VS2022_VB_MT Library/Bee/artifacts/WinPlayerBuildProgram/cmv89/do8y6pegdv1f.obj
'DOSKEY' is not recognized as an internal or external command,
operable program or batch file.
UnityEngine_CodeGen.c
[282/675    0s] C_Win_x64_VS2022_VB_MT Library/Bee/artifacts/WinPlayerBuildProgram/cmv89/v4m0nd0nk2ep.obj
'DOSKEY' is not recognized as an internal or external command,
operable program or batch file.
UnityEngine.UnityAnalyticsCommonModule_CodeGen.c
[283/675    0s] C_Win_x64_VS2022_VB_MT Library/Bee/artifacts/WinPlayerBuildProgram/cmv89/fx1bbatqkhoz.obj
'DOSKEY' is not recognized as an internal or external command,
operable program or batch file.
UnityEngine.JSONSerializeModule_CodeGen.c
[284/675    0s] C_Win_x64_VS2022_VB_MT Library/Bee/artifacts/WinPlayerBuildProgram/cmv89/xlm9rgl5xa5j.obj
'DOSKEY' is not recognized as an internal or external command,
operable program or batch file.
UnityEngine.InputModule_CodeGen.c
[285/675    0s] C_Win_x64_VS2022_VB_MT Library/Bee/artifacts/WinPlayerBuildProgram/cmv89/obgi1jt73cxw.obj
'DOSKEY' is not recognized as an internal or external command,
operable program or batch file.
UnityEngine.UnityAnalyticsModule_CodeGen.c
[286/675    0s] C_Win_x64_VS2022_VB_MT Library/Bee/artifacts/WinPlayerBuildProgram/cmv89/yi3z5hsz6zpx.obj
'DOSKEY' is not recognized as an internal or external command,
operable program or batch file.
UnityEngine.ContentLoadModule_CodeGen.c
[287/675    0s] C_Win_x64_VS2022_VB_MT Library/Bee/artifacts/WinPlayerBuildProgram/cmv89/ocinqeefjkhx.obj
'DOSKEY' is not recognized as an internal or external command,
operable program or batch file.
System.Xml_CodeGen.c
[288/675    0s] C_Win_x64_VS2022_VB_MT Library/Bee/artifacts/WinPlayerBuildProgram/cmv89/bbc7yw94wks0.obj
'DOSKEY' is not recognized as an internal or external command,
operable program or batch file.
Il2CppGenericAdjustorThunkTable.c
[289/675    0s] C_Win_x64_VS2022_VB_MT Library/Bee/artifacts/WinPlayerBuildProgram/cmv89/9rsrlgm5nc85.obj
'DOSKEY' is not recognized as an internal or external command,
operable program or batch file.
UnityEngine.AccessibilityModule_CodeGen.c
[290/675    0s] C_Win_x64_VS2022_VB_MT Library/Bee/artifacts/WinPlayerBuildProgram/cmv89/ry0msnsjm6dx.obj
'DOSKEY' is not recognized as an internal or external command,
operable program or batch file.
UnityEngine.VFXModule_CodeGen.c
[291/675    0s] C_Win_x64_VS2022_VB_MT Library/Bee/artifacts/WinPlayerBuildProgram/cmv89/itxxbkjnlqsu.obj
'DOSKEY' is not recognized as an internal or external command,
operable program or batch file.
UnityEngine.PropertiesModule_CodeGen.c
[292/675    0s] C_Win_x64_VS2022_VB_MT Library/Bee/artifacts/WinPlayerBuildProgram/cmv89/czjvbfawxpq9.obj
'DOSKEY' is not recognized as an internal or external command,
operable program or batch file.
UnityEngine.UnityConsentModule_CodeGen.c
[293/675    0s] C_Win_x64_VS2022_VB_MT Library/Bee/artifacts/WinPlayerBuildProgram/cmv89/tegxebv60k6t.obj
'DOSKEY' is not recognized as an internal or external command,
operable program or batch file.
__Generated_CodeGen.c
[294/675    0s] C_Win_x64_VS2022_VB_MT Library/Bee/artifacts/WinPlayerBuildProgram/cmv89/7xpb9asbfe43.obj
'DOSKEY' is not recognized as an internal or external command,
operable program or batch file.
UnityEngine.MarshallingModule_CodeGen.c
[295/675    0s] C_Win_x64_VS2022_VB_MT Library/Bee/artifacts/WinPlayerBuildProgram/cmv89/8kj3ooqz2abv.obj
'DOSKEY' is not recognized as an internal or external command,
operable program or batch file.
Il2CppRgctxTable.c
[296/675    0s] C_Win_x64_VS2022_VB_MT Library/Bee/artifacts/WinPlayerBuildProgram/cmv89/0v8xx9jcx95i.obj
'DOSKEY' is not recognized as an internal or external command,
operable program or batch file.
Il2CppMetadataUsage.c
[297/675    0s] C_Win_x64_VS2022_VB_MT Library/Bee/artifacts/WinPlayerBuildProgram/cmv89/s9fkme1z2a1o.obj
'DOSKEY' is not recognized as an internal or external command,
operable program or batch file.
Unity.Collections.LowLevel.ILSupport_CodeGen.c
[298/675    0s] C_Win_x64_VS2022_VB_MT Library/Bee/artifacts/WinPlayerBuildProgram/cmv89/19a7ehkk7su4.obj
'DOSKEY' is not recognized as an internal or external command,
operable program or batch file.
UnityEngine.TilemapModule_CodeGen.c
[299/675    0s] C_Win_x64_VS2022_VB_MT Library/Bee/artifacts/WinPlayerBuildProgram/cmv89/901zzrx0gtze.obj
'DOSKEY' is not recognized as an internal or external command,
operable program or batch file.
Unity.Burst.Unsafe_CodeGen.c
[300/675    0s] C_Win_x64_VS2022_VB_MT Library/Bee/artifacts/WinPlayerBuildProgram/cmv89/kwd6wja7x9x1.obj
'DOSKEY' is not recognized as an internal or external command,
operable program or batch file.
System.Core_CodeGen.c
[301/675    0s] C_Win_x64_VS2022_VB_MT Library/Bee/artifacts/WinPlayerBuildProgram/cmv89/61w5z8vy1h1m.obj
'DOSKEY' is not recognized as an internal or external command,
operable program or batch file.
UnityEngine.TextCoreTextEngineModule_CodeGen.c
[302/675    0s] C_Win_x64_VS2022_VB_MT Library/Bee/artifacts/WinPlayerBuildProgram/cmv89/hti1enx24vfu.obj
'DOSKEY' is not recognized as an internal or external command,
operable program or batch file.
mscorlib_CodeGen.c
[303/675    0s] C_Win_x64_VS2022_VB_MT Library/Bee/artifacts/WinPlayerBuildProgram/cmv89/jr5p58auwqoa.obj
'DOSKEY' is not recognized as an internal or external command,
operable program or batch file.
System_CodeGen.c
[304/675    0s] C_Win_x64_VS2022_VB_MT Library/Bee/artifacts/WinPlayerBuildProgram/cmv89/l37ys869ayao.obj
'DOSKEY' is not recognized as an internal or external command,
operable program or batch file.
UnityEngine.MathematicsModule_CodeGen.c
[305/675    0s] C_Win_x64_VS2022_VB_MT Library/Bee/artifacts/WinPlayerBuildProgram/cmv89/dldn8n33kq2q.obj
'DOSKEY' is not recognized as an internal or external command,
operable program or batch file.
UnityEngine.AudioModule_CodeGen.c
[306/675    0s] C_Win_x64_VS2022_VB_MT Library/Bee/artifacts/WinPlayerBuildProgram/cmv89/pm83kgxg1vne.obj
'DOSKEY' is not recognized as an internal or external command,
operable program or batch file.
Il2CppReversePInvokeWrapperTable.cpp
[307/675    0s] C_Win_x64_VS2022_VB_MT Library/Bee/artifacts/WinPlayerBuildProgram/cmv89/cmjyj2m82wui.obj
'DOSKEY' is not recognized as an internal or external command,
operable program or batch file.
Unity.Scripting_CodeGen.c
[308/675    0s] C_Win_x64_VS2022_VB_MT Library/Bee/artifacts/WinPlayerBuildProgram/cmv89/n3h9xkby7i7q.obj
'DOSKEY' is not recognized as an internal or external command,
operable program or batch file.
Yanagisawa.DataLayoutCalibrator.Benchmark_CodeGen.c
[309/675    0s] C_Win_x64_VS2022_VB_MT Library/Bee/artifacts/WinPlayerBuildProgram/cmv89/mzovovcl18b4.obj
'DOSKEY' is not recognized as an internal or external command,
operable program or batch file.
Unity.Collections__2.cpp
[310/675    0s] C_Win_x64_VS2022_VB_MT Library/Bee/artifacts/WinPlayerBuildProgram/cmv89/vikdv7bop81m.obj
'DOSKEY' is not recognized as an internal or external command,
operable program or batch file.
Il2CppGenericMethodPointerTable.c
[311/675    0s] C_Win_x64_VS2022_VB_MT Library/Bee/artifacts/WinPlayerBuildProgram/cmv89/rwum7e02yywq.obj
'DOSKEY' is not recognized as an internal or external command,
operable program or batch file.
UnityEngine.MarshallingModule.cpp
[312/675    0s] C_Win_x64_VS2022_VB_MT Library/Bee/artifacts/WinPlayerBuildProgram/cmv89/199sqtxq9uoc.obj
'DOSKEY' is not recognized as an internal or external command,
operable program or batch file.
UnityEngine.cpp
[313/675    0s] C_Win_x64_VS2022_VB_MT Library/Bee/artifacts/WinPlayerBuildProgram/cmv89/6j2loj9ue8e6.obj
'DOSKEY' is not recognized as an internal or external command,
operable program or batch file.
UnityEngine.TextRenderingModule.cpp
[314/675    0s] C_Win_x64_VS2022_VB_MT Library/Bee/artifacts/WinPlayerBuildProgram/cmv89/zh0hkunmchku.obj
'DOSKEY' is not recognized as an internal or external command,
operable program or batch file.
Yanagisawa.DataLayoutCalibrator.Samples.ParticleIntegrate__1.cpp
[315/675    0s] C_Win_x64_VS2022_VB_MT Library/Bee/artifacts/WinPlayerBuildProgram/cmv89/8xh4058hpcni.obj
'DOSKEY' is not recognized as an internal or external command,
operable program or batch file.
System.Core.cpp
[316/675    0s] C_Win_x64_VS2022_VB_MT Library/Bee/artifacts/WinPlayerBuildProgram/cmv89/k4sj824a4p4n.obj
'DOSKEY' is not recognized as an internal or external command,
operable program or batch file.
Il2CppTypeDefinitions.c
[317/675    0s] C_Win_x64_VS2022_VB_MT Library/Bee/artifacts/WinPlayerBuildProgram/cmv89/wjqy2g07q7z5.obj
'DOSKEY' is not recognized as an internal or external command,
operable program or batch file.
UnityEngine.TerrainModule.cpp
[318/675    0s] C_Win_x64_VS2022_VB_MT Library/Bee/artifacts/WinPlayerBuildProgram/cmv89/jvagnqv1m1bf.obj
'DOSKEY' is not recognized as an internal or external command,
operable program or batch file.
Il2CppCCalculateTypeValues.cpp
[319/675    0s] C_Win_x64_VS2022_VB_MT Library/Bee/artifacts/WinPlayerBuildProgram/cmv89/0ypdv4q8bm5o.obj
'DOSKEY' is not recognized as an internal or external command,
operable program or batch file.
UnityEngine.TextCoreFontEngineModule.cpp
[320/675    0s] C_Win_x64_VS2022_VB_MT Library/Bee/artifacts/WinPlayerBuildProgram/cmv89/w4ai2qwyyb5w.obj
'DOSKEY' is not recognized as an internal or external command,
operable program or batch file.
Yanagisawa.DataLayoutCalibrator__2.cpp
[321/675    0s] C_Win_x64_VS2022_VB_MT Library/Bee/artifacts/WinPlayerBuildProgram/cmv89/mwn5ca2xw4z4.obj
'DOSKEY' is not recognized as an internal or external command,
operable program or batch file.
Il2CppUnresolvedIndirectCallStubs.cpp
[322/675    0s] C_Win_x64_VS2022_VB_MT Library/Bee/artifacts/WinPlayerBuildProgram/cmv89/g98d6yz7rf4v.obj
'DOSKEY' is not recognized as an internal or external command,
operable program or batch file.
UnityEngine.UnityConsentModule.cpp
[323/675    0s] C_Win_x64_VS2022_VB_MT Library/Bee/artifacts/WinPlayerBuildProgram/cmv89/q8jk8jjw2h0q.obj
'DOSKEY' is not recognized as an internal or external command,
operable program or batch file.
GenericMethods__3.cpp
[324/675    0s] C_Win_x64_VS2022_VB_MT Library/Bee/artifacts/WinPlayerBuildProgram/cmv89/78muie8j8kkn.obj
'DOSKEY' is not recognized as an internal or external command,
operable program or batch file.
UnityEngine.AnimationModule.cpp
[325/675    1s] C_Win_x64_VS2022_VB_MT Library/Bee/artifacts/WinPlayerBuildProgram/cmv89/qzpzpbat0xch.obj
'DOSKEY' is not recognized as an internal or external command,
operable program or batch file.
Unity.Burst__1.cpp
[326/675    1s] C_Win_x64_VS2022_VB_MT Library/Bee/artifacts/WinPlayerBuildProgram/cmv89/ujshmfqbet12.obj
'DOSKEY' is not recognized as an internal or external command,
operable program or batch file.
Generics__13.cpp
[327/675    1s] C_Win_x64_VS2022_VB_MT Library/Bee/artifacts/WinPlayerBuildProgram/cmv89/i4iwwzbgtksq.obj
'DOSKEY' is not recognized as an internal or external command,
operable program or batch file.
mscorlib__5.cpp
[328/675    3s] C_Win_x64_VS2022_VB_MT Library/Bee/artifacts/WinPlayerBuildProgram/cmv89/btmj6r5do31r.obj
'DOSKEY' is not recognized as an internal or external command,
operable program or batch file.
Yanagisawa.DataLayoutCalibrator.Benchmark.cpp
[329/675    1s] C_Win_x64_VS2022_VB_MT Library/Bee/artifacts/WinPlayerBuildProgram/cmv89/tvmr02rti37r.obj
'DOSKEY' is not recognized as an internal or external command,
operable program or batch file.
Generics__3.cpp
[330/675    2s] C_Win_x64_VS2022_VB_MT Library/Bee/artifacts/WinPlayerBuildProgram/cmv89/xof8gqxiqwg7.obj
'DOSKEY' is not recognized as an internal or external command,
operable program or batch file.
mscorlib__4.cpp
[331/675    1s] C_Win_x64_VS2022_VB_MT Library/Bee/artifacts/WinPlayerBuildProgram/cmv89/4kwf8uo0vr7r.obj
'DOSKEY' is not recognized as an internal or external command,
operable program or batch file.
GenericMethods__1.cpp
[332/675    1s] C_Win_x64_VS2022_VB_MT Library/Bee/artifacts/WinPlayerBuildProgram/cmv89/pdlu5h732634.obj
'DOSKEY' is not recognized as an internal or external command,
operable program or batch file.
Mono.Security.cpp
[333/675    2s] C_Win_x64_VS2022_VB_MT Library/Bee/artifacts/WinPlayerBuildProgram/cmv89/ng1o6ghi4exk.obj
'DOSKEY' is not recognized as an internal or external command,
operable program or batch file.
Generics__10.cpp
[334/675    0s] C_Win_x64_VS2022_VB_MT Library/Bee/artifacts/WinPlayerBuildProgram/cmv89/z8jqee0yoyzd.obj
'DOSKEY' is not recognized as an internal or external command,
operable program or batch file.
UnityEngine.SubsystemsModule.cpp
[335/675    1s] C_Win_x64_VS2022_VB_MT Library/Bee/artifacts/WinPlayerBuildProgram/cmv89/9qkywk7kza7k.obj
'DOSKEY' is not recognized as an internal or external command,
operable program or batch file.
UnityEngine.AccessibilityModule.cpp
[336/675    1s] C_Win_x64_VS2022_VB_MT Library/Bee/artifacts/WinPlayerBuildProgram/cmv89/0ydkg10mshca.obj
'DOSKEY' is not recognized as an internal or external command,
operable program or batch file.
Generics__6.cpp
[337/675    2s] C_Win_x64_VS2022_VB_MT Library/Bee/artifacts/WinPlayerBuildProgram/cmv89/n8ovngrbgfo9.obj
'DOSKEY' is not recognized as an internal or external command,
operable program or batch file.
Generics__32.cpp
[338/675    2s] C_Win_x64_VS2022_VB_MT Library/Bee/artifacts/WinPlayerBuildProgram/cmv89/qwcu4muezsis.obj
'DOSKEY' is not recognized as an internal or external command,
operable program or batch file.
UnityEngine.TextCoreTextEngineModule.cpp
[339/675    0s] C_Win_x64_VS2022_VB_MT Library/Bee/artifacts/WinPlayerBuildProgram/cmv89/jdjmt85phxus.obj
'DOSKEY' is not recognized as an internal or external command,
operable program or batch file.
Il2CppInteropDataTable.cpp
[340/675    2s] C_Win_x64_VS2022_VB_MT Library/Bee/artifacts/WinPlayerBuildProgram/cmv89/ma6j81y3s77h.obj
'DOSKEY' is not recognized as an internal or external command,
operable program or batch file.
UnityEngine.CoreModule.cpp
[341/675    0s] C_Win_x64_VS2022_VB_MT Library/Bee/artifacts/WinPlayerBuildProgram/cmv89/wdz417k3yb6d.obj
'DOSKEY' is not recognized as an internal or external command,
operable program or batch file.
UnityEngine.ParticleSystemModule.cpp
[342/675    0s] C_Win_x64_VS2022_VB_MT Library/Bee/artifacts/WinPlayerBuildProgram/cmv89/zw55dh5zceoj.obj
'DOSKEY' is not recognized as an internal or external command,
operable program or batch file.
UnityEngine.UIModule.cpp
[343/675    0s] C_Win_x64_VS2022_VB_MT Library/Bee/artifacts/WinPlayerBuildProgram/cmv89/19plw01hjssk.obj
'DOSKEY' is not recognized as an internal or external command,
operable program or batch file.
UnityEngine.XRModule.cpp
[344/675    2s] C_Win_x64_VS2022_VB_MT Library/Bee/artifacts/WinPlayerBuildProgram/cmv89/vqlozjnxamdv.obj
'DOSKEY' is not recognized as an internal or external command,
operable program or batch file.
Generics__21.cpp
[345/675    2s] C_Win_x64_VS2022_VB_MT Library/Bee/artifacts/WinPlayerBuildProgram/cmv89/gmun0qm35qti.obj
'DOSKEY' is not recognized as an internal or external command,
operable program or batch file.
Generics.cpp
[346/675    1s] C_Win_x64_VS2022_VB_MT Library/Bee/artifacts/WinPlayerBuildProgram/cmv89/uc7xaqjhx2xe.obj
'DOSKEY' is not recognized as an internal or external command,
operable program or batch file.
Generics__28.cpp
[347/675    1s] C_Win_x64_VS2022_VB_MT Library/Bee/artifacts/WinPlayerBuildProgram/cmv89/5sgwsa5yzto7.obj
'DOSKEY' is not recognized as an internal or external command,
operable program or batch file.
GenericMethods__2.cpp
[348/675    0s] C_Win_x64_VS2022_VB_MT Library/Bee/artifacts/WinPlayerBuildProgram/cmv89/av1bvmnls6wk.obj
'DOSKEY' is not recognized as an internal or external command,
operable program or batch file.
Il2CppCodeRegistration.cpp
[349/675    2s] C_Win_x64_VS2022_VB_MT Library/Bee/artifacts/WinPlayerBuildProgram/cmv89/1jl78lynyk0k.obj
'DOSKEY' is not recognized as an internal or external command,
operable program or batch file.
Unity.Collections__1.cpp
[350/675    2s] C_Win_x64_VS2022_VB_MT Library/Bee/artifacts/WinPlayerBuildProgram/cmv89/yjvt8x8ngylo.obj
'DOSKEY' is not recognized as an internal or external command,
operable program or batch file.
GenericMethods__7.cpp
[351/675    3s] C_Win_x64_VS2022_VB_MT Library/Bee/artifacts/WinPlayerBuildProgram/cmv89/ui17e46y6jwf.obj
'DOSKEY' is not recognized as an internal or external command,
operable program or batch file.
Generics__20.cpp
[352/675    1s] C_Win_x64_VS2022_VB_MT Library/Bee/artifacts/WinPlayerBuildProgram/cmv89/r79farqr4ztw.obj
'DOSKEY' is not recognized as an internal or external command,
operable program or batch file.
Unity.Burst__2.cpp
[353/675    1s] C_Win_x64_VS2022_VB_MT Library/Bee/artifacts/WinPlayerBuildProgram/cmv89/ebqfgc6qlrjb.obj
'DOSKEY' is not recognized as an internal or external command,
operable program or batch file.
Generics__4.cpp
[354/675    1s] C_Win_x64_VS2022_VB_MT Library/Bee/artifacts/WinPlayerBuildProgram/cmv89/pqal0dpjiygc.obj
'DOSKEY' is not recognized as an internal or external command,
operable program or batch file.
mscorlib__11.cpp
[355/675    1s] C_Win_x64_VS2022_VB_MT Library/Bee/artifacts/WinPlayerBuildProgram/cmv89/b1r3g12mj6n8.obj
'DOSKEY' is not recognized as an internal or external command,
operable program or batch file.
mscorlib__2.cpp
[356/675    1s] C_Win_x64_VS2022_VB_MT Library/Bee/artifacts/WinPlayerBuildProgram/cmv89/qtmcrb7uy45r.obj
'DOSKEY' is not recognized as an internal or external command,
operable program or batch file.
UnityEngine.IMGUIModule.cpp
[357/675    0s] C_Win_x64_VS2022_VB_MT Library/Bee/artifacts/WinPlayerBuildProgram/cmv89/vj04nug3tv96.obj
'DOSKEY' is not recognized as an internal or external command,
operable program or batch file.
Generics__36.cpp
[358/675    1s] C_Win_x64_VS2022_VB_MT Library/Bee/artifacts/WinPlayerBuildProgram/cmv89/jir9a01tq89p.obj
'DOSKEY' is not recognized as an internal or external command,
operable program or batch file.
System.cpp
[359/675    1s] C_Win_x64_VS2022_VB_MT Library/Bee/artifacts/WinPlayerBuildProgram/cmv89/t42bwanlso0q.obj
'DOSKEY' is not recognized as an internal or external command,
operable program or batch file.
UnityEngine.MathematicsModule.cpp
[360/675    2s] C_Win_x64_VS2022_VB_MT Library/Bee/artifacts/WinPlayerBuildProgram/cmv89/8fj3ktdwffw8.obj
'DOSKEY' is not recognized as an internal or external command,
operable program or batch file.
Generics__2.cpp
[361/675    2s] C_Win_x64_VS2022_VB_MT Library/Bee/artifacts/WinPlayerBuildProgram/cmv89/16x00ghlwjtp.obj
'DOSKEY' is not recognized as an internal or external command,
operable program or batch file.
Generics__7.cpp
[362/675    1s] C_Win_x64_VS2022_VB_MT Library/Bee/artifacts/WinPlayerBuildProgram/cmv89/ihpig1s8y2dt.obj
'DOSKEY' is not recognized as an internal or external command,
operable program or batch file.
mscorlib__16.cpp
[363/675    1s] C_Win_x64_VS2022_VB_MT Library/Bee/artifacts/WinPlayerBuildProgram/cmv89/xbbdoispcw48.obj
'DOSKEY' is not recognized as an internal or external command,
operable program or batch file.
GenericMethods__6.cpp
[364/675    1s] C_Win_x64_VS2022_VB_MT Library/Bee/artifacts/WinPlayerBuildProgram/cmv89/pntth1lvlbav.obj
'DOSKEY' is not recognized as an internal or external command,
operable program or batch file.
System__2.cpp
[365/675    1s] C_Win_x64_VS2022_VB_MT Library/Bee/artifacts/WinPlayerBuildProgram/cmv89/r7c576z82f8n.obj
'DOSKEY' is not recognized as an internal or external command,
operable program or batch file.
UnityEngine.TextCoreTextEngineModule__3.cpp
[366/675    1s] C_Win_x64_VS2022_VB_MT Library/Bee/artifacts/WinPlayerBuildProgram/cmv89/8ojta1olqc5f.obj
'DOSKEY' is not recognized as an internal or external command,
operable program or batch file.
Generics__26.cpp
[367/675    0s] C_Win_x64_VS2022_VB_MT Library/Bee/artifacts/WinPlayerBuildProgram/cmv89/a3whxa0sozle.obj
'DOSKEY' is not recognized as an internal or external command,
operable program or batch file.
System__3.cpp
[368/675    0s] C_Win_x64_VS2022_VB_MT Library/Bee/artifacts/WinPlayerBuildProgram/cmv89/td6rjtbqqfeh.obj
'DOSKEY' is not recognized as an internal or external command,
operable program or batch file.
UnityEngine.InputModule.cpp
[369/675    0s] C_Win_x64_VS2022_VB_MT Library/Bee/artifacts/WinPlayerBuildProgram/cmv89/9sdzdll6h3ax.obj
'DOSKEY' is not recognized as an internal or external command,
operable program or batch file.
UnityEngine.AudioModule.cpp
[370/675    0s] C_Win_x64_VS2022_VB_MT Library/Bee/artifacts/WinPlayerBuildProgram/cmv89/xqi056nsui2s.obj
'DOSKEY' is not recognized as an internal or external command,
operable program or batch file.
Unity.Burst.Unsafe.cpp
[371/675    3s] C_Win_x64_VS2022_VB_MT Library/Bee/artifacts/WinPlayerBuildProgram/cmv89/g6ocft1udape.obj
'DOSKEY' is not recognized as an internal or external command,
operable program or batch file.
Generics__22.cpp
[372/675    1s] C_Win_x64_VS2022_VB_MT Library/Bee/artifacts/WinPlayerBuildProgram/cmv89/i8blxzz83wp1.obj
'DOSKEY' is not recognized as an internal or external command,
operable program or batch file.
UnityEngine.InputForUIModule.cpp
[373/675    1s] C_Win_x64_VS2022_VB_MT Library/Bee/artifacts/WinPlayerBuildProgram/cmv89/u5x7o5juttus.obj
'DOSKEY' is not recognized as an internal or external command,
operable program or batch file.
UnityEngine.PropertiesModule.cpp
[374/675    2s] C_Win_x64_VS2022_VB_MT Library/Bee/artifacts/WinPlayerBuildProgram/cmv89/og9b8v79jh5o.obj
'DOSKEY' is not recognized as an internal or external command,
operable program or batch file.
Generics__33.cpp
[375/675    0s] C_Win_x64_VS2022_VB_MT Library/Bee/artifacts/WinPlayerBuildProgram/cmv89/8h1xcmz1lkhv.obj
'DOSKEY' is not recognized as an internal or external command,
operable program or batch file.
UnityEngine.UnityAnalyticsModule.cpp
[376/675    2s] C_Win_x64_VS2022_VB_MT Library/Bee/artifacts/WinPlayerBuildProgram/cmv89/2tchfiwqk0hd.obj
'DOSKEY' is not recognized as an internal or external command,
operable program or batch file.
Generics__24.cpp
[377/675    0s] C_Win_x64_VS2022_VB_MT Library/Bee/artifacts/WinPlayerBuildProgram/cmv89/1k1qnrwf9ova.obj
'DOSKEY' is not recognized as an internal or external command,
operable program or batch file.
Generics__30.cpp
[378/675    0s] C_Win_x64_VS2022_VB_MT Library/Bee/artifacts/WinPlayerBuildProgram/cmv89/2wr955q9b0ii.obj
'DOSKEY' is not recognized as an internal or external command,
operable program or batch file.
UnityEngine.ContentLoadModule.cpp
[379/675    0s] C_Win_x64_VS2022_VB_MT Library/Bee/artifacts/WinPlayerBuildProgram/cmv89/45r9f5bo8qr8.obj
'DOSKEY' is not recognized as an internal or external command,
operable program or batch file.
Unity.Collections.LowLevel.ILSupport.cpp
[380/675    2s] C_Win_x64_VS2022_VB_MT Library/Bee/artifacts/WinPlayerBuildProgram/cmv89/ubgo3e04ptsr.obj
'DOSKEY' is not recognized as an internal or external command,
operable program or batch file.
Generics__35.cpp
[381/675    3s] C_Win_x64_VS2022_VB_MT Library/Bee/artifacts/WinPlayerBuildProgram/cmv89/47p51r7xinyb.obj
'DOSKEY' is not recognized as an internal or external command,
operable program or batch file.
System__1.cpp
[382/675    1s] C_Win_x64_VS2022_VB_MT Library/Bee/artifacts/WinPlayerBuildProgram/cmv89/qfu5wd1760do.obj
'DOSKEY' is not recognized as an internal or external command,
operable program or batch file.
mscorlib__9.cpp
[383/675    0s] C_Win_x64_VS2022_VB_MT Library/Bee/artifacts/WinPlayerBuildProgram/cmv89/bo5s398sjprt.obj
'DOSKEY' is not recognized as an internal or external command,
operable program or batch file.
UnityEngine.UnityAnalyticsCommonModule.cpp
[384/675    0s] C_Win_x64_VS2022_VB_MT Library/Bee/artifacts/WinPlayerBuildProgram/cmv89/v0voytv8xqn5.obj
'DOSKEY' is not recognized as an internal or external command,
operable program or batch file.
UnityEngine.JSONSerializeModule.cpp
[385/675    2s] C_Win_x64_VS2022_VB_MT Library/Bee/artifacts/WinPlayerBuildProgram/cmv89/hhhgs2t6812c.obj
'DOSKEY' is not recognized as an internal or external command,
operable program or batch file.
UnityEngine.AndroidJNIModule.cpp
[386/675    0s] C_Win_x64_VS2022_VB_MT Library/Bee/artifacts/WinPlayerBuildProgram/cmv89/m38pyhugeb0b.obj
'DOSKEY' is not recognized as an internal or external command,
operable program or batch file.
Yanagisawa.DataLayoutCalibrator.Samples.AdditionalWorkloads.cpp
[387/675    1s] C_Win_x64_VS2022_VB_MT Library/Bee/artifacts/WinPlayerBuildProgram/cmv89/9w39ug5juemv.obj
'DOSKEY' is not recognized as an internal or external command,
operable program or batch file.
Generics__27.cpp
[388/675    0s] C_Win_x64_VS2022_VB_MT Library/Bee/artifacts/WinPlayerBuildProgram/cmv89/bvqrvsjg5u81.obj
'DOSKEY' is not recognized as an internal or external command,
operable program or batch file.
UnityEngine.UnityWebRequestModule.cpp
[389/675    4s] C_Win_x64_VS2022_VB_MT Library/Bee/artifacts/WinPlayerBuildProgram/cmv89/h941vlcav0wd.obj
'DOSKEY' is not recognized as an internal or external command,
operable program or batch file.
mscorlib__15.cpp
[390/675    1s] C_Win_x64_VS2022_VB_MT Library/Bee/artifacts/WinPlayerBuildProgram/cmv89/jc3chfsexm95.obj
'DOSKEY' is not recognized as an internal or external command,
operable program or batch file.
mscorlib__6.cpp
[391/675    1s] C_Win_x64_VS2022_VB_MT Library/Bee/artifacts/WinPlayerBuildProgram/cmv89/fjaw0rmppt0q.obj
'DOSKEY' is not recognized as an internal or external command,
operable program or batch file.
Generics__5.cpp
[392/675    1s] C_Win_x64_VS2022_VB_MT Library/Bee/artifacts/WinPlayerBuildProgram/cmv89/8pa3hc8xxla3.obj
'DOSKEY' is not recognized as an internal or external command,
operable program or batch file.
Generics__19.cpp
[393/675    4s] C_Win_x64_VS2022_VB_MT Library/Bee/artifacts/WinPlayerBuildProgram/cmv89/k0fzb73ydzd3.obj
'DOSKEY' is not recognized as an internal or external command,
operable program or batch file.
Il2CppInvokerTable.cpp
[394/675    2s] C_Win_x64_VS2022_VB_MT Library/Bee/artifacts/WinPlayerBuildProgram/cmv89/t5g10sgac8ae.obj
'DOSKEY' is not recognized as an internal or external command,
operable program or batch file.
mscorlib.cpp
[395/675    2s] C_Win_x64_VS2022_VB_MT Library/Bee/artifacts/WinPlayerBuildProgram/cmv89/9pjnbwtlgqtk.obj
'DOSKEY' is not recognized as an internal or external command,
operable program or batch file.
UnityEngine.CoreModule__1.cpp
[396/675    2s] C_Win_x64_VS2022_VB_MT Library/Bee/artifacts/WinPlayerBuildProgram/cmv89/77ym0dxxbdft.obj
'DOSKEY' is not recognized as an internal or external command,
operable program or batch file.
Generics__1.cpp
[397/675    2s] C_Win_x64_VS2022_VB_MT Library/Bee/artifacts/WinPlayerBuildProgram/cmv89/93ot65beb5pj.obj
'DOSKEY' is not recognized as an internal or external command,
operable program or batch file.
Generics__12.cpp
[398/675    1s] C_Win_x64_VS2022_VB_MT Library/Bee/artifacts/WinPlayerBuildProgram/cmv89/zzb7hag93w7a.obj
'DOSKEY' is not recognized as an internal or external command,
operable program or batch file.
UnityEngine.PhysicsCore2DModule.cpp
[399/675    0s] C_Win_x64_VS2022_VB_MT Library/Bee/artifacts/WinPlayerBuildProgram/cmv89/1fndv215rz00.obj
'DOSKEY' is not recognized as an internal or external command,
operable program or batch file.
__Generated.cpp
[400/675    0s] C_Win_x64_VS2022_VB_MT Library/Bee/artifacts/WinPlayerBuildProgram/cmv89/gdobxg0k1tmi.obj
'DOSKEY' is not recognized as an internal or external command,
operable program or batch file.
System.Xml.cpp
[401/675    2s] C_Win_x64_VS2022_VB_MT Library/Bee/artifacts/WinPlayerBuildProgram/cmv89/fzv51o48ghdm.obj
'DOSKEY' is not recognized as an internal or external command,
operable program or batch file.
Generics__14.cpp
[402/675    1s] C_Win_x64_VS2022_VB_MT Library/Bee/artifacts/WinPlayerBuildProgram/cmv89/ecuo2651ieuq.obj
'DOSKEY' is not recognized as an internal or external command,
operable program or batch file.
Unity.Collections.cpp
[403/675    0s] C_Win_x64_VS2022_VB_MT Library/Bee/artifacts/WinPlayerBuildProgram/cmv89/nrw059ns2ueb.obj
'DOSKEY' is not recognized as an internal or external command,
operable program or batch file.
System.Configuration.cpp
[404/675    0s] C_Win_x64_VS2022_VB_MT Library/Bee/artifacts/WinPlayerBuildProgram/cmv89/fql7x5hpg15l.obj
'DOSKEY' is not recognized as an internal or external command,
operable program or batch file.
UnityEngine.AIModule.cpp
[405/675    1s] C_Win_x64_VS2022_VB_MT Library/Bee/artifacts/WinPlayerBuildProgram/cmv89/vwq1hbg0u9nh.obj
'DOSKEY' is not recognized as an internal or external command,
operable program or batch file.
Yanagisawa.DataLayoutCalibrator__1.cpp
[406/675    1s] C_Win_x64_VS2022_VB_MT Library/Bee/artifacts/WinPlayerBuildProgram/cmv89/0xxw0rquzxta.obj
'DOSKEY' is not recognized as an internal or external command,
operable program or batch file.
Il2CppCCalculateFieldValues1.cpp
[407/675    0s] C_Win_x64_VS2022_VB_MT Library/Bee/artifacts/WinPlayerBuildProgram/cmv89/x5zjxlckjigv.obj
'DOSKEY' is not recognized as an internal or external command,
operable program or batch file.
UnityEngine.GridModule.cpp
[408/675    1s] C_Win_x64_VS2022_VB_MT Library/Bee/artifacts/WinPlayerBuildProgram/cmv89/wt1dgcycsclu.obj
'DOSKEY' is not recognized as an internal or external command,
operable program or batch file.
mscorlib__14.cpp
[409/675    1s] C_Win_x64_VS2022_VB_MT Library/Bee/artifacts/WinPlayerBuildProgram/cmv89/qlof1ropgicp.obj
'DOSKEY' is not recognized as an internal or external command,
operable program or batch file.
mscorlib__1.cpp
[410/675    0s] C_Win_x64_VS2022_VB_MT Library/Bee/artifacts/WinPlayerBuildProgram/cmv89/rlz72m4j85ms.obj
'DOSKEY' is not recognized as an internal or external command,
operable program or batch file.
UnityEngine.VFXModule.cpp
[411/675    0s] C_Win_x64_VS2022_VB_MT Library/Bee/artifacts/WinPlayerBuildProgram/cmv89/mt59usk3llbg.obj
'DOSKEY' is not recognized as an internal or external command,
operable program or batch file.
UnityEngine.UIElementsModule.cpp
[412/675    0s] C_Win_x64_VS2022_VB_MT Library/Bee/artifacts/WinPlayerBuildProgram/cmv89/bvq4z655hrym.obj
'DOSKEY' is not recognized as an internal or external command,
operable program or batch file.
Il2CppCCalculateFieldValues.cpp
[413/675    0s] C_Win_x64_VS2022_VB_MT Library/Bee/artifacts/WinPlayerBuildProgram/cmv89/9q2nu8ltjl1k.obj
'DOSKEY' is not recognized as an internal or external command,
operable program or batch file.
UnityEngine.TilemapModule.cpp
[414/675    2s] C_Win_x64_VS2022_VB_MT Library/Bee/artifacts/WinPlayerBuildProgram/cmv89/714cwz9f2vgs.obj
'DOSKEY' is not recognized as an internal or external command,
operable program or batch file.
Generics__9.cpp
[415/675    2s] C_Win_x64_VS2022_VB_MT Library/Bee/artifacts/WinPlayerBuildProgram/cmv89/mm1ogqviz748.obj
'DOSKEY' is not recognized as an internal or external command,
operable program or batch file.
Generics__8.cpp
[416/675    0s] C_Win_x64_VS2022_VB_MT Library/Bee/artifacts/WinPlayerBuildProgram/cmv89/t8zjdq7wcjph.obj
'DOSKEY' is not recognized as an internal or external command,
operable program or batch file.
Yanagisawa.DataLayoutCalibrator.Samples.TransformExport.cpp
[417/675    0s] C_Win_x64_VS2022_VB_MT Library/Bee/artifacts/WinPlayerBuildProgram/cmv89/o42ery4rlfws.obj
'DOSKEY' is not recognized as an internal or external command,
operable program or batch file.
UnityEngine.SharedInternalsModule.cpp
[418/675    2s] C_Win_x64_VS2022_VB_MT Library/Bee/artifacts/WinPlayerBuildProgram/cmv89/na7e22t0uxyj.obj
'DOSKEY' is not recognized as an internal or external command,
operable program or batch file.
Generics__18.cpp
[419/675    1s] C_Win_x64_VS2022_VB_MT Library/Bee/artifacts/WinPlayerBuildProgram/cmv89/c5p1i78gzs8v.obj
'DOSKEY' is not recognized as an internal or external command,
operable program or batch file.
Yanagisawa.DataLayoutCalibrator.cpp
[420/675    1s] C_Win_x64_VS2022_VB_MT Library/Bee/artifacts/WinPlayerBuildProgram/cmv89/4soop4t7blyl.obj
'DOSKEY' is not recognized as an internal or external command,
operable program or batch file.
Yanagisawa.DataLayoutCalibrator.Samples.ParticleIntegrate.cpp
[421/675    1s] C_Win_x64_VS2022_VB_MT Library/Bee/artifacts/WinPlayerBuildProgram/cmv89/bon8ntxt55ba.obj
'DOSKEY' is not recognized as an internal or external command,
operable program or batch file.
GenericMethods__4.cpp
[422/675    1s] C_Win_x64_VS2022_VB_MT Library/Bee/artifacts/WinPlayerBuildProgram/cmv89/yf45rk9g7cmr.obj
'DOSKEY' is not recognized as an internal or external command,
operable program or batch file.
UnityEngine.PhysicsModule.cpp
[423/675    0s] CopyFiles D:/CodexWork/babel-dot-20260915/Artifacts/dot-20260915/player-02/DataLayoutCalibrator_BackUpThisFolder_ButDontShipItWithYourGame/il2cppOutput/UnityEngine.InputForUIModule_CodeGen.c
[424/675    0s] CopyFiles D:/CodexWork/babel-dot-20260915/Artifacts/dot-20260915/player-02/DataLayoutCalibrator_BackUpThisFolder_ButDontShipItWithYourGame/il2cppOutput/UnityEngine.CoreModule__1.cpp
[425/675    0s] CopyFiles D:/CodexWork/babel-dot-20260915/Artifacts/dot-20260915/player-02/DataLayoutCalibrator_BackUpThisFolder_ButDontShipItWithYourGame/il2cppOutput/UnityEngine.PhysicsModule.cpp
[426/675    0s] CopyFiles D:/CodexWork/babel-dot-20260915/Artifacts/dot-20260915/player-02/DataLayoutCalibrator_BackUpThisFolder_ButDontShipItWithYourGame/il2cppOutput/UnityEngine.TerrainModule.cpp
[427/675    0s] CopyFiles D:/CodexWork/babel-dot-20260915/Artifacts/dot-20260915/player-02/DataLayoutCalibrator_BackUpThisFolder_ButDontShipItWithYourGame/il2cppOutput/UnityEngine.TilemapModule.cpp
[428/675    0s] CopyFiles D:/CodexWork/babel-dot-20260915/Artifacts/dot-20260915/player-02/DataLayoutCalibrator_BackUpThisFolder_ButDontShipItWithYourGame/il2cppOutput/UnityEngine.CoreModule__2.cpp
[429/675    0s] CopyFiles D:/CodexWork/babel-dot-20260915/Artifacts/dot-20260915/player-02/DataLayoutCalibrator_BackUpThisFolder_ButDontShipItWithYourGame/il2cppOutput/UnityEngine.ScriptingModule.cpp
[430/675    0s] CopyFiles D:/CodexWork/babel-dot-20260915/Artifacts/dot-20260915/player-02/DataLayoutCalibrator_BackUpThisFolder_ButDontShipItWithYourGame/il2cppOutput/UnityEngine.Physics2DModule.cpp
[431/675    1s] C_Win_x64_VS2022_VB_MT Library/Bee/artifacts/WinPlayerBuildProgram/cmv89/cw7o88ds97sp.obj
'DOSKEY' is not recognized as an internal or external command,
operable program or batch file.
GenericMethods__5.cpp
[432/675    0s] CopyFiles D:/CodexWork/babel-dot-20260915/Artifacts/dot-20260915/player-02/DataLayoutCalibrator_BackUpThisFolder_ButDontShipItWithYourGame/il2cppOutput/UnityEngine.AnimationModule.cpp
[433/675    0s] CopyFiles D:/CodexWork/babel-dot-20260915/Artifacts/dot-20260915/player-02/DataLayoutCalibrator_BackUpThisFolder_ButDontShipItWithYourGame/il2cppOutput/UnityEngine.cpp
[434/675    0s] CopyFiles D:/CodexWork/babel-dot-20260915/Artifacts/dot-20260915/player-02/DataLayoutCalibrator_BackUpThisFolder_ButDontShipItWithYourGame/il2cppOutput/UnityEngine.VFXModule_CodeGen.c
[435/675    0s] CopyFiles D:/CodexWork/babel-dot-20260915/Artifacts/dot-20260915/player-02/DataLayoutCalibrator_BackUpThisFolder_ButDontShipItWithYourGame/il2cppOutput/UnityEngine.UnityConsentModule.cpp
[436/675    0s] CopyFiles D:/CodexWork/babel-dot-20260915/Artifacts/dot-20260915/player-02/DataLayoutCalibrator_BackUpThisFolder_ButDontShipItWithYourGame/il2cppOutput/UnityEngine.SharedInternalsModule.cpp
[437/675    0s] CopyFiles D:/CodexWork/babel-dot-20260915/Artifacts/dot-20260915/player-02/DataLayoutCalibrator_BackUpThisFolder_ButDontShipItWithYourGame/il2cppOutput/UnityEngine.ScriptingModule_CodeGen.c
[438/675    0s] CopyFiles D:/CodexWork/babel-dot-20260915/Artifacts/dot-20260915/player-02/DataLayoutCalibrator_BackUpThisFolder_ButDontShipItWithYourGame/il2cppOutput/UnityEngine.Physics2DModule_CodeGen.c
[439/675    0s] CopyFiles D:/CodexWork/babel-dot-20260915/Artifacts/dot-20260915/player-02/DataLayoutCalibrator_BackUpThisFolder_ButDontShipItWithYourGame/il2cppOutput/UnityEngine.AnimationModule_CodeGen.c
[440/675    0s] CopyFiles D:/CodexWork/babel-dot-20260915/Artifacts/dot-20260915/player-02/DataLayoutCalibrator_BackUpThisFolder_ButDontShipItWithYourGame/il2cppOutput/UnityEngine.UnityWebRequestModule.cpp
[441/675    0s] CopyFiles D:/CodexWork/babel-dot-20260915/Artifacts/dot-20260915/player-02/DataLayoutCalibrator_BackUpThisFolder_ButDontShipItWithYourGame/il2cppOutput/UnityEngine.MarshallingModule_CodeGen.c
[442/675    0s] CopyFiles D:/CodexWork/babel-dot-20260915/Artifacts/dot-20260915/player-02/DataLayoutCalibrator_BackUpThisFolder_ButDontShipItWithYourGame/il2cppOutput/UnityEngine.MathematicsModule_CodeGen.c
[443/675    0s] CopyFiles D:/CodexWork/babel-dot-20260915/Artifacts/dot-20260915/player-02/DataLayoutCalibrator_BackUpThisFolder_ButDontShipItWithYourGame/il2cppOutput/UnityEngine.ContentLoadModule_CodeGen.c
[444/675    0s] CopyFiles D:/CodexWork/babel-dot-20260915/Artifacts/dot-20260915/player-02/DataLayoutCalibrator_BackUpThisFolder_ButDontShipItWithYourGame/il2cppOutput/UnityEngine.AssetBundleModule_CodeGen.c
[445/675    0s] CopyFiles D:/CodexWork/babel-dot-20260915/Artifacts/dot-20260915/player-02/DataLayoutCalibrator_BackUpThisFolder_ButDontShipItWithYourGame/il2cppOutput/UnityEngine.InputLegacyModule_CodeGen.c
[446/675    0s] CopyFiles D:/CodexWork/babel-dot-20260915/Artifacts/dot-20260915/player-02/DataLayoutCalibrator_BackUpThisFolder_ButDontShipItWithYourGame/il2cppOutput/UnityEngine.PhysicsModule_CodeGen.c
[447/675    0s] CopyFiles D:/CodexWork/babel-dot-20260915/Artifacts/dot-20260915/player-02/DataLayoutCalibrator_BackUpThisFolder_ButDontShipItWithYourGame/il2cppOutput/UnityEngine.TerrainModule_CodeGen.c
[448/675    0s] CopyFiles D:/CodexWork/babel-dot-20260915/Artifacts/dot-20260915/player-02/DataLayoutCalibrator_BackUpThisFolder_ButDontShipItWithYourGame/il2cppOutput/UnityEngine.TilemapModule_CodeGen.c
[449/675    0s] CopyFiles D:/CodexWork/babel-dot-20260915/Artifacts/dot-20260915/player-02/DataLayoutCalibrator_BackUpThisFolder_ButDontShipItWithYourGame/il2cppOutput/UnityEngine.PhysicsCore2DModule.cpp
[450/675    0s] CopyFiles D:/CodexWork/babel-dot-20260915/Artifacts/dot-20260915/player-02/DataLayoutCalibrator_BackUpThisFolder_ButDontShipItWithYourGame/il2cppOutput/UnityEngine.TextRenderingModule.cpp
[451/675    0s] CopyFiles D:/CodexWork/babel-dot-20260915/Artifacts/dot-20260915/player-02/DataLayoutCalibrator_BackUpThisFolder_ButDontShipItWithYourGame/il2cppOutput/UnityEngine.JSONSerializeModule.cpp
[452/675    0s] CopyFiles D:/CodexWork/babel-dot-20260915/Artifacts/dot-20260915/player-02/DataLayoutCalibrator_BackUpThisFolder_ButDontShipItWithYourGame/il2cppOutput/UnityEngine.AccessibilityModule.cpp
[453/675    1s] C_Win_x64_VS2022_VB_MT Library/Bee/artifacts/WinPlayerBuildProgram/cmv89/6r9gsxlb0rw4.obj
'DOSKEY' is not recognized as an internal or external command,
operable program or batch file.
UnityEngine.TextCoreTextEngineModule__2.cpp
[454/675    0s] CopyFiles D:/CodexWork/babel-dot-20260915/Artifacts/dot-20260915/player-02/DataLayoutCalibrator_BackUpThisFolder_ButDontShipItWithYourGame/il2cppOutput/UnityEngine.HierarchyCoreModule.cpp
[455/675    0s] CopyFiles D:/CodexWork/babel-dot-20260915/Artifacts/dot-20260915/player-02/DataLayoutCalibrator_BackUpThisFolder_ButDontShipItWithYourGame/il2cppOutput/UnityEngine.GridModule.cpp
[456/675    0s] CopyFiles D:/CodexWork/babel-dot-20260915/Artifacts/dot-20260915/player-02/DataLayoutCalibrator_BackUpThisFolder_ButDontShipItWithYourGame/il2cppOutput/UnityEngine.CoreModule.cpp
[457/675    0s] CopyFiles D:/CodexWork/babel-dot-20260915/Artifacts/dot-20260915/player-02/DataLayoutCalibrator_BackUpThisFolder_ButDontShipItWithYourGame/il2cppOutput/UnityEngine.AudioModule.cpp
[458/675    1s] C_Win_x64_VS2022_VB_MT Library/Bee/artifacts/WinPlayerBuildProgram/cmv89/2u3qmtf3r9m0.obj
'DOSKEY' is not recognized as an internal or external command,
operable program or batch file.
Generics__17.cpp
[459/675    0s] CopyFiles D:/CodexWork/babel-dot-20260915/Artifacts/dot-20260915/player-02/DataLayoutCalibrator_BackUpThisFolder_ButDontShipItWithYourGame/il2cppOutput/Il2CppCCFieldValuesTable.c
[460/675    0s] CopyFiles D:/CodexWork/babel-dot-20260915/Artifacts/dot-20260915/player-02/DataLayoutCalibrator_BackUpThisFolder_ButDontShipItWithYourGame/il2cppOutput/System__2.cpp
[461/675    0s] CopyFiles D:/CodexWork/babel-dot-20260915/Artifacts/dot-20260915/player-02/DataLayoutCalibrator_BackUpThisFolder_ButDontShipItWithYourGame/il2cppOutput/UnityEngine.IMGUIModule.cpp
[462/675    0s] CopyFiles D:/CodexWork/babel-dot-20260915/Artifacts/dot-20260915/player-02/DataLayoutCalibrator_BackUpThisFolder_ButDontShipItWithYourGame/il2cppOutput/UnityEngine.InputModule.cpp
[463/675    0s] CopyFiles D:/CodexWork/babel-dot-20260915/Artifacts/dot-20260915/player-02/DataLayoutCalibrator_BackUpThisFolder_ButDontShipItWithYourGame/il2cppOutput/UnityEngine.VideoModule.cpp
[464/675    0s] CopyFiles D:/CodexWork/babel-dot-20260915/Artifacts/dot-20260915/player-02/DataLayoutCalibrator_BackUpThisFolder_ButDontShipItWithYourGame/il2cppOutput/Il2CppCCalculateFieldValues1.cpp
[465/675    0s] CopyFiles D:/CodexWork/babel-dot-20260915/Artifacts/dot-20260915/player-02/DataLayoutCalibrator_BackUpThisFolder_ButDontShipItWithYourGame/il2cppOutput/Il2CppCCalculateTypeValues.cpp
[466/675    0s] CopyFiles D:/CodexWork/babel-dot-20260915/Artifacts/dot-20260915/player-02/DataLayoutCalibrator_BackUpThisFolder_ButDontShipItWithYourGame/il2cppOutput/Il2CppCCalculateFieldValues.cpp
[467/675    0s] CopyFiles D:/CodexWork/babel-dot-20260915/Artifacts/dot-20260915/player-02/DataLayoutCalibrator_BackUpThisFolder_ButDontShipItWithYourGame/il2cppOutput/mscorlib__14.cpp
[468/675    0s] CopyFiles D:/CodexWork/babel-dot-20260915/Artifacts/dot-20260915/player-02/DataLayoutCalibrator_BackUpThisFolder_ButDontShipItWithYourGame/il2cppOutput/mscorlib__15.cpp
[469/675    0s] CopyFiles D:/CodexWork/babel-dot-20260915/Artifacts/dot-20260915/player-02/DataLayoutCalibrator_BackUpThisFolder_ButDontShipItWithYourGame/il2cppOutput/mscorlib__11.cpp
[470/675    0s] CopyFiles D:/CodexWork/babel-dot-20260915/Artifacts/dot-20260915/player-02/DataLayoutCalibrator_BackUpThisFolder_ButDontShipItWithYourGame/il2cppOutput/mscorlib__10.cpp
[471/675    0s] CopyFiles D:/CodexWork/babel-dot-20260915/Artifacts/dot-20260915/player-02/DataLayoutCalibrator_BackUpThisFolder_ButDontShipItWithYourGame/il2cppOutput/mscorlib__12.cpp
[472/675    0s] CopyFiles D:/CodexWork/babel-dot-20260915/Artifacts/dot-20260915/player-02/DataLayoutCalibrator_BackUpThisFolder_ButDontShipItWithYourGame/il2cppOutput/mscorlib__13.cpp
[473/675    0s] CopyFiles D:/CodexWork/babel-dot-20260915/Artifacts/dot-20260915/player-02/DataLayoutCalibrator_BackUpThisFolder_ButDontShipItWithYourGame/il2cppOutput/mscorlib__17.cpp
[474/675    0s] CopyFiles D:/CodexWork/babel-dot-20260915/Artifacts/dot-20260915/player-02/DataLayoutCalibrator_BackUpThisFolder_ButDontShipItWithYourGame/il2cppOutput/mscorlib__16.cpp
[475/675    0s] CopyFiles D:/CodexWork/babel-dot-20260915/Artifacts/dot-20260915/player-02/DataLayoutCalibrator_BackUpThisFolder_ButDontShipItWithYourGame/il2cppOutput/mscorlib__6.cpp
[476/675    0s] CopyFiles D:/CodexWork/babel-dot-20260915/BenchmarkProject/Library/Bee/artifacts/WinPlayerBuildProgram/il2cppOutput/build/Data/Resources/mscorlib.dll-resources.dat
[477/675    0s] CopyFiles D:/CodexWork/babel-dot-20260915/Artifacts/dot-20260915/player-02/DataLayoutCalibrator_BackUpThisFolder_ButDontShipItWithYourGame/il2cppOutput/mscorlib__2.cpp
[478/675    0s] CopyFiles D:/CodexWork/babel-dot-20260915/Artifacts/dot-20260915/player-02/DataLayoutCalibrator_BackUpThisFolder_ButDontShipItWithYourGame/il2cppOutput/mscorlib__1.cpp
[479/675    0s] CopyFiles D:/CodexWork/babel-dot-20260915/Artifacts/dot-20260915/player-02/DataLayoutCalibrator_BackUpThisFolder_ButDontShipItWithYourGame/il2cppOutput/mscorlib__5.cpp
[480/675    0s] CopyFiles D:/CodexWork/babel-dot-20260915/Artifacts/dot-20260915/player-02/DataLayoutCalibrator_BackUpThisFolder_ButDontShipItWithYourGame/il2cppOutput/mscorlib__4.cpp
[481/675    0s] CopyFiles D:/CodexWork/babel-dot-20260915/Artifacts/dot-20260915/player-02/DataLayoutCalibrator_BackUpThisFolder_ButDontShipItWithYourGame/il2cppOutput/mscorlib__3.cpp
[482/675    0s] CopyFiles D:/CodexWork/babel-dot-20260915/Artifacts/dot-20260915/player-02/DataLayoutCalibrator_BackUpThisFolder_ButDontShipItWithYourGame/il2cppOutput/mscorlib__9.cpp
[483/675    0s] CopyFiles D:/CodexWork/babel-dot-20260915/Artifacts/dot-20260915/player-02/DataLayoutCalibrator_BackUpThisFolder_ButDontShipItWithYourGame/il2cppOutput/mscorlib__8.cpp
[484/675    0s] CopyFiles D:/CodexWork/babel-dot-20260915/Artifacts/dot-20260915/player-02/DataLayoutCalibrator_BackUpThisFolder_ButDontShipItWithYourGame/il2cppOutput/mscorlib__7.cpp
[485/675    0s] CopyFiles D:/CodexWork/babel-dot-20260915/Artifacts/dot-20260915/player-02/DataLayoutCalibrator_BackUpThisFolder_ButDontShipItWithYourGame/il2cppOutput/mscorlib_CodeGen.c
[486/675    0s] CopyFiles D:/CodexWork/babel-dot-20260915/Artifacts/dot-20260915/player-02/DataLayoutCalibrator_BackUpThisFolder_ButDontShipItWithYourGame/il2cppOutput/UnityEngine.UnityAnalyticsCommonModule.cpp
[487/675    0s] CopyFiles D:/CodexWork/babel-dot-20260915/Artifacts/dot-20260915/player-02/DataLayoutCalibrator_BackUpThisFolder_ButDontShipItWithYourGame/il2cppOutput/Yanagisawa.DataLayoutCalibrator.Benchmark_CodeGen.c
[488/675    0s] CopyFiles D:/CodexWork/babel-dot-20260915/Artifacts/dot-20260915/player-02/DataLayoutCalibrator_BackUpThisFolder_ButDontShipItWithYourGame/il2cppOutput/UnityEngine.UnityAnalyticsModule_CodeGen.c
[489/675    0s] CopyFiles D:/CodexWork/babel-dot-20260915/Artifacts/dot-20260915/player-02/DataLayoutCalibrator_BackUpThisFolder_ButDontShipItWithYourGame/il2cppOutput/UnityEngine.ParticleSystemModule_CodeGen.c
[490/675    0s] CopyFiles D:/CodexWork/babel-dot-20260915/Artifacts/dot-20260915/player-02/DataLayoutCalibrator_BackUpThisFolder_ButDontShipItWithYourGame/il2cppOutput/Mono.Security.cpp
[491/675    0s] CopyFiles D:/CodexWork/babel-dot-20260915/Artifacts/dot-20260915/player-02/DataLayoutCalibrator_BackUpThisFolder_ButDontShipItWithYourGame/il2cppOutput/Yanagisawa.DataLayoutCalibrator.Benchmark.cpp
[492/675    0s] CopyFiles D:/CodexWork/babel-dot-20260915/Artifacts/dot-20260915/player-02/DataLayoutCalibrator_BackUpThisFolder_ButDontShipItWithYourGame/il2cppOutput/Il2CppGenericInstDefinitions.c
[493/675    0s] CopyFiles D:/CodexWork/babel-dot-20260915/Artifacts/dot-20260915/player-02/DataLayoutCalibrator_BackUpThisFolder_ButDontShipItWithYourGame/il2cppOutput/Il2CppGenericAdjustorThunkTable.c
[494/675    0s] CopyFiles D:/CodexWork/babel-dot-20260915/Artifacts/dot-20260915/player-02/DataLayoutCalibrator_BackUpThisFolder_ButDontShipItWithYourGame/il2cppOutput/Il2CppGenericMethodPointerTable.c
[495/675    0s] CopyFiles D:/CodexWork/babel-dot-20260915/Artifacts/dot-20260915/player-02/DataLayoutCalibrator_BackUpThisFolder_ButDontShipItWithYourGame/il2cppOutput/System.Runtime.CompilerServices.Unsafe_CodeGen.c
[496/675    0s] CopyFiles D:/CodexWork/babel-dot-20260915/Artifacts/dot-20260915/player-02/DataLayoutCalibrator_BackUpThisFolder_ButDontShipItWithYourGame/il2cppOutput/Mono.Security_CodeGen.c
[497/675    0s] CopyFiles D:/CodexWork/babel-dot-20260915/Artifacts/dot-20260915/player-02/DataLayoutCalibrator_BackUpThisFolder_ButDontShipItWithYourGame/il2cppOutput/Il2CppGenericClassTable.c
[498/675    0s] CopyFiles D:/CodexWork/babel-dot-20260915/Artifacts/dot-20260915/player-02/DataLayoutCalibrator_BackUpThisFolder_ButDontShipItWithYourGame/il2cppOutput/Il2CppGenericMethodTable.c
[499/675    0s] CopyFiles D:/CodexWork/babel-dot-20260915/Artifacts/dot-20260915/player-02/DataLayoutCalibrator_BackUpThisFolder_ButDontShipItWithYourGame/il2cppOutput/Il2CppGenericMethodDefinitions.c
[500/675    0s] CopyFiles D:/CodexWork/babel-dot-20260915/Artifacts/dot-20260915/player-02/DataLayoutCalibrator_BackUpThisFolder_ButDontShipItWithYourGame/il2cppOutput/Il2CppCodeRegistration.cpp
[501/675    0s] CopyFiles D:/CodexWork/babel-dot-20260915/Artifacts/dot-20260915/player-02/DataLayoutCalibrator_BackUpThisFolder_ButDontShipItWithYourGame/il2cppOutput/Il2CppCCTypeValuesTable.c
[502/675    0s] CopyFiles D:/CodexWork/babel-dot-20260915/Artifacts/dot-20260915/player-02/DataLayoutCalibrator_BackUpThisFolder_ButDontShipItWithYourGame/il2cppOutput/Yanagisawa.DataLayoutCalibrator.Samples.AdditionalWorkloads.cpp
[503/675    0s] CopyFiles D:/CodexWork/babel-dot-20260915/Artifacts/dot-20260915/player-02/DataLayoutCalibrator_BackUpThisFolder_ButDontShipItWithYourGame/il2cppOutput/System__1.cpp
[504/675    0s] CopyFiles D:/CodexWork/babel-dot-20260915/Artifacts/dot-20260915/player-02/DataLayoutCalibrator_BackUpThisFolder_ButDontShipItWithYourGame/il2cppOutput/System__3.cpp
[505/675    0s] CopyFiles D:/CodexWork/babel-dot-20260915/Artifacts/dot-20260915/player-02/DataLayoutCalibrator_BackUpThisFolder_ButDontShipItWithYourGame/il2cppOutput/System.Xml.cpp
[506/675    0s] CopyFiles D:/CodexWork/babel-dot-20260915/Artifacts/dot-20260915/player-02/DataLayoutCalibrator_BackUpThisFolder_ButDontShipItWithYourGame/il2cppOutput/Unity.Collections.LowLevel.ILSupport.cpp
[507/675    0s] CopyFiles D:/CodexWork/babel-dot-20260915/Artifacts/dot-20260915/player-02/DataLayoutCalibrator_BackUpThisFolder_ButDontShipItWithYourGame/il2cppOutput/Yanagisawa.DataLayoutCalibrator_CodeGen.c
[508/675    0s] CopyFiles D:/CodexWork/babel-dot-20260915/Artifacts/dot-20260915/player-02/DataLayoutCalibrator_BackUpThisFolder_ButDontShipItWithYourGame/il2cppOutput/UnityEngine.UnityAnalyticsCommonModule_CodeGen.c
[509/675    0s] CopyFiles D:/CodexWork/babel-dot-20260915/Artifacts/dot-20260915/player-02/DataLayoutCalibrator_BackUpThisFolder_ButDontShipItWithYourGame/il2cppOutput/System.Xml_CodeGen.c
[510/675    0s] CopyFiles D:/CodexWork/babel-dot-20260915/Artifacts/dot-20260915/player-02/DataLayoutCalibrator_BackUpThisFolder_ButDontShipItWithYourGame/il2cppOutput/Yanagisawa.DataLayoutCalibrator.Samples.AdditionalWorkloads_CodeGen.c
[511/675    0s] CopyFiles D:/CodexWork/babel-dot-20260915/Artifacts/dot-20260915/player-02/DataLayoutCalibrator_BackUpThisFolder_ButDontShipItWithYourGame/il2cppOutput/UnityEngine.AIModule_CodeGen.c
[512/675    0s] CopyFiles D:/CodexWork/babel-dot-20260915/Artifacts/dot-20260915/player-02/DataLayoutCalibrator_BackUpThisFolder_ButDontShipItWithYourGame/il2cppOutput/UnityEngine.UIModule_CodeGen.c
[513/675    0s] CopyFiles D:/CodexWork/babel-dot-20260915/Artifacts/dot-20260915/player-02/DataLayoutCalibrator_BackUpThisFolder_ButDontShipItWithYourGame/il2cppOutput/UnityEngine.DirectorModule.cpp
[514/675    0s] CopyFiles D:/CodexWork/babel-dot-20260915/Artifacts/dot-20260915/player-02/DataLayoutCalibrator_BackUpThisFolder_ButDontShipItWithYourGame/il2cppOutput/UnityEngine.AIModule.cpp
[515/675    0s] CopyFiles D:/CodexWork/babel-dot-20260915/Artifacts/dot-20260915/player-02/DataLayoutCalibrator_BackUpThisFolder_ButDontShipItWithYourGame/il2cppOutput/UnityEngine.UIModule.cpp
[516/675    0s] CopyFiles D:/CodexWork/babel-dot-20260915/Artifacts/dot-20260915/player-02/DataLayoutCalibrator_BackUpThisFolder_ButDontShipItWithYourGame/il2cppOutput/UnityEngine_CodeGen.c
[517/675    0s] CopyFiles D:/CodexWork/babel-dot-20260915/Artifacts/dot-20260915/player-02/DataLayoutCalibrator_BackUpThisFolder_ButDontShipItWithYourGame/il2cppOutput/UnityEngine.XRModule.cpp
[518/675    1s] C_Win_x64_VS2022_VB_MT Library/Bee/artifacts/WinPlayerBuildProgram/cmv89/jzyho7mljmx7.obj
'DOSKEY' is not recognized as an internal or external command,
operable program or batch file.
GenericMethods__8.cpp
[519/675    0s] CopyFiles D:/CodexWork/babel-dot-20260915/Artifacts/dot-20260915/player-02/DataLayoutCalibrator_BackUpThisFolder_ButDontShipItWithYourGame/il2cppOutput/UnityEngine.XRModule_CodeGen.c
[520/675    0s] CopyFiles D:/CodexWork/babel-dot-20260915/Artifacts/dot-20260915/player-02/DataLayoutCalibrator_BackUpThisFolder_ButDontShipItWithYourGame/il2cppOutput/UnityEngine.UnityAnalyticsModule.cpp
[521/675    0s] CopyFiles D:/CodexWork/babel-dot-20260915/Artifacts/dot-20260915/player-02/DataLayoutCalibrator_BackUpThisFolder_ButDontShipItWithYourGame/il2cppOutput/UnityEngine.DirectorModule_CodeGen.c
[522/675    0s] CopyFiles D:/CodexWork/babel-dot-20260915/Artifacts/dot-20260915/player-02/DataLayoutCalibrator_BackUpThisFolder_ButDontShipItWithYourGame/il2cppOutput/UnityEngine.ParticleSystemModule.cpp
[523/675    0s] CopyFiles D:/CodexWork/babel-dot-20260915/Artifacts/dot-20260915/player-02/DataLayoutCalibrator_BackUpThisFolder_ButDontShipItWithYourGame/il2cppOutput/UnityEngine.MarshallingModule.cpp
[524/675    0s] CopyFiles D:/CodexWork/babel-dot-20260915/Artifacts/dot-20260915/player-02/DataLayoutCalibrator_BackUpThisFolder_ButDontShipItWithYourGame/il2cppOutput/UnityEngine.ContentLoadModule.cpp
[525/675    0s] CopyFiles D:/CodexWork/babel-dot-20260915/Artifacts/dot-20260915/player-02/DataLayoutCalibrator_BackUpThisFolder_ButDontShipItWithYourGame/il2cppOutput/UnityEngine.AssetBundleModule.cpp
[526/675    0s] CopyFiles D:/CodexWork/babel-dot-20260915/Artifacts/dot-20260915/player-02/DataLayoutCalibrator_BackUpThisFolder_ButDontShipItWithYourGame/il2cppOutput/UnityEngine.InputLegacyModule.cpp
[527/675    0s] CopyFiles D:/CodexWork/babel-dot-20260915/Artifacts/dot-20260915/player-02/DataLayoutCalibrator_BackUpThisFolder_ButDontShipItWithYourGame/il2cppOutput/UnityEngine.MathematicsModule.cpp
[528/675    0s] CopyFiles D:/CodexWork/babel-dot-20260915/Artifacts/dot-20260915/player-02/DataLayoutCalibrator_BackUpThisFolder_ButDontShipItWithYourGame/il2cppOutput/UnityEngine.IMGUIModule_CodeGen.c
[529/675    0s] CopyFiles D:/CodexWork/babel-dot-20260915/Artifacts/dot-20260915/player-02/DataLayoutCalibrator_BackUpThisFolder_ButDontShipItWithYourGame/il2cppOutput/UnityEngine.AudioModule_CodeGen.c
[530/675    0s] CopyFiles D:/CodexWork/babel-dot-20260915/Artifacts/dot-20260915/player-02/DataLayoutCalibrator_BackUpThisFolder_ButDontShipItWithYourGame/il2cppOutput/UnityEngine.InputModule_CodeGen.c
[531/675    0s] CopyFiles D:/CodexWork/babel-dot-20260915/Artifacts/dot-20260915/player-02/DataLayoutCalibrator_BackUpThisFolder_ButDontShipItWithYourGame/il2cppOutput/UnityEngine.VideoModule_CodeGen.c
[532/675    0s] CopyFiles D:/CodexWork/babel-dot-20260915/Artifacts/dot-20260915/player-02/DataLayoutCalibrator_BackUpThisFolder_ButDontShipItWithYourGame/il2cppOutput/UnityEngine.CoreModule_CodeGen.c
[533/675    0s] CopyFiles D:/CodexWork/babel-dot-20260915/Artifacts/dot-20260915/player-02/DataLayoutCalibrator_BackUpThisFolder_ButDontShipItWithYourGame/il2cppOutput/UnityEngine.GridModule_CodeGen.c
[534/675    0s] CopyFiles D:/CodexWork/babel-dot-20260915/Artifacts/dot-20260915/player-02/DataLayoutCalibrator_BackUpThisFolder_ButDontShipItWithYourGame/il2cppOutput/UnityEngine.VFXModule.cpp
[535/675    0s] CopyFiles D:/CodexWork/babel-dot-20260915/Artifacts/dot-20260915/player-02/DataLayoutCalibrator_BackUpThisFolder_ButDontShipItWithYourGame/il2cppOutput/UnityEngine.AndroidJNIModule.cpp
[536/675    0s] CopyFiles D:/CodexWork/babel-dot-20260915/Artifacts/dot-20260915/player-02/DataLayoutCalibrator_BackUpThisFolder_ButDontShipItWithYourGame/il2cppOutput/UnityEngine.UIElementsModule.cpp
[537/675    0s] CopyFiles D:/CodexWork/babel-dot-20260915/Artifacts/dot-20260915/player-02/DataLayoutCalibrator_BackUpThisFolder_ButDontShipItWithYourGame/il2cppOutput/UnityEngine.PropertiesModule_CodeGen.c
[538/675    0s] CopyFiles D:/CodexWork/babel-dot-20260915/Artifacts/dot-20260915/player-02/DataLayoutCalibrator_BackUpThisFolder_ButDontShipItWithYourGame/il2cppOutput/UnityEngine.SubsystemsModule.cpp
[539/675    0s] CopyFiles D:/CodexWork/babel-dot-20260915/Artifacts/dot-20260915/player-02/DataLayoutCalibrator_BackUpThisFolder_ButDontShipItWithYourGame/il2cppOutput/UnityEngine.PropertiesModule.cpp
[540/675    0s] CopyFiles D:/CodexWork/babel-dot-20260915/Artifacts/dot-20260915/player-02/DataLayoutCalibrator_BackUpThisFolder_ButDontShipItWithYourGame/il2cppOutput/UnityEngine.AndroidJNIModule_CodeGen.c
[541/675    0s] CopyFiles D:/CodexWork/babel-dot-20260915/Artifacts/dot-20260915/player-02/DataLayoutCalibrator_BackUpThisFolder_ButDontShipItWithYourGame/il2cppOutput/UnityEngine.InputForUIModule.cpp
[542/675    0s] CopyFiles D:/CodexWork/babel-dot-20260915/Artifacts/dot-20260915/player-02/DataLayoutCalibrator_BackUpThisFolder_ButDontShipItWithYourGame/il2cppOutput/UnityEngine.PhysicsCore2DModule_CodeGen.c
[543/675    0s] CopyFiles D:/CodexWork/babel-dot-20260915/Artifacts/dot-20260915/player-02/DataLayoutCalibrator_BackUpThisFolder_ButDontShipItWithYourGame/il2cppOutput/UnityEngine.TextRenderingModule_CodeGen.c
[544/675    0s] CopyFiles D:/CodexWork/babel-dot-20260915/Artifacts/dot-20260915/player-02/DataLayoutCalibrator_BackUpThisFolder_ButDontShipItWithYourGame/il2cppOutput/UnityEngine.JSONSerializeModule_CodeGen.c
[545/675    0s] CopyFiles D:/CodexWork/babel-dot-20260915/Artifacts/dot-20260915/player-02/DataLayoutCalibrator_BackUpThisFolder_ButDontShipItWithYourGame/il2cppOutput/UnityEngine.AccessibilityModule_CodeGen.c
[546/675    0s] CopyFiles D:/CodexWork/babel-dot-20260915/Artifacts/dot-20260915/player-02/DataLayoutCalibrator_BackUpThisFolder_ButDontShipItWithYourGame/il2cppOutput/UnityEngine.HierarchyCoreModule_CodeGen.c
[547/675    0s] CopyFiles D:/CodexWork/babel-dot-20260915/Artifacts/dot-20260915/player-02/DataLayoutCalibrator_BackUpThisFolder_ButDontShipItWithYourGame/il2cppOutput/UnityEngine.AdaptivePerformanceModule.cpp
[548/675    0s] CopyFiles D:/CodexWork/babel-dot-20260915/Artifacts/dot-20260915/player-02/DataLayoutCalibrator_BackUpThisFolder_ButDontShipItWithYourGame/il2cppOutput/Il2CppReversePInvokeWrapperTable.cpp
[549/675    0s] CopyFiles D:/CodexWork/babel-dot-20260915/BenchmarkProject/Library/Bee/artifacts/WinPlayerBuildProgram/il2cppOutput/build/Data/Metadata/global-metadata.dat
[550/675    0s] CopyFiles D:/CodexWork/babel-dot-20260915/Artifacts/dot-20260915/player-02/DataLayoutCalibrator_BackUpThisFolder_ButDontShipItWithYourGame/il2cppOutput/Generics.cpp
[551/675    0s] CopyFiles D:/CodexWork/babel-dot-20260915/Artifacts/dot-20260915/player-02/DataLayoutCalibrator_BackUpThisFolder_ButDontShipItWithYourGame/il2cppOutput/Il2CppTypeDefinitions.c
[552/675    0s] CopyFiles D:/CodexWork/babel-dot-20260915/Artifacts/dot-20260915/player-02/DataLayoutCalibrator_BackUpThisFolder_ButDontShipItWithYourGame/il2cppOutput/UnityEngine.AdaptivePerformanceModule_CodeGen.c
[553/675    0s] CopyFiles D:/CodexWork/babel-dot-20260915/Artifacts/dot-20260915/player-02/DataLayoutCalibrator_BackUpThisFolder_ButDontShipItWithYourGame/il2cppOutput/Generics__29.cpp
[554/675    0s] CopyFiles D:/CodexWork/babel-dot-20260915/Artifacts/dot-20260915/player-02/DataLayoutCalibrator_BackUpThisFolder_ButDontShipItWithYourGame/il2cppOutput/Unity.Scripting.cpp
[555/675    0s] CopyFiles D:/CodexWork/babel-dot-20260915/Artifacts/dot-20260915/player-02/DataLayoutCalibrator_BackUpThisFolder_ButDontShipItWithYourGame/il2cppOutput/Generics__31.cpp
[556/675    0s] CopyFiles D:/CodexWork/babel-dot-20260915/Artifacts/dot-20260915/player-02/DataLayoutCalibrator_BackUpThisFolder_ButDontShipItWithYourGame/il2cppOutput/Generics__14.cpp
[557/675    0s] CopyFiles D:/CodexWork/babel-dot-20260915/Artifacts/dot-20260915/player-02/DataLayoutCalibrator_BackUpThisFolder_ButDontShipItWithYourGame/il2cppOutput/Generics__20.cpp
[558/675    0s] CopyFiles D:/CodexWork/babel-dot-20260915/Artifacts/dot-20260915/player-02/DataLayoutCalibrator_BackUpThisFolder_ButDontShipItWithYourGame/il2cppOutput/Unity.Scripting_CodeGen.c
[559/675    0s] CopyFiles D:/CodexWork/babel-dot-20260915/Artifacts/dot-20260915/player-02/DataLayoutCalibrator_BackUpThisFolder_ButDontShipItWithYourGame/il2cppOutput/Generics__36.cpp
[560/675    0s] CopyFiles D:/CodexWork/babel-dot-20260915/Artifacts/dot-20260915/player-02/DataLayoutCalibrator_BackUpThisFolder_ButDontShipItWithYourGame/il2cppOutput/Generics__23.cpp
[561/675    0s] CopyFiles D:/CodexWork/babel-dot-20260915/Artifacts/dot-20260915/player-02/DataLayoutCalibrator_BackUpThisFolder_ButDontShipItWithYourGame/il2cppOutput/Generics__25.cpp
[562/675    0s] CopyFiles D:/CodexWork/babel-dot-20260915/Artifacts/dot-20260915/player-02/DataLayoutCalibrator_Data/il2cpp_data/Resources/mscorlib.dll-resources.dat
[563/675    0s] CopyFiles D:/CodexWork/babel-dot-20260915/Artifacts/dot-20260915/player-02/DataLayoutCalibrator_BackUpThisFolder_ButDontShipItWithYourGame/il2cppOutput/Generics__19.cpp
[564/675    0s] CopyFiles D:/CodexWork/babel-dot-20260915/Artifacts/dot-20260915/player-02/DataLayoutCalibrator_BackUpThisFolder_ButDontShipItWithYourGame/il2cppOutput/Generics__27.cpp
[565/675    0s] CopyFiles D:/CodexWork/babel-dot-20260915/Artifacts/dot-20260915/player-02/DataLayoutCalibrator_BackUpThisFolder_ButDontShipItWithYourGame/il2cppOutput/Generics__33.cpp
[566/675    0s] CopyFiles D:/CodexWork/babel-dot-20260915/Artifacts/dot-20260915/player-02/DataLayoutCalibrator_BackUpThisFolder_ButDontShipItWithYourGame/il2cppOutput/Generics__15.cpp
[567/675    0s] CopyFiles D:/CodexWork/babel-dot-20260915/Artifacts/dot-20260915/player-02/DataLayoutCalibrator_BackUpThisFolder_ButDontShipItWithYourGame/il2cppOutput/Generics__11.cpp
[568/675    0s] CopyFiles D:/CodexWork/babel-dot-20260915/Artifacts/dot-20260915/player-02/DataLayoutCalibrator_BackUpThisFolder_ButDontShipItWithYourGame/il2cppOutput/Generics__24.cpp
[569/675    0s] CopyFiles D:/CodexWork/babel-dot-20260915/Artifacts/dot-20260915/player-02/DataLayoutCalibrator_BackUpThisFolder_ButDontShipItWithYourGame/il2cppOutput/UnityEngine.UIElementsModule_CodeGen.c
[570/675    0s] CopyFiles D:/CodexWork/babel-dot-20260915/Artifacts/dot-20260915/player-02/DataLayoutCalibrator_BackUpThisFolder_ButDontShipItWithYourGame/il2cppOutput/Generics__32.cpp
[571/675    0s] CopyFiles D:/CodexWork/babel-dot-20260915/Artifacts/dot-20260915/player-02/DataLayoutCalibrator_BackUpThisFolder_ButDontShipItWithYourGame/il2cppOutput/Generics__10.cpp
[572/675    0s] CopyFiles D:/CodexWork/babel-dot-20260915/Artifacts/dot-20260915/player-02/DataLayoutCalibrator_BackUpThisFolder_ButDontShipItWithYourGame/il2cppOutput/Generics__22.cpp
[573/675    0s] CopyFiles D:/CodexWork/babel-dot-20260915/Artifacts/dot-20260915/player-02/DataLayoutCalibrator_BackUpThisFolder_ButDontShipItWithYourGame/il2cppOutput/Generics__13.cpp
[574/675    0s] CopyFiles D:/CodexWork/babel-dot-20260915/Artifacts/dot-20260915/player-02/DataLayoutCalibrator_BackUpThisFolder_ButDontShipItWithYourGame/il2cppOutput/Generics__12.cpp
[575/675    0s] CopyFiles D:/CodexWork/babel-dot-20260915/Artifacts/dot-20260915/player-02/DataLayoutCalibrator_BackUpThisFolder_ButDontShipItWithYourGame/il2cppOutput/Generics__26.cpp
[576/675    0s] CopyFiles D:/CodexWork/babel-dot-20260915/Artifacts/dot-20260915/player-02/DataLayoutCalibrator_BackUpThisFolder_ButDontShipItWithYourGame/il2cppOutput/Generics__34.cpp
[577/675    0s] CopyFiles D:/CodexWork/babel-dot-20260915/Artifacts/dot-20260915/player-02/DataLayoutCalibrator_BackUpThisFolder_ButDontShipItWithYourGame/il2cppOutput/Generics__28.cpp
[578/675    0s] CopyFiles D:/CodexWork/babel-dot-20260915/Artifacts/dot-20260915/player-02/DataLayoutCalibrator_BackUpThisFolder_ButDontShipItWithYourGame/il2cppOutput/Generics__17.cpp
[579/675    0s] CopyFiles D:/CodexWork/babel-dot-20260915/Artifacts/dot-20260915/player-02/DataLayoutCalibrator_BackUpThisFolder_ButDontShipItWithYourGame/il2cppOutput/Generics__30.cpp
[580/675    0s] CopyFiles D:/CodexWork/babel-dot-20260915/Artifacts/dot-20260915/player-02/DataLayoutCalibrator_BackUpThisFolder_ButDontShipItWithYourGame/il2cppOutput/Generics__35.cpp
[581/675    0s] CopyFiles D:/CodexWork/babel-dot-20260915/Artifacts/dot-20260915/player-02/DataLayoutCalibrator_BackUpThisFolder_ButDontShipItWithYourGame/il2cppOutput/Generics__21.cpp
[582/675    0s] CopyFiles D:/CodexWork/babel-dot-20260915/Artifacts/dot-20260915/player-02/DataLayoutCalibrator_BackUpThisFolder_ButDontShipItWithYourGame/il2cppOutput/Generics__16.cpp
[583/675    0s] CopyFiles D:/CodexWork/babel-dot-20260915/Artifacts/dot-20260915/player-02/DataLayoutCalibrator_BackUpThisFolder_ButDontShipItWithYourGame/il2cppOutput/Generics__6.cpp
[584/675    0s] CopyFiles D:/CodexWork/babel-dot-20260915/Artifacts/dot-20260915/player-02/DataLayoutCalibrator_BackUpThisFolder_ButDontShipItWithYourGame/il2cppOutput/Generics__5.cpp
[585/675    0s] CopyFiles D:/CodexWork/babel-dot-20260915/Artifacts/dot-20260915/player-02/DataLayoutCalibrator_BackUpThisFolder_ButDontShipItWithYourGame/il2cppOutput/Generics__1.cpp
[586/675    0s] CopyFiles D:/CodexWork/babel-dot-20260915/Artifacts/dot-20260915/player-02/DataLayoutCalibrator_BackUpThisFolder_ButDontShipItWithYourGame/il2cppOutput/Generics__2.cpp
[587/675    0s] CopyFiles D:/CodexWork/babel-dot-20260915/Artifacts/dot-20260915/player-02/DataLayoutCalibrator_BackUpThisFolder_ButDontShipItWithYourGame/il2cppOutput/Generics__4.cpp
[588/675    0s] CopyFiles D:/CodexWork/babel-dot-20260915/Artifacts/dot-20260915/player-02/DataLayoutCalibrator_BackUpThisFolder_ButDontShipItWithYourGame/il2cppOutput/Generics__3.cpp
[589/675    0s] CopyFiles D:/CodexWork/babel-dot-20260915/Artifacts/dot-20260915/player-02/DataLayoutCalibrator_BackUpThisFolder_ButDontShipItWithYourGame/il2cppOutput/Generics__7.cpp
[590/675    0s] CopyFiles D:/CodexWork/babel-dot-20260915/Artifacts/dot-20260915/player-02/DataLayoutCalibrator_BackUpThisFolder_ButDontShipItWithYourGame/il2cppOutput/Generics__8.cpp
[591/675    0s] CopyFiles D:/CodexWork/babel-dot-20260915/Artifacts/dot-20260915/player-02/DataLayoutCalibrator_BackUpThisFolder_ButDontShipItWithYourGame/il2cppOutput/Generics__9.cpp
[592/675    0s] CopyFiles D:/CodexWork/babel-dot-20260915/Artifacts/dot-20260915/player-02/DataLayoutCalibrator_BackUpThisFolder_ButDontShipItWithYourGame/il2cppOutput/UnityEngine.TextCoreTextEngineModule__1.cpp
[593/675    0s] CopyFiles D:/CodexWork/babel-dot-20260915/Artifacts/dot-20260915/player-02/DataLayoutCalibrator_BackUpThisFolder_ButDontShipItWithYourGame/il2cppOutput/UnityEngine.UnityWebRequestModule_CodeGen.c
[594/675    0s] CopyFiles D:/CodexWork/babel-dot-20260915/Artifacts/dot-20260915/player-02/DataLayoutCalibrator_BackUpThisFolder_ButDontShipItWithYourGame/il2cppOutput/UnityEngine.TextCoreTextEngineModule__2.cpp
[595/675    0s] CopyFiles D:/CodexWork/babel-dot-20260915/Artifacts/dot-20260915/player-02/DataLayoutCalibrator_BackUpThisFolder_ButDontShipItWithYourGame/il2cppOutput/UnityEngine.SharedInternalsModule_CodeGen.c
[596/675    0s] CopyFiles D:/CodexWork/babel-dot-20260915/Artifacts/dot-20260915/player-02/DataLayoutCalibrator_BackUpThisFolder_ButDontShipItWithYourGame/il2cppOutput/UnityEngine.TextCoreTextEngineModule__3.cpp
[597/675    0s] CopyFiles D:/CodexWork/babel-dot-20260915/Artifacts/dot-20260915/player-02/DataLayoutCalibrator_BackUpThisFolder_ButDontShipItWithYourGame/il2cppOutput/Il2CppRgctxTable.c
[598/675    0s] CopyFiles D:/CodexWork/babel-dot-20260915/Artifacts/dot-20260915/player-02/DataLayoutCalibrator_BackUpThisFolder_ButDontShipItWithYourGame/il2cppOutput/Unity.Collections__2.cpp
[599/675    0s] CopyFiles D:/CodexWork/babel-dot-20260915/Artifacts/dot-20260915/player-02/DataLayoutCalibrator_BackUpThisFolder_ButDontShipItWithYourGame/il2cppOutput/Yanagisawa.DataLayoutCalibrator.Samples.ParticleIntegrate__1.cpp
[600/675    0s] CopyFiles D:/CodexWork/babel-dot-20260915/Artifacts/dot-20260915/player-02/DataLayoutCalibrator_BackUpThisFolder_ButDontShipItWithYourGame/il2cppOutput/Unity.Collections__1.cpp
[601/675    0s] CopyFiles D:/CodexWork/babel-dot-20260915/Artifacts/dot-20260915/player-02/DataLayoutCalibrator_BackUpThisFolder_ButDontShipItWithYourGame/il2cppOutput/Unity.Collections.cpp
[602/675    0s] C_Win_x64_VS2022_VB_MT Library/Bee/artifacts/WinPlayerBuildProgram/cmv89/wk26he4jq7it.obj
'DOSKEY' is not recognized as an internal or external command,
operable program or batch file.
UnityEngine.Physics2DModule.cpp
[603/675    0s] CopyFiles D:/CodexWork/babel-dot-20260915/Artifacts/dot-20260915/player-02/DataLayoutCalibrator_BackUpThisFolder_ButDontShipItWithYourGame/il2cppOutput/Generics__18.cpp
[604/675    0s] CopyFiles D:/CodexWork/babel-dot-20260915/Artifacts/dot-20260915/player-02/DataLayoutCalibrator_BackUpThisFolder_ButDontShipItWithYourGame/il2cppOutput/Yanagisawa.DataLayoutCalibrator.Samples.ParticleIntegrate_CodeGen.c
[605/675    0s] CopyFiles D:/CodexWork/babel-dot-20260915/Artifacts/dot-20260915/player-02/DataLayoutCalibrator_BackUpThisFolder_ButDontShipItWithYourGame/il2cppOutput/Yanagisawa.DataLayoutCalibrator.Samples.ExternalWorkloads_CodeGen.c
[606/675    0s] CopyFiles D:/CodexWork/babel-dot-20260915/Artifacts/dot-20260915/player-02/DataLayoutCalibrator_BackUpThisFolder_ButDontShipItWithYourGame/il2cppOutput/Yanagisawa.DataLayoutCalibrator__2.cpp
[607/675    0s] C_Win_x64_VS2022_VB_MT Library/Bee/artifacts/WinPlayerBuildProgram/cmv89/vjwzrb0r598h.obj
'DOSKEY' is not recognized as an internal or external command,
operable program or batch file.
UnityEngine.HierarchyCoreModule.cpp
[608/675    0s] CopyFiles D:/CodexWork/babel-dot-20260915/Artifacts/dot-20260915/player-02/DataLayoutCalibrator_BackUpThisFolder_ButDontShipItWithYourGame/il2cppOutput/Yanagisawa.DataLayoutCalibrator.Samples.ParticleIntegrate.cpp
[609/675    0s] CopyFiles D:/CodexWork/babel-dot-20260915/Artifacts/dot-20260915/player-02/DataLayoutCalibrator_BackUpThisFolder_ButDontShipItWithYourGame/il2cppOutput/System_CodeGen.c
[610/675    0s] CopyFiles D:/CodexWork/babel-dot-20260915/Artifacts/dot-20260915/player-02/DataLayoutCalibrator_BackUpThisFolder_ButDontShipItWithYourGame/il2cppOutput/System.cpp
[611/675    0s] CopyFiles D:/CodexWork/babel-dot-20260915/Artifacts/dot-20260915/player-02/DataLayoutCalibrator_BackUpThisFolder_ButDontShipItWithYourGame/il2cppOutput/GenericMethods__1.cpp
[612/675    0s] CopyFiles D:/CodexWork/babel-dot-20260915/Artifacts/dot-20260915/player-02/DataLayoutCalibrator_BackUpThisFolder_ButDontShipItWithYourGame/il2cppOutput/GenericMethods__7.cpp
[613/675    0s] CopyFiles D:/CodexWork/babel-dot-20260915/Artifacts/dot-20260915/player-02/DataLayoutCalibrator_BackUpThisFolder_ButDontShipItWithYourGame/il2cppOutput/GenericMethods__4.cpp
[614/675    0s] CopyFiles D:/CodexWork/babel-dot-20260915/Artifacts/dot-20260915/player-02/DataLayoutCalibrator_BackUpThisFolder_ButDontShipItWithYourGame/il2cppOutput/GenericMethods__6.cpp
[615/675    0s] CopyFiles D:/CodexWork/babel-dot-20260915/Artifacts/dot-20260915/player-02/DataLayoutCalibrator_BackUpThisFolder_ButDontShipItWithYourGame/il2cppOutput/GenericMethods__5.cpp
[616/675    0s] CopyFiles D:/CodexWork/babel-dot-20260915/Artifacts/dot-20260915/player-02/DataLayoutCalibrator_BackUpThisFolder_ButDontShipItWithYourGame/il2cppOutput/Yanagisawa.DataLayoutCalibrator__1.cpp
[617/675    0s] CopyFiles D:/CodexWork/babel-dot-20260915/Artifacts/dot-20260915/player-02/DataLayoutCalibrator_BackUpThisFolder_ButDontShipItWithYourGame/il2cppOutput/GenericMethods__3.cpp
[618/675    0s] CopyFiles D:/CodexWork/babel-dot-20260915/Artifacts/dot-20260915/player-02/DataLayoutCalibrator_BackUpThisFolder_ButDontShipItWithYourGame/il2cppOutput/GenericMethods__2.cpp
[619/675    0s] CopyFiles D:/CodexWork/babel-dot-20260915/Artifacts/dot-20260915/player-02/DataLayoutCalibrator_BackUpThisFolder_ButDontShipItWithYourGame/il2cppOutput/GenericMethods__8.cpp
[620/675    0s] CopyFiles D:/CodexWork/babel-dot-20260915/Artifacts/dot-20260915/player-02/DataLayoutCalibrator_BackUpThisFolder_ButDontShipItWithYourGame/il2cppOutput/GenericMethods__9.cpp
[621/675    0s] CopyFiles D:/CodexWork/babel-dot-20260915/Artifacts/dot-20260915/player-02/DataLayoutCalibrator_BackUpThisFolder_ButDontShipItWithYourGame/il2cppOutput/Il2CppUnresolvedIndirectCallStubs.cpp
[622/675    0s] CopyFiles D:/CodexWork/babel-dot-20260915/Artifacts/dot-20260915/player-02/DataLayoutCalibrator_BackUpThisFolder_ButDontShipItWithYourGame/il2cppOutput/GenericMethods.cpp
[623/675    0s] CopyFiles D:/CodexWork/babel-dot-20260915/Artifacts/dot-20260915/player-02/DataLayoutCalibrator_BackUpThisFolder_ButDontShipItWithYourGame/il2cppOutput/mscorlib.cpp
[624/675    0s] CopyFiles D:/CodexWork/babel-dot-20260915/Artifacts/dot-20260915/player-02/DataLayoutCalibrator_BackUpThisFolder_ButDontShipItWithYourGame/il2cppOutput/__Generated_CodeGen.c
[625/675    0s] CopyFiles D:/CodexWork/babel-dot-20260915/Artifacts/dot-20260915/player-02/DataLayoutCalibrator_BackUpThisFolder_ButDontShipItWithYourGame/il2cppOutput/__Generated.cpp
[626/675    0s] CopyFiles D:/CodexWork/babel-dot-20260915/Artifacts/dot-20260915/player-02/DataLayoutCalibrator_BackUpThisFolder_ButDontShipItWithYourGame/il2cppOutput/Yanagisawa.DataLayoutCalibrator.cpp
[627/675    0s] CopyFiles D:/CodexWork/babel-dot-20260915/Artifacts/dot-20260915/player-02/DataLayoutCalibrator_BackUpThisFolder_ButDontShipItWithYourGame/il2cppOutput/Yanagisawa.DataLayoutCalibrator.Samples.TransformExport.cpp
[628/675    0s] CopyFiles D:/CodexWork/babel-dot-20260915/Artifacts/dot-20260915/player-02/DataLayoutCalibrator_BackUpThisFolder_ButDontShipItWithYourGame/il2cppOutput/Unity.Collections.LowLevel.ILSupport_CodeGen.c
[629/675    0s] CopyFiles D:/CodexWork/babel-dot-20260915/Artifacts/dot-20260915/player-02/DataLayoutCalibrator_BackUpThisFolder_ButDontShipItWithYourGame/il2cppOutput/Unity.Collections_CodeGen.c
[630/675    0s] CopyFiles D:/CodexWork/babel-dot-20260915/Artifacts/dot-20260915/player-02/DataLayoutCalibrator_BackUpThisFolder_ButDontShipItWithYourGame/il2cppOutput/Yanagisawa.DataLayoutCalibrator.Samples.TransformExport_CodeGen.c
[631/675    0s] CopyFiles D:/CodexWork/babel-dot-20260915/Artifacts/dot-20260915/player-02/DataLayoutCalibrator_BackUpThisFolder_ButDontShipItWithYourGame/il2cppOutput/Unity.Burst.Unsafe_CodeGen.c
[632/675    0s] CopyFiles D:/CodexWork/babel-dot-20260915/Artifacts/dot-20260915/player-02/DataLayoutCalibrator_BackUpThisFolder_ButDontShipItWithYourGame/il2cppOutput/Unity.Burst_CodeGen.c
[633/675    0s] CopyFiles D:/CodexWork/babel-dot-20260915/Artifacts/dot-20260915/player-02/DataLayoutCalibrator_BackUpThisFolder_ButDontShipItWithYourGame/il2cppOutput/Il2CppMetadataRegistration.c
[634/675    0s] CopyFiles D:/CodexWork/babel-dot-20260915/Artifacts/dot-20260915/player-02/DataLayoutCalibrator_BackUpThisFolder_ButDontShipItWithYourGame/il2cppOutput/Il2CppMetadataUsage.c
[635/675    0s] CopyFiles D:/CodexWork/babel-dot-20260915/Artifacts/dot-20260915/player-02/DataLayoutCalibrator_BackUpThisFolder_ButDontShipItWithYourGame/il2cppOutput/Unity.Burst.Unsafe.cpp
[636/675    0s] CopyFiles D:/CodexWork/babel-dot-20260915/Artifacts/dot-20260915/player-02/DataLayoutCalibrator_BackUpThisFolder_ButDontShipItWithYourGame/il2cppOutput/Unity.Burst__2.cpp
[637/675    0s] CopyFiles D:/CodexWork/babel-dot-20260915/Artifacts/dot-20260915/player-02/DataLayoutCalibrator_BackUpThisFolder_ButDontShipItWithYourGame/il2cppOutput/Unity.Burst.cpp
[638/675    0s] CopyFiles D:/CodexWork/babel-dot-20260915/Artifacts/dot-20260915/player-02/DataLayoutCalibrator_BackUpThisFolder_ButDontShipItWithYourGame/il2cppOutput/UnityEngine.SubsystemsModule_CodeGen.c
[639/675    0s] CopyFiles D:/CodexWork/babel-dot-20260915/Artifacts/dot-20260915/player-02/DataLayoutCalibrator_BackUpThisFolder_ButDontShipItWithYourGame/il2cppOutput/UnityEngine.UnityConsentModule_CodeGen.c
[640/675    0s] CopyFiles D:/CodexWork/babel-dot-20260915/Artifacts/dot-20260915/player-02/DataLayoutCalibrator_BackUpThisFolder_ButDontShipItWithYourGame/il2cppOutput/UnityEngine.TextCoreTextEngineModule.cpp
[641/675    0s] CopyFiles D:/CodexWork/babel-dot-20260915/Artifacts/dot-20260915/player-02/DataLayoutCalibrator_BackUpThisFolder_ButDontShipItWithYourGame/il2cppOutput/UnityEngine.TextCoreFontEngineModule.cpp
[642/675    0s] CopyFiles D:/CodexWork/babel-dot-20260915/Artifacts/dot-20260915/player-02/DataLayoutCalibrator_BackUpThisFolder_ButDontShipItWithYourGame/il2cppOutput/Unity.Burst__1.cpp
[643/675    0s] CopyFiles D:/CodexWork/babel-dot-20260915/Artifacts/dot-20260915/player-02/DataLayoutCalibrator_BackUpThisFolder_ButDontShipItWithYourGame/il2cppOutput/System.Runtime.CompilerServices.Unsafe.cpp
[644/675    0s] CopyFiles D:/CodexWork/babel-dot-20260915/Artifacts/dot-20260915/player-02/DataLayoutCalibrator_BackUpThisFolder_ButDontShipItWithYourGame/il2cppOutput/System.Core.cpp
[645/675    0s] CopyFiles D:/CodexWork/babel-dot-20260915/Artifacts/dot-20260915/player-02/DataLayoutCalibrator_BackUpThisFolder_ButDontShipItWithYourGame/il2cppOutput/System.Core_CodeGen.c
[646/675    0s] CopyFiles D:/CodexWork/babel-dot-20260915/Artifacts/dot-20260915/player-02/DataLayoutCalibrator_BackUpThisFolder_ButDontShipItWithYourGame/il2cppOutput/System.Configuration.cpp
[647/675    0s] CopyFiles D:/CodexWork/babel-dot-20260915/Artifacts/dot-20260915/player-02/DataLayoutCalibrator_BackUpThisFolder_ButDontShipItWithYourGame/il2cppOutput/UnityEngine.TextCoreFontEngineModule_CodeGen.c
[648/675    0s] CopyFiles D:/CodexWork/babel-dot-20260915/Artifacts/dot-20260915/player-02/DataLayoutCalibrator_BackUpThisFolder_ButDontShipItWithYourGame/il2cppOutput/UnityEngine.TextCoreTextEngineModule_CodeGen.c
[649/675    0s] CopyFiles D:/CodexWork/babel-dot-20260915/Artifacts/dot-20260915/player-02/DataLayoutCalibrator_BackUpThisFolder_ButDontShipItWithYourGame/il2cppOutput/Il2CppInteropDataTable.cpp
[650/675    0s] CopyFiles D:/CodexWork/babel-dot-20260915/Artifacts/dot-20260915/player-02/DataLayoutCalibrator_BackUpThisFolder_ButDontShipItWithYourGame/il2cppOutput/analytics.json
[651/675    0s] CopyFiles D:/CodexWork/babel-dot-20260915/Artifacts/dot-20260915/player-02/DataLayoutCalibrator_BackUpThisFolder_ButDontShipItWithYourGame/il2cppOutput/Yanagisawa.DataLayoutCalibrator.Samples.ExternalWorkloads.cpp
[652/675    0s] CopyFiles D:/CodexWork/babel-dot-20260915/Artifacts/dot-20260915/player-02/DataLayoutCalibrator_Data/il2cpp_data/Metadata/global-metadata.dat
[653/675    0s] CopyFiles D:/CodexWork/babel-dot-20260915/Artifacts/dot-20260915/player-02/DataLayoutCalibrator_BackUpThisFolder_ButDontShipItWithYourGame/il2cppOutput/Il2CppInvokerTable.cpp
[654/675    0s] CopyFiles D:/CodexWork/babel-dot-20260915/Artifacts/dot-20260915/player-02/DataLayoutCalibrator_BackUpThisFolder_ButDontShipItWithYourGame/il2cppOutput/System.Configuration_CodeGen.c
[           0s] ComputeLeafInputSignature CopyFiles Library/Bee/artifacts/WinPlayerBuildProgram/owmfp/il2cpp.lib [success 6f1598ff2f83374f3c585cae293d9a01]
[656/675    2s] C_Win_x64_VS2022_VB_MT Library/Bee/artifacts/WinPlayerBuildProgram/cmv89/4r60wo6b0alp.obj
'DOSKEY' is not recognized as an internal or external command,
operable program or batch file.
mscorlib__7.cpp
[657/675    0s] C_Win_x64_VS2022_VB_MT Library/Bee/artifacts/WinPlayD:/CodexWork/babel-dot-20260915/BenchmarkProject/Library/PackageCache/com.unity.burst@2f3d916873ea/.Runtime\bcl.exe exited after 11980 ms.
stdout:
Starting 1 library requests
Done
stderr:

erBuildProgram/cmv89/ec6kf4uq0s5a.obj
'DOSKEY' is not recognized as an internal or external command,
operable program or batch file.
Yanagisawa.DataLayoutCalibrator.Samples.ExternalWorkloads.cpp
[658/675    1s] C_Win_x64_VS2022_VB_MT Library/Bee/artifacts/WinPlayerBuildProgram/cmv89/a6d9fn3glmsv.obj
'DOSKEY' is not recognized as an internal or external command,
operable program or batch file.
mscorlib__12.cpp
[659/675   12s] GenerateNativePluginsForAssemblies Library/Bee/artifacts/WinPlayerBuildProgram/AsyncPluginsFromLinker
[660/675    2s] C_Win_x64_VS2022_VB_MT Library/Bee/artifacts/WinPlayerBuildProgram/cmv89/beyp02jfpo9a.obj
'DOSKEY' is not recognized as an internal or external command,
operable program or batch file.
mscorlib__13.cpp
[661/675    1s] C_Win_x64_VS2022_VB_MT Library/Bee/artifacts/WinPlayerBuildProgram/cmv89/c9bk1gjln84n.obj
'DOSKEY' is not recognized as an internal or external command,
operable program or batch file.
mscorlib__3.cpp
[662/675    2s] C_Win_x64_VS2022_VB_MT Library/Bee/artifacts/WinPlayerBuildProgram/cmv89/n9f5uraonotw.obj
'DOSKEY' is not recognized as an internal or external command,
operable program or batch file.
Generics__25.cpp
[663/675    1s] C_Win_x64_VS2022_VB_MT Library/Bee/artifacts/WinPlayerBuildProgram/cmv89/9vc0n5l7m5g8.obj
'DOSKEY' is not recognized as an internal or external command,
operable program or batch file.
Generics__34.cpp
[664/675    1s] C_Win_x64_VS2022_VB_MT Library/Bee/artifacts/WinPlayerBuildProgram/cmv89/1vuanxg94vv2.obj
'DOSKEY' is not recognized as an internal or external command,
operable program or batch file.
UnityEngine.AdaptivePerformanceModule.cpp
[665/675    2s] C_Win_x64_VS2022_VB_MT Library/Bee/artifacts/WinPlayerBuildProgram/cmv89/1mja2dz4n75k.obj
'DOSKEY' is not recognized as an internal or external command,
operable program or batch file.
Generics__16.cpp
[666/675    2s] C_Win_x64_VS2022_VB_MT Library/Bee/artifacts/WinPlayerBuildProgram/cmv89/8v4cmqvf7283.obj
'DOSKEY' is not recognized as an internal or external command,
operable program or batch file.
Generics__11.cpp
[667/675    1s] C_Win_x64_VS2022_VB_MT Library/Bee/artifacts/WinPlayerBuildProgram/cmv89/g7fmm4k7kju1.obj
'DOSKEY' is not recognized as an internal or external command,
operable program or batch file.
Generics__15.cpp
[668/675    4s] C_Win_x64_VS2022_VB_MT Library/Bee/artifacts/WinPlayerBuildProgram/cmv89/lc6sco7dx3kl.obj
'DOSKEY' is not recognized as an internal or external command,
operable program or batch file.
UnityEngine.TextCoreTextEngineModule__1.cpp
[669/675    1s] Link_Win_x64_VS2022_VB_MT Library/Bee/artifacts/WinPlayerBuildProgram/cmv89/GameAssembly.dll (+pdb,lib)
'DOSKEY' is not recognized as an internal or external command,
operable program or batch file.
  正在创建库 Library/Bee/artifacts/WinPlayerBuildProgram/cmv89/GameAssembly.dll.lib 和对象 Library/Bee/artifacts/WinPlayerBuildProgram/cmv89/GameAssembly.dll.exp
[670/675    0s] CopyFiles D:/CodexWork/babel-dot-20260915/Artifacts/dot-20260915/player-02/DataLayoutCalibrator_BackUpThisFolder_ButDontShipItWithYourGame/GameAssembly.pdb
[671/675    0s] CopyFiles D:/CodexWork/babel-dot-20260915/BenchmarkProject/Library/Bee/artifacts/WinPlayerBuildProgram/il2cppOutput/build/GameAssembly.pdb
[672/675    0s] CopyFiles D:/CodexWork/babel-dot-20260915/BenchmarkProject/Library/Bee/artifacts/WinPlayerBuildProgram/il2cppOutput/build/GameAssembly.dll
[673/675    0s] CopyFiles D:/CodexWork/babel-dot-20260915/Artifacts/dot-20260915/player-02/GameAssembly.dll
[           0s] Destroying MsPDBSrv (14.44) 14
[           0s] Destroying Visual Studio Telemetry (VCTIP.EXE)
*** Tundra requires additional run (15.32 seconds), 456 items updated, 675 evaluated
*** Additional run caused by: timestamp change of Library/Bee/artifacts/WinPlayerBuildProgram/AsyncPluginsFromLinker
Starting: D:\CodexWork\babel-dot-20260915\Artifacts\dot-20260915\unity\Editor\Data\netcorerun\netcorerun.exe "D:\CodexWork\babel-dot-20260915\Artifacts\dot-20260915\unity\Editor\Data\PlaybackEngines\WindowsStandaloneSupport\WinPlayerBuildProgram.exe" "D:/CodexWork/babel-dot-20260915/Artifacts/dot-20260915/unity/Editor/Data/PlaybackEngines/WindowsStandaloneSupport/Bee;D:/CodexWork/babel-dot-20260915/Artifacts/dot-20260915/unity/Editor/Data/Tools/BuildPipeline" "Library/Bee/Player2e13a341.dag.json" "Library/Bee/Player2e13a341-inputdata.json" "Library\Bee\buildprogram3.traceevents"
WorkingDir: D:/CodexWork/babel-dot-20260915/BenchmarkProject
ExitCode: 4 Duration: 15s
ExitCode: 0 Duration: 0s562ms
Starting: D:\CodexWork\babel-dot-20260915\Artifacts\dot-20260915\unity\Editor\Data\Tools\BuildPipeline\bee_backend.exe --ipc --dagfile="Library/Bee/Player2e13a341.dag" --dagfilejson="Library\Bee\Player2e13a341.dag.json" --profile="Library/Bee/backend5.traceevents" Player
WorkingDir: D:/CodexWork/babel-dot-20260915/BenchmarkProject
Finished compiling graph: 867 nodes, 2530 flattened edges (2526 ToBuild, 6 ToUse), maximum node priority 2147483647
[667/674    0s] CopyFiles D:/CodexWork/babel-dot-20260915/Artifacts/dot-20260915/player-02/DataLayoutCalibrator_Data/Plugins/x86_64/lib_burst_generated.dll
[           0s] ComputeLeafInputSignature CopyFiles Library/Bee/artifacts/WinPlayerBuildProgram/owmfp/il2cpp.lib [pending dependencies]
[           0s] ComputeLeafInputSignature CopyFiles Library/Bee/artifacts/WinPlayerBuildProgram/owmfp/il2cpp.lib [success 6f1598ff2f83374f3c585cae293d9a01]
*** Tundra build success (0.18 seconds), 1 items updated, 675 evaluated
ExitCode: 0 Duration: 0s200ms
Asset Pipeline Refresh (id=16575d508b069be4e8a737e17968fe42): Total: 0.062 seconds - Initiated by RefreshV2(NoUpdateAssetOptions)

-------------------------------------------------------------------------------
Build Report
Uncompressed usage by category (Percentages based on user generated assets only):
Textures               3.2 mb	 98.8% 
Meshes                 0.0 kb	 0.0% 
Animations             0.0 kb	 0.0% 
Sounds                 0.0 kb	 0.0% 
Shaders                6.8 kb	 0.2% 
Other Assets           3.9 kb	 0.1% 
Levels                 1.0 kb	 0.0% 
File headers           6.0 kb	 0.2% 
Total User Assets      3.2 mb	 100.0% 
Complete build size    385.6 mb
Used Assets and files from the Resources folder, sorted by uncompressed size:
 2.7 mb	 0.7% Built-in Texture2D: Splash Screen Unity Logo
 519.6 kb	 0.1% Resources/unity_builtin_extra
 2.5 kb	 0.0% Assets/Resources/PerformanceTestRunInfo.json
 0.4 kb	 0.0% Built-in Sprite: 
 0.2 kb	 0.0% Packages/com.yanagisawa.data-layout-calibrator/Samples/ParticleIntegrate/Runtime/ParticleMatrixJobs.cs
 0.2 kb	 0.0% Packages/com.yanagisawa.data-layout-calibrator/Samples/ParticleIntegrate/Runtime/ParticleIntegrateScenario.cs
 0.2 kb	 0.0% Packages/com.yanagisawa.data-layout-calibrator/Samples/ParticleIntegrate/Runtime/ParticleMatrixBoundaryJobs.cs
 0.2 kb	 0.0% Packages/com.yanagisawa.data-layout-calibrator/Samples/ParticleIntegrate/Runtime/ParticleBlockExportJobs.cs
 0.2 kb	 0.0% Packages/com.yanagisawa.data-layout-calibrator/Samples/TransformExport/Runtime/TransformExportValidation.cs
 0.2 kb	 0.0% Packages/com.yanagisawa.data-layout-calibrator/Samples/ParticleIntegrate/Runtime/ParticleStateValidation.cs
 0.2 kb	 0.0% Packages/com.yanagisawa.data-layout-calibrator/Samples/ParticleIntegrate/Runtime/ParticleMatrixValidation.cs
 0.2 kb	 0.0% Packages/com.yanagisawa.data-layout-calibrator/Samples/ParticleIntegrate/Runtime/ParticleHotColdStorage.cs
 0.2 kb	 0.0% Packages/com.yanagisawa.data-layout-calibrator/Samples/ParticleIntegrate/Runtime/ParticleCandidateMatrix.cs
 0.2 kb	 0.0% Packages/com.yanagisawa.data-layout-calibrator/Samples/ParticleIntegrate/Runtime/ParticleBoundaryJobs.cs
 0.2 kb	 0.0% Packages/com.yanagisawa.data-layout-calibrator/Samples/TransformExport/Runtime/TransformExportScenario.cs
 0.2 kb	 0.0% Packages/com.yanagisawa.data-layout-calibrator/Samples/TransformExport/Runtime/TransformExportDataSet.cs
 0.2 kb	 0.0% Packages/com.yanagisawa.data-layout-calibrator/Samples/ParticleIntegrate/Runtime/ParticleLayoutDomain.cs
 0.2 kb	 0.0% Packages/com.yanagisawa.data-layout-calibrator/Samples/ParticleIntegrate/Runtime/ParticleColdAccess.cs
 0.2 kb	 0.0% Packages/com.yanagisawa.data-layout-calibrator/Samples/TransformExport/Runtime/TransformPackedExport.cs
 0.2 kb	 0.0% Packages/com.yanagisawa.data-layout-calibrator/Samples/ParticleIntegrate/Runtime/ParticleStorages.cs
 0.2 kb	 0.0% Packages/com.yanagisawa.data-layout-calibrator/Samples/ExternalWorkloads/Runtime/BabelStreamPort.cs
 0.2 kb	 0.0% Packages/com.yanagisawa.data-layout-calibrator/Samples/TransformExport/Runtime/TransformExportRecords.cs
 0.2 kb	 0.0% Packages/com.yanagisawa.data-layout-calibrator/Samples/TransformExport/Runtime/TransformExportJobs.cs
 0.2 kb	 0.0% Packages/com.yanagisawa.data-layout-calibrator/Samples/ParticleIntegrate/Runtime/ParticleRecord.cs
 0.2 kb	 0.0% Packages/com.yanagisawa.data-layout-calibrator/Samples/ParticleIntegrate/Runtime/ParticleJobs.cs
 0.2 kb	 0.0% Packages/com.yanagisawa.data-layout-calibrator/Samples/ParticleIntegrate/Runtime/ParticleDataSet.cs
 0.2 kb	 0.0% Packages/com.yanagisawa.data-layout-calibrator/Samples/ExternalWorkloads/Runtime/LlamaNBodyPort.cs
 0.2 kb	 0.0% Packages/com.yanagisawa.data-layout-calibrator/Samples/AdditionalWorkloads/Runtime/AdditionalWorkloads.cs
 0.2 kb	 0.0% Packages/com.yanagisawa.data-layout-calibrator/Runtime/RegisterCalibrationScenarioFactoryAttribute.cs
 0.2 kb	 0.0% Assets/DataLayoutCalibrator/Runtime/UnityManagedAllocationCounter.cs
 0.2 kb	 0.0% Packages/com.unity.multiplayer.center/Common/IOnboardingSectionAnalyticsProvider.cs
 0.2 kb	 0.0% Assets/DataLayoutCalibrator/Runtime/V05GeneratedScaffoldAotProbe.cs
 0.2 kb	 0.0% Assets/DataLayoutCalibrator/Runtime/ParticleMatrixPlayerProbe.cs
 0.2 kb	 0.0% Assets/DataLayoutCalibrator/Runtime/GeneratedWorkloadValidation.cs
 0.2 kb	 0.0% Packages/com.yanagisawa.data-layout-calibrator/Runtime/WindowsProcessCycleCounterProvider.cs
 0.2 kb	 0.0% Packages/com.yanagisawa.data-layout-calibrator/Runtime/ScientificAdvantageEnvelopeAdapter.cs
 0.2 kb	 0.0% Packages/com.yanagisawa.data-layout-calibrator/Runtime/CalibrationProfileFingerprintBuilder.cs
 0.2 kb	 0.0% Assets/DataLayoutCalibrator/Runtime/UnityAllocationRecorder.cs
 0.2 kb	 0.0% Assets/DataLayoutCalibrator/Runtime/SearchBenchmarkRunner.cs
 0.2 kb	 0.0% Assets/DataLayoutCalibrator/Runtime/LayoutBenchmarkRunner.cs
 0.2 kb	 0.0% Assets/DataLayoutCalibrator/Runtime/ExternalComparisonRunner.cs
 0.2 kb	 0.0% Assets/DataLayoutCalibrator/Runtime/EnvelopeBurstIsaProbe.cs
 0.2 kb	 0.0% Assets/DataLayoutCalibrator/Runtime/EnvelopeBenchmarkRunner.cs
 0.2 kb	 0.0% Assets/DataLayoutCalibrator/Runtime/CpuCounterEvidenceRunner.cs
 0.2 kb	 0.0% Assets/DataLayoutCalibrator/Runtime/BenchmarkSourceIdentity.cs
 0.2 kb	 0.0% Assets/DataLayoutCalibrator/Runtime/BenchmarkConfiguration.cs
 0.2 kb	 0.0% Packages/com.unity.collections/Unity.Collections/GenerateTestsForBurstCompatibilityAttribute.cs
 0.2 kb	 0.0% Assets/DataLayoutCalibrator/Runtime/BabelDotCorrectness.cs
 0.2 kb	 0.0% Packages/com.yanagisawa.data-layout-calibrator/Runtime/GeneratedDataLayoutAttributes.cs
 0.2 kb	 0.0% Packages/com.yanagisawa.data-layout-calibrator/Runtime/AllocationMeasurementContract.cs
 0.2 kb	 0.0% Packages/com.yanagisawa.data-layout-calibrator/Runtime/TimingMeasurementContract.cs
 0.2 kb	 0.0% Packages/com.yanagisawa.data-layout-calibrator/Runtime/ScenarioCalibrationEngine.cs
 0.2 kb	 0.0% Packages/com.yanagisawa.data-layout-calibrator/Runtime/FrozenDeploymentProfileCodec.cs
 0.2 kb	 0.0% Packages/com.yanagisawa.data-layout-calibrator/Runtime/DeploymentProfileResolver.cs
 0.2 kb	 0.0% Packages/com.yanagisawa.data-layout-calibrator/Runtime/DecisionEvidenceStatistics.cs
 0.2 kb	 0.0% Packages/com.yanagisawa.data-layout-calibrator/Runtime/ConservativeLifetimeEnvelope.cs
 0.2 kb	 0.0% Packages/com.yanagisawa.data-layout-calibrator/Runtime/CandidateDefinitionProtocol.cs
 0.2 kb	 0.0% Packages/com.yanagisawa.data-layout-calibrator/Runtime/CalibrationProfileMigration.cs
 0.1 kb	 0.0% Packages/com.yanagisawa.data-layout-calibrator/Runtime/ScenarioEnvelopeMeasurement.cs
 0.1 kb	 0.0% Packages/com.yanagisawa.data-layout-calibrator/Runtime/ManagedAllocationCounter.cs
 0.1 kb	 0.0% Packages/com.yanagisawa.data-layout-calibrator/Runtime/FrozenDeploymentProfileStore.cs
 0.1 kb	 0.0% Packages/com.yanagisawa.data-layout-calibrator/Runtime/AdvantageEnvelopeModels.cs
 0.1 kb	 0.0% Packages/com.yanagisawa.data-layout-calibrator/Runtime/ScenarioSearchComparison.cs
 0.1 kb	 0.0% Packages/com.yanagisawa.data-layout-calibrator/Runtime/DeploymentProfileModels.cs
 0.1 kb	 0.0% Packages/com.yanagisawa.data-layout-calibrator/Runtime/AdvantageEnvelopeEngine.cs
 0.1 kb	 0.0% Packages/com.unity.multiplayer.center/Common/SelectedSolutionsData.cs
 0.1 kb	 0.0% Packages/com.unity.collections/Unity.Collections/UnsafeParallelHashSetExtensions.gen.cs
 0.1 kb	 0.0% Packages/com.unity.collections/Unity.Collections/UnsafeParallelHashMap.cs
 0.1 kb	 0.0% Packages/com.yanagisawa.data-layout-calibrator/Runtime/MeasurementDesign.cs
 0.1 kb	 0.0% Packages/com.yanagisawa.data-layout-calibrator/Runtime/AdaptiveElimination.cs
 0.1 kb	 0.0% Packages/com.unity.collections/Unity.Collections/UnsafeNotBurstCompatible.cs
 0.1 kb	 0.0% Packages/com.yanagisawa.data-layout-calibrator/Runtime/CounterEvidence.cs
 0.1 kb	 0.0% Packages/com.yanagisawa.data-layout-calibrator/Runtime/CandidatePolicies.cs
 0.1 kb	 0.0% Packages/com.yanagisawa.data-layout-calibrator/Runtime/CalibrationProtocols.cs
 0.1 kb	 0.0% Packages/com.yanagisawa.data-layout-calibrator/Runtime/BenchmarkStatistics.cs
 0.1 kb	 0.0% Packages/com.unity.multiplayer.center/Common/IOnboardingSection.cs
 0.1 kb	 0.0% Packages/com.unity.collections/Unity.Collections/UnsafeScratchAllocator.cs
 0.1 kb	 0.0% Packages/com.unity.collections/Unity.Collections/NativeParallelHashMapExtensions.cs
 0.1 kb	 0.0% Packages/com.yanagisawa.data-layout-calibrator/Runtime/BenchmarkModels.cs
 0.1 kb	 0.0% Packages/com.unity.multiplayer.center/Common/StyleConstants.cs
 0.1 kb	 0.0% Packages/com.unity.collections/Unity.Collections/UnsafeAtomicCounter.cs
 0.1 kb	 0.0% Packages/com.yanagisawa.data-layout-calibrator/Runtime/LayoutSelection.cs
 0.1 kb	 0.0% Packages/com.unity.collections/Unity.Collections/UnsafeUtilityEx.cs
 0.1 kb	 0.0% Packages/com.unity.collections/Unity.Collections/UnsafeAppendBuffer.cs
 0.1 kb	 0.0% Packages/com.unity.collections/Unity.Collections/NativeParallelHashSetExtensions.gen.cs
 0.1 kb	 0.0% Packages/com.unity.collections/Unity.Collections/Jobs/RegisterGenericJobTypeAttribute.cs
 0.1 kb	 0.0% Packages/com.unity.collections/Unity.Collections/DoubleRewindableAllocators.cs
 0.1 kb	 0.0% Packages/com.unity.collections/Unity.Collections/DataStreamExtensions.cs
 0.1 kb	 0.0% Packages/com.unity.collections/Unity.Collections/NativeNotBurstCompatible.cs
 0.1 kb	 0.0% Packages/com.unity.multiplayer.center/Common/AnswerData.cs
 0.1 kb	 0.0% Packages/com.unity.collections/Unity.Collections/UnsafeBitArray.cs
 0.1 kb	 0.0% Packages/com.unity.collections/Unity.Collections/UTF8ArrayUnsafeUtility.cs
 0.1 kb	 0.0% Packages/com.unity.collections/Unity.Collections/StreamCompressionModel.cs
 0.1 kb	 0.0% Packages/com.unity.collections/Unity.Collections/NativeArrayExtensions.cs
 0.1 kb	 0.0% Packages/com.unity.collections/Unity.Collections/FixedStringInternalMethods.cs
 0.1 kb	 0.0% Packages/com.unity.collections/Unity.Collections/FixedStringFormatMethods.gen.cs
 0.1 kb	 0.0% Packages/com.unity.burst/Runtime/CompilerServices/SkipLocalsInitAttribute.cs
 0.1 kb	 0.0% Packages/com.unity.burst/Runtime/CompilerServices/IgnoreWarningAttribute.cs
 0.1 kb	 0.0% Packages/com.unity.collections/Unity.Collections/UnsafeList.cs
 0.1 kb	 0.0% Packages/com.unity.collections/Unity.Collections/FixedStringParseMethods.cs
 0.1 kb	 0.0% Packages/com.unity.collections/Unity.Collections/FixedStringAppendMethods.cs
 0.1 kb	 0.0% Packages/com.unity.collections/Unity.Collections/UnsafeText.cs
 0.1 kb	 0.0% Packages/com.unity.collections/Unity.Collections/UnsafeStream.cs
 0.1 kb	 0.0% Packages/com.unity.collections/Unity.Collections/RewindableAllocator.cs
 0.1 kb	 0.0% Packages/com.unity.collections/Unity.Collections/FixedStringMethods.cs
 0.1 kb	 0.0% Packages/com.unity.collections/Unity.Collections/AutoFreeAllocator.cs
 0.1 kb	 0.0% Packages/com.unity.burst/Runtime/CompilerServices/AssumeRangeAttribute.cs
 0.1 kb	 0.0% Packages/com.unity.collections/Unity.Collections/UnsafeQueue.cs
 0.1 kb	 0.0% Packages/com.unity.collections/Unity.Collections/NativeHashMap.cs
 0.1 kb	 0.0% Packages/com.unity.collections/Unity.Collections/FixedStringFormat.gen.cs
 0.1 kb	 0.0% Packages/com.unity.collections/Unity.Collections/FixedString.gen.cs
 0.1 kb	 0.0% Packages/com.unity.collections/Unity.Collections/xxHash3.StreamingState.cs
 0.1 kb	 0.0% Packages/com.unity.collections/Unity.Collections/NativeSort.cs
 0.1 kb	 0.0% Packages/com.unity.collections/Unity.Collections/NativeBitArray.cs
 0.1 kb	 0.0% Packages/com.unity.collections/Unity.Collections/ListExtensions.cs
 0.1 kb	 0.0% Packages/com.unity.collections/Unity.Collections/Jobs/IJobParallelForDefer.cs
 0.1 kb	 0.0% Packages/com.unity.collections/Unity.Collections/Jobs/IJobParallelForBatch.cs
 0.1 kb	 0.0% Packages/com.unity.collections/Unity.Collections/FixedStringUtils.cs
 0.1 kb	 0.0% Packages/com.unity.collections/Unity.Collections/DataStreamWriter.cs
 0.1 kb	 0.0% Packages/com.unity.collections/Unity.Collections/DataStreamReader.cs
 0.1 kb	 0.0% Packages/com.unity.collections/Unity.Collections/ConcurrentMask.cs
 0.1 kb	 0.0% Packages/com.unity.collections/Unity.Collections/CollectionHelper.cs
 0.1 kb	 0.0% Packages/com.unity.collections/Unity.Collections/AllocatorManager.cs
 0.1 kb	 0.0% Packages/com.unity.burst/Runtime/SafeStringArrayHelper.cs
 0.1 kb	 0.0% Packages/com.unity.burst/Runtime/Editor/BurstEditorOptions.cs
 0.1 kb	 0.0% Packages/com.unity.burst/Runtime/Editor/BurstCompileTarget.cs
 0.1 kb	 0.0% Packages/com.unity.burst/Runtime/Editor/BurstAssemblyDisable.cs
 0.1 kb	 0.0% Packages/com.unity.burst/Runtime/BurstCompileAttribute.cs
 0.1 kb	 0.0% Packages/com.unity.collections/Unity.Collections/NativeText.gen.cs
 0.1 kb	 0.0% Packages/com.unity.collections/Unity.Collections/FixedList.gen.cs
 0.1 kb	 0.0% Packages/com.unity.collections/Unity.Collections/UIntFloat.cs
 0.1 kb	 0.0% Packages/com.unity.collections/Unity.Collections/NativeStream.cs
 0.1 kb	 0.0% Packages/com.unity.collections/Unity.Collections/Jobs/EarlyInitHelpers.cs
 0.1 kb	 0.0% Packages/com.unity.burst/Runtime/Intrinsics/SimdDebugViews.cs
 0.1 kb	 0.0% Packages/com.unity.burst/Runtime/Editor/BurstReflection.cs
 0.1 kb	 0.0% Packages/com.unity.burst/Runtime/BurstCompilerOptions.cs
 0.1 kb	 0.0% Packages/com.unity.collections/Unity.Collections/xxHash3.AVX2.cs
 0.1 kb	 0.0% Packages/com.unity.burst/Runtime/Intrinsics/Arm/NEON_AArch64_rdma.cs
 0.1 kb	 0.0% Packages/com.unity.burst/Runtime/Intrinsics/Arm/NEON_AArch64_dotprod.cs
 0.1 kb	 0.0% Packages/com.unity.burst/Runtime/Intrinsics/Arm/NEON_AArch64_crypto.cs
 0.1 kb	 0.0% Packages/com.unity.collections/Unity.Collections/xxHash3.cs
 0.1 kb	 0.0% Packages/com.unity.collections/Unity.Collections/Unicode.cs
 0.1 kb	 0.0% Packages/com.unity.collections/Unity.Collections/Memory.cs
 0.1 kb	 0.0% Packages/com.unity.collections/Unity.Collections/Jobs/IJobFilter.cs
 0.1 kb	 0.0% Packages/com.unity.collections/Unity.Collections/BitField.cs
 0.1 kb	 0.0% Packages/com.unity.burst/Runtime/NoAliasAttribute.cs
 0.1 kb	 0.0% Packages/com.unity.burst/Runtime/FunctionPointer.cs
 0.1 kb	 0.0% Packages/com.unity.burst/Runtime/Editor/BurstLoader.cs
 0.1 kb	 0.0% Packages/com.unity.burst/Runtime/CompilerServices/Constant.cs
 0.1 kb	 0.0% Packages/com.unity.burst/Runtime/CompilerServices/Aliasing.cs
 0.1 kb	 0.0% Packages/com.unity.burst/Runtime/BurstString.Float.cs
 0.1 kb	 0.0% Packages/com.unity.burst/Runtime/BurstCompiler.cs
 0.1 kb	 0.0% Packages/com.unity.burst/Runtime/Intrinsics/Common.cs
 0.1 kb	 0.0% Packages/com.unity.burst/Runtime/Intrinsics/Arm/NEON_ctor.cs
 0.1 kb	 0.0% Packages/com.unity.burst/Runtime/Intrinsics/Arm/NEON_AArch64.cs
 0.1 kb	 0.0% Packages/com.unity.burst/Runtime/SharedStatic.cs
 0.1 kb	 0.0% Packages/com.unity.burst/Runtime/Intrinsics/x86/Ssse3.cs
 0.1 kb	 0.0% Packages/com.unity.burst/Runtime/Intrinsics/x86/Sse4_2.cs
 0.1 kb	 0.0% Packages/com.unity.burst/Runtime/Intrinsics/x86/Sse4_1.cs
 0.1 kb	 0.0% Packages/com.unity.burst/Runtime/Intrinsics/x86/Popcnt.cs
 0.1 kb	 0.0% Packages/com.unity.burst/Runtime/Intrinsics/x86/Common.cs
 0.1 kb	 0.0% Packages/com.unity.burst/Runtime/CompilerServices/Hint.cs
 0.1 kb	 0.0% Packages/com.unity.burst/Runtime/BurstString.cs
 0.1 kb	 0.0% Packages/com.unity.burst/Runtime/BurstRuntime.cs
 0.1 kb	 0.0% Packages/com.unity.burst/Runtime/Intrinsics/x86/Sse3.cs
 0.1 kb	 0.0% Packages/com.unity.burst/Runtime/Intrinsics/x86/Sse2.cs
 0.1 kb	 0.0% Packages/com.unity.burst/Runtime/Intrinsics/x86/Sse.cs
 0.1 kb	 0.0% Packages/com.unity.burst/Runtime/Intrinsics/x86/Fma.cs
 0.1 kb	 0.0% Packages/com.unity.burst/Runtime/Intrinsics/x86/F16C.cs
 0.1 kb	 0.0% Packages/com.unity.burst/Runtime/Intrinsics/x86/Csr.cs
 0.1 kb	 0.0% Packages/com.unity.burst/Runtime/Intrinsics/x86/Bmi2.cs
 0.1 kb	 0.0% Packages/com.unity.burst/Runtime/Intrinsics/x86/Bmi1.cs
 0.1 kb	 0.0% Packages/com.unity.burst/Runtime/Intrinsics/x86/Avx2.cs
 0.1 kb	 0.0% Packages/com.unity.burst/Runtime/Intrinsics/x86/Avx.cs
 0.1 kb	 0.0% Packages/com.unity.burst/Runtime/Intrinsics/v64.cs
 0.1 kb	 0.0% Packages/com.unity.burst/Runtime/Intrinsics/v256.cs
 0.1 kb	 0.0% Packages/com.unity.burst/Runtime/Intrinsics/v128.cs
 0.1 kb	 0.0% Packages/com.unity.burst/Runtime/Intrinsics/Arm/NEON.cs
 0.1 kb	 0.0% Assets/Resources/PerformanceTestRunSettings.json
-------------------------------------------------------------------------------
Unloading 0 Unused Serialized files (Serialized files now loaded: 0)
Unloading 19 unused Assets / (3.1 KB). Loaded Objects now: 1698.
Memory consumption went from 266.7 MB to 266.7 MB.
Total: 4.377400 ms (FindLiveObjects: 0.084300 ms CreateObjectMapping: 0.052300 ms MarkObjects: 4.178200 ms  DeleteObjects: 0.061600 ms)

DisplayProgressNotification: Build Successful
Build Finished, Result: Success.
##utp:{"success":true,"type":"PlayerBuildInfo","version":2,"phase":"Immediate","time":1789448271879,"processId":49544,"steps":[{"description":"Preprocess Player","duration":15},{"description":"Prepare For Build","duration":5},{"description":"ProducePlayerScriptAssemblies","duration":7355},{"description":"Verify Build setup","duration":12},{"description":"Prepare assets for target platform","duration":0},{"description":"Prepare splash screen","duration":19},{"description":"Build scripts DLLs","duration":22},{"description":"Building scenes","duration":103},{"description":"Build GlobalGameManagers file","duration":177},{"description":"Writing asset files","duration":286},{"description":"Building Resources/unity_builtin_extra","duration":1388},{"description":"Write data build dirty tracking information","duration":13},{"description":"Postprocess built player","duration":27307}],"duration":36702}
Unloading 0 Unused Serialized files (Serialized files now loaded: 0)
Loaded scene 'Temp/__Backupscenes/0.backup'
	Deserialize:            0.451 ms
	Integration:            75.349 ms
	Integration of assets:  0.001 ms
	Thread Wait Time:       0.029 ms
	Total Operation Time:   75.831 ms
Unloading 0 unused Assets / (0.8 KB). Loaded Objects now: 1692.
Memory consumption went from 266.6 MB to 266.6 MB.
Total: 4.158700 ms (FindLiveObjects: 0.090400 ms CreateObjectMapping: 0.056900 ms MarkObjects: 4.004600 ms  DeleteObjects: 0.005600 ms)

Total cache size 352269989
Windows x64 il2cpp-formal build succeeded: 'D:/CodexWork/babel-dot-20260915/Artifacts/dot-20260915/player-02/DataLayoutCalibrator.exe', size=404355500 bytes, duration=00:00:36.9690667.
UnityEngine.Debug:ExtractStackTraceNoAlloc (byte*,int,string)
UnityEngine.StackTraceUtility:ExtractStackTrace ()
UnityEngine.DebugLogHandler:Internal_Log (UnityEngine.LogType,UnityEngine.LogOption,string,UnityEngine.Object)
UnityEngine.DebugLogHandler:LogFormat (UnityEngine.LogType,UnityEngine.Object,string,object[])
UnityEngine.Logger:Log (UnityEngine.LogType,object)
UnityEngine.Debug:Log (object)
Yanagisawa.DataLayoutCalibrator.Benchmark.Editor.DataLayoutCalibratorBuild:BuildWindowsX64 (UnityEditor.ScriptingImplementation,string) (at Assets/DataLayoutCalibrator/Editor/DataLayoutCalibratorBuild.cs:162)
Yanagisawa.DataLayoutCalibrator.Benchmark.Editor.DataLayoutCalibratorBuild:BuildWindowsIl2CppFormal () (at Assets/DataLayoutCalibrator/Editor/DataLayoutCalibratorBuild.cs:69)

(Filename: Assets/DataLayoutCalibrator/Editor/DataLayoutCalibratorBuild.cs Line: 162)

Batchmode quit successfully invoked - shutting down!
[Physics::Module] Cleanup current backend.
[Physics::Module] Id: 0xf2b8ea05
Input System module state changed to: ShutdownInProgress.
Input Polling Thread exited.
Input System module state changed to: Shutdown.
[Licensing::IpcConnector] LicenseClient-cgliu-notifications channel disconnected successfully.
[Licensing::IpcConnector] LicenseClient-cgliu channel disconnected successfully.
Total cache size after purge 268433705, took 00:00:00.9219189
Shut down.
Lingering sessions upon destruction of worker manager
AcceleratorClientConnectionCallback - disconnected - :0
Cleanup mono
CodeReloadManager destroyed
abort_threads: Failed aborting id: 000000000000CD18, mono_thread_manage will ignore it

abort_threads: Failed aborting id: 00000000000061C8, mono_thread_manage will ignore it

abort_threads: Failed aborting id: 000000000000CD18, mono_thread_manage will ignore it

abort_threads: Failed aborting id: 00000000000061C8, mono_thread_manage will ignore it

debugger-agent: Unable to listen on 3476
Exiting batchmode successfully now!
Exiting without the bug reporter. Application will terminate with return code 0